rec_id,city,budget,purpose,focus,car_id,car_name,brand_name,energy_type,price,category,range,power,rank,match_score
1,北京,5-10万,通勤,"续航,动力,性价比,空间",15,逸动PLUS,长安,燃油,92400,轿车,0,118.0,1,9.13
2,北京,5-10万,通勤,"续航,动力,性价比,空间",58,T03,零跑,纯电动,79800,轿车,403.0,95.0,2,8.4
3,北京,5-10万,通勤,"续航,动力,性价比,空间",61,S,哪吒,纯电动,79800,轿车,318.0,70.0,3,7.86
4,北京,5-10万,通勤,"续航,动力,性价比,空间",64,AYA,哪吒,纯电动,74800,轿车,318.0,70.0,4,7.7
5,北京,5-10万,家用,"价格,空间,续航,舒适性",15,逸动PLUS,长安,燃油,92400,轿车,0,118.0,1,8.9
6,北京,5-10万,家用,"价格,空间,续航,舒适性",58,T03,零跑,纯电动,79800,轿车,403.0,95.0,2,8.39
7,北京,5-10万,家用,"价格,空间,续航,舒适性",61,S,哪吒,纯电动,79800,轿车,318.0,70.0,3,8.06
8,北京,5-10万,家用,"价格,空间,续航,舒适性",64,AYA,哪吒,纯电动,74800,轿车,318.0,70.0,4,7.39
9,北京,5-10万,商务,"价格,动力,续航,性价比",15,逸动PLUS,长安,燃油,92400,轿车,0,118.0,1,9.14
10,北京,5-10万,商务,"价格,动力,续航,性价比",58,T03,零跑,纯电动,79800,轿车,403.0,95.0,2,8.49
11,北京,5-10万,商务,"价格,动力,续航,性价比",61,S,哪吒,纯电动,79800,轿车,318.0,70.0,3,7.98
12,北京,5-10万,商务,"价格,动力,续航,性价比",64,AYA,哪吒,纯电动,74800,轿车,318.0,70.0,4,7.52
13,北京,5-10万,长途,"空间,性价比,续航,智能化",58,T03,零跑,纯电动,79800,轿车,403.0,95.0,1,9.03
14,北京,5-10万,长途,"空间,性价比,续航,智能化",61,S,哪吒,纯电动,79800,轿车,318.0,70.0,2,8.55
15,北京,5-10万,长途,"空间,性价比,续航,智能化",64,AYA,哪吒,纯电动,74800,轿车,318.0,70.0,3,8.16
16,北京,5-10万,长途,"空间,性价比,续航,智能化",15,逸动PLUS,长安,燃油,92400,轿车,0,118.0,4,7.69
17,北京,5-10万,越野,"智能化,舒适性,动力,品牌",15,逸动PLUS,长安,燃油,92400,轿车,0,118.0,1,8.97
18,北京,5-10万,越野,"智能化,舒适性,动力,品牌",58,T03,零跑,纯电动,79800,轿车,403.0,95.0,2,8.45
19,北京,5-10万,越野,"智能化,舒适性,动力,品牌",61,S,哪吒,纯电动,79800,轿车,318.0,70.0,3,8.17
20,北京,5-10万,越野,"智能化,舒适性,动力,品牌",64,AYA,哪吒,纯电动,74800,轿车,318.0,70.0,4,7.39
21,北京,10-20万,通勤,"舒适性,价格,性价比,续航",1,秦PLUS,比亚迪,插电混动,139800,轿车,120.0,132.0,1,8.93
22,北京,10-20万,通勤,"舒适性,价格,性价比,续航",2,秦PLUS EV,比亚迪,纯电动,134800,轿车,510.0,135.0,2,8.63
23,北京,10-20万,通勤,"舒适性,价格,性价比,续航",4,宋PLUS DM-i,比亚迪,插电混动,174800,SUV,110.0,145.0,3,8.08
24,北京,10-20万,通勤,"舒适性,价格,性价比,续航",6,星瑞,吉利,燃油,131700,轿车,0,140.0,4,7.62
25,北京,10-20万,通勤,"舒适性,价格,性价比,续航",7,博越L,吉利,燃油,148200,SUV,0,160.0,5,7.03
26,北京,10-20万,通勤,"舒适性,价格,性价比,续航",8,帝豪L Hi·P,吉利,插电混动,160800,轿车,100.0,135.0,6,6.34
27,北京,10-20万,通勤,"舒适性,价格,性价比,续航",9,银河L7,吉利,插电混动,162200,SUV,115.0,120.0,7,6.17
28,北京,10-20万,通勤,"舒适性,价格,性价比,续航",11,UNI-V,长安,燃油,124400,轿车,0,138.0,8,5.69
29,北京,10-20万,家用,"性价比,智能化,动力,价格",1,秦PLUS,比亚迪,插电混动,139800,轿车,120.0,132.0,1,9.12
30,北京,10-20万,家用,"性价比,智能化,动力,价格",2,秦PLUS EV,比亚迪,纯电动,134800,轿车,510.0,135.0,2,8.54
31,北京,10-20万,家用,"性价比,智能化,动力,价格",4,宋PLUS DM-i,比亚迪,插电混动,174800,SUV,110.0,145.0,3,8.09
32,北京,10-20万,家用,"性价比,智能化,动力,价格",6,星瑞,吉利,燃油,131700,轿车,0,140.0,4,7.59
33,北京,10-20万,家用,"性价比,智能化,动力,价格",7,博越L,吉利,燃油,148200,SUV,0,160.0,5,7.06
34,北京,10-20万,家用,"性价比,智能化,动力,价格",8,帝豪L Hi·P,吉利,插电混动,160800,轿车,100.0,135.0,6,6.52
35,北京,10-20万,家用,"性价比,智能化,动力,价格",9,银河L7,吉利,插电混动,162200,SUV,115.0,120.0,7,6.19
36,北京,10-20万,家用,"性价比,智能化,动力,价格",11,UNI-V,长安,燃油,124400,轿车,0,138.0,8,5.49
37,北京,10-20万,商务,"价格,空间,智能化,品牌",1,秦PLUS,比亚迪,插电混动,139800,轿车,120.0,132.0,1,9.0
38,北京,10-20万,商务,"价格,空间,智能化,品牌",2,秦PLUS EV,比亚迪,纯电动,134800,轿车,510.0,135.0,2,8.47
39,北京,10-20万,商务,"价格,空间,智能化,品牌",6,星瑞,吉利,燃油,131700,轿车,0,140.0,3,8.18
40,北京,10-20万,商务,"价格,空间,智能化,品牌",8,帝豪L Hi·P,吉利,插电混动,160800,轿车,100.0,135.0,4,7.37
41,北京,10-20万,商务,"价格,空间,智能化,品牌",11,UNI-V,长安,燃油,124400,轿车,0,138.0,5,7.02
42,北京,10-20万,商务,"价格,空间,智能化,品牌",13,深蓝SL03,长安,纯电动,169400,轿车,570.0,190.0,6,6.52
43,北京,10-20万,商务,"价格,空间,智能化,品牌",20,欧拉好猫,长城,纯电动,134800,轿车,401.0,105.0,7,5.82
44,北京,10-20万,商务,"价格,空间,智能化,品牌",21,艾瑞泽8,奇瑞,燃油,122900,轿车,0,156.0,8,5.44
45,北京,10-20万,长途,"动力,价格,舒适性,性价比",56,C01,零跑,纯电动,179800,轿车,717.0,200.0,1,8.83
46,北京,10-20万,长途,"动力,价格,舒适性,性价比",57,C11,零跑,纯电动,189800,SUV,650.0,200.0,2,8.59
47,北京,10-20万,长途,"动力,价格,舒适性,性价比",63,GT,哪吒,纯电动,179800,轿车,580.0,170.0,3,8.03
48,北京,10-20万,长途,"动力,价格,舒适性,性价比",13,深蓝SL03,长安,纯电动,169400,轿车,570.0,190.0,4,7.68
49,北京,10-20万,长途,"动力,价格,舒适性,性价比",60,C10,零跑,纯电动,148800,SUV,520.0,160.0,5,7.09
50,北京,10-20万,长途,"动力,价格,舒适性,性价比",40,Mona M03,小鹏,纯电动,154800,轿车,515.0,170.0,6,6.59
51,北京,10-20万,长途,"动力,价格,舒适性,性价比",2,秦PLUS EV,比亚迪,纯电动,134800,轿车,510.0,135.0,7,6.0
52,北京,10-20万,长途,"动力,价格,舒适性,性价比",59,S01,零跑,纯电动,129800,跑车,510.0,170.0,8,5.58
53,北京,10-20万,越野,"动力,空间,续航,品牌",4,宋PLUS DM-i,比亚迪,插电混动,174800,SUV,110.0,145.0,1,8.92
54,北京,10-20万,越野,"动力,空间,续航,品牌",7,博越L,吉利,燃油,148200,SUV,0,160.0,2,8.58
55,北京,10-20万,越野,"动力,空间,续航,品牌",9,银河L7,吉利,插电混动,162200,SUV,115.0,120.0,3,7.92
56,北京,10-20万,越野,"动力,空间,续航,品牌",12,UNI-K,长安,燃油,167400,SUV,0,233.0,4,7.39
57,北京,10-20万,越野,"动力,空间,续航,品牌",14,深蓝S7,长安,增程,183900,SUV,200.0,160.0,5,7.12
58,北京,10-20万,越野,"动力,空间,续航,品牌",16,哈弗H6,长城,燃油,129350,SUV,0,135.0,6,6.5
59,北京,10-20万,越野,"动力,空间,续航,品牌",17,哈弗枭龙MAX,长城,插电混动,159800,SUV,81.0,150.0,7,5.96
60,北京,10-20万,越野,"动力,空间,续航,品牌",22,瑞虎8 PRO,奇瑞,燃油,156400,SUV,0,187.0,8,5.61
61,北京,20-30万,通勤,"舒适性,品牌,价格,智能化",3,汉EV,比亚迪,纯电动,274800,轿车,605.0,180.0,1,8.82
62,北京,20-30万,通勤,"舒适性,品牌,价格,智能化",5,海豹,比亚迪,纯电动,229800,轿车,550.0,230.0,2,8.6
63,北京,20-30万,通勤,"舒适性,品牌,价格,智能化",18,坦克300,长城,燃油,254800,SUV,0,167.0,3,8.03
64,北京,20-30万,通勤,"舒适性,品牌,价格,智能化",24,星途揽月,奇瑞,燃油,208900,SUV,0,192.0,4,7.61
65,北京,20-30万,通勤,"舒适性,品牌,价格,智能化",35,L6,理想,增程,299800,SUV,130.0,85.0,5,6.83
66,北京,20-30万,通勤,"舒适性,品牌,价格,智能化",36,G6,小鹏,纯电动,236900,SUV,580.0,218.0,6,6.33
67,北京,20-30万,通勤,"舒适性,品牌,价格,智能化",38,P7i,小鹏,纯电动,256900,轿车,706.0,203.0,7,5.97
68,北京,20-30万,通勤,"舒适性,品牌,价格,智能化",41,M5,问界,增程,294800,SUV,200.0,142.0,8,5.36
69,北京,20-30万,家用,"空间,续航,智能化,品牌",3,汉EV,比亚迪,纯电动,274800,轿车,605.0,180.0,1,9.13
70,北京,20-30万,家用,"空间,续航,智能化,品牌",5,海豹,比亚迪,纯电动,229800,轿车,550.0,230.0,2,8.31
71,北京,20-30万,家用,"空间,续航,智能化,品牌",18,坦克300,长城,燃油,254800,SUV,0,167.0,3,8.17
72,北京,20-30万,家用,"空间,续航,智能化,品牌",24,星途揽月,奇瑞,燃油,208900,SUV,0,192.0,4,7.59
73,北京,20-30万,家用,"空间,续航,智能化,品牌",35,L6,理想,增程,299800,SUV,130.0,85.0,5,6.93
74,北京,20-30万,家用,"空间,续航,智能化,品牌",36,G6,小鹏,纯电动,236900,SUV,580.0,218.0,6,6.34
75,北京,20-30万,家用,"空间,续航,智能化,品牌",38,P7i,小鹏,纯电动,256900,轿车,706.0,203.0,7,5.96
76,北京,20-30万,家用,"空间,续航,智能化,品牌",41,M5,问界,增程,294800,SUV,200.0,142.0,8,5.58
77,北京,20-30万,商务,"品牌,性价比,空间,舒适性",3,汉EV,比亚迪,纯电动,274800,轿车,605.0,180.0,1,9.08
78,北京,20-30万,商务,"品牌,性价比,空间,舒适性",5,海豹,比亚迪,纯电动,229800,轿车,550.0,230.0,2,8.36
79,北京,20-30万,商务,"品牌,性价比,空间,舒适性",38,P7i,小鹏,纯电动,256900,轿车,706.0,203.0,3,7.94
80,北京,20-30万,商务,"品牌,性价比,空间,舒适性",47,007,极氪,纯电动,264000,轿车,688.0,229.0,4,7.34
81,北京,20-30万,商务,"品牌,性价比,空间,舒适性",66,SU7,小米,纯电动,257900,轿车,700.0,220.0,5,6.94
82,北京,20-30万,商务,"品牌,性价比,空间,舒适性",76,凯美瑞,丰田,燃油,208300,轿车,0,152.0,6,6.58
83,北京,20-30万,商务,"品牌,性价比,空间,舒适性",80,亚洲龙,丰田,油电混动,239800,轿车,0,131.0,7,6.15
84,北京,20-30万,商务,"品牌,性价比,空间,舒适性",81,雅阁,本田,油电混动,209800,轿车,0,143.0,8,5.5
85,北京,20-30万,长途,"动力,性价比,空间,续航",69,YU7,小米,纯电动,289900,SUV,830.0,320.0,1,8.89
86,北京,20-30万,长途,"动力,性价比,空间,续航",38,P7i,小鹏,纯电动,256900,轿车,706.0,203.0,2,8.69
87,北京,20-30万,长途,"动力,性价比,空间,续航",66,SU7,小米,纯电动,257900,轿车,700.0,220.0,3,8.05
88,北京,20-30万,长途,"动力,性价比,空间,续航",47,007,极氪,纯电动,264000,轿车,688.0,229.0,4,7.44
89,北京,20-30万,长途,"动力,性价比,空间,续航",48,X,极氪,纯电动,219000,SUV,670.0,200.0,5,7.1
90,北京,20-30万,长途,"动力,性价比,空间,续航",49,X YOU,极氪,纯电动,264000,SUV,670.0,200.0,6,6.51
91,北京,20-30万,长途,"动力,性价比,空间,续航",42,M5 EV,问界,纯电动,279800,SUV,620.0,165.0,7,5.81
92,北京,20-30万,长途,"动力,性价比,空间,续航",3,汉EV,比亚迪,纯电动,274800,轿车,605.0,180.0,8,5.54
93,北京,20-30万,越野,"价格,舒适性,动力,性价比",18,坦克300,长城,燃油,254800,SUV,0,167.0,1,8.87
94,北京,20-30万,越野,"价格,舒适性,动力,性价比",24,星途揽月,奇瑞,燃油,208900,SUV,0,192.0,2,8.69
95,北京,20-30万,越野,"价格,舒适性,动力,性价比",35,L6,理想,增程,299800,SUV,130.0,85.0,3,8.01
96,北京,20-30万,越野,"价格,舒适性,动力,性价比",36,G6,小鹏,纯电动,236900,SUV,580.0,218.0,4,7.3
97,北京,20-30万,越野,"价格,舒适性,动力,性价比",41,M5,问界,增程,294800,SUV,200.0,142.0,5,6.95
98,北京,20-30万,越野,"价格,舒适性,动力,性价比",42,M5 EV,问界,纯电动,279800,SUV,620.0,165.0,6,6.31
99,北京,20-30万,越野,"价格,舒适性,动力,性价比",48,X,极氪,纯电动,219000,SUV,670.0,200.0,7,6.16
100,北京,20-30万,越野,"价格,舒适性,动力,性价比",49,X YOU,极氪,纯电动,264000,SUV,670.0,200.0,8,5.53
101,北京,30万以上,通勤,"续航,性价比,品牌,智能化",10,极氪001,吉利,纯电动,319000,轿车,741.0,310.0,1,9.0
102,北京,30万以上,通勤,"续航,性价比,品牌,智能化",19,坦克500,长城,油电混动,365000,SUV,0,180.0,2,8.51
103,北京,30万以上,通勤,"续航,性价比,品牌,智能化",26,ET5,蔚来,纯电动,323300,轿车,550.0,300.0,3,8.19
104,北京,30万以上,通勤,"续航,性价比,品牌,智能化",27,ET7,蔚来,纯电动,497000,轿车,675.0,360.0,4,7.34
105,北京,30万以上,通勤,"续航,性价比,品牌,智能化",28,ES6,蔚来,纯电动,402000,SUV,625.0,400.0,5,7.07
106,北京,30万以上,通勤,"续航,性价比,品牌,智能化",29,ES8,蔚来,纯电动,587000,SUV,580.0,400.0,6,6.36
107,北京,30万以上,通勤,"续航,性价比,品牌,智能化",30,全新蔚来ES6,蔚来,纯电动,402000,SUV,625.0,400.0,7,5.95
108,北京,30万以上,通勤,"续航,性价比,品牌,智能化",31,L7,理想,增程,349800,SUV,210.0,110.0,8,5.37
109,北京,30万以上,家用,"性价比,舒适性,续航,智能化",10,极氪001,吉利,纯电动,319000,轿车,741.0,310.0,1,8.86
110,北京,30万以上,家用,"性价比,舒适性,续航,智能化",19,坦克500,长城,油电混动,365000,SUV,0,180.0,2,8.63
111,北京,30万以上,家用,"性价比,舒适性,续航,智能化",26,ET5,蔚来,纯电动,323300,轿车,550.0,300.0,3,7.81
112,北京,30万以上,家用,"性价比,舒适性,续航,智能化",27,ET7,蔚来,纯电动,497000,轿车,675.0,360.0,4,7.32
113,北京,30万以上,家用,"性价比,舒适性,续航,智能化",28,ES6,蔚来,纯电动,402000,SUV,625.0,400.0,5,7.02
114,北京,30万以上,家用,"性价比,舒适性,续航,智能化",29,ES8,蔚来,纯电动,587000,SUV,580.0,400.0,6,6.68
115,北京,30万以上,家用,"性价比,舒适性,续航,智能化",30,全新蔚来ES6,蔚来,纯电动,402000,SUV,625.0,400.0,7,6.18
116,北京,30万以上,家用,"性价比,舒适性,续航,智能化",31,L7,理想,增程,349800,SUV,210.0,110.0,8,5.62
117,北京,30万以上,商务,"智能化,动力,价格,品牌",10,极氪001,吉利,纯电动,319000,轿车,741.0,310.0,1,9.07
118,北京,30万以上,商务,"智能化,动力,价格,品牌",26,ET5,蔚来,纯电动,323300,轿车,550.0,300.0,2,8.54
119,北京,30万以上,商务,"智能化,动力,价格,品牌",27,ET7,蔚来,纯电动,497000,轿车,675.0,360.0,3,7.87
120,北京,30万以上,商务,"智能化,动力,价格,品牌",34,MEGA,理想,纯电动,579800,MPV,700.0,230.0,4,7.34
121,北京,30万以上,商务,"智能化,动力,价格,品牌",39,X9,小鹏,纯电动,389900,MPV,702.0,230.0,5,6.88
122,北京,30万以上,商务,"智能化,动力,价格,品牌",44,M8,问界,增程,379800,MPV,200.0,140.0,6,6.36
123,北京,30万以上,商务,"智能化,动力,价格,品牌",46,001,极氪,纯电动,319000,轿车,741.0,310.0,7,6.05
124,北京,30万以上,商务,"智能化,动力,价格,品牌",50,001 FR,极氪,纯电动,789000,轿车,550.0,1247.0,8,5.43
125,北京,30万以上,长途,"性价比,舒适性,智能化,空间",70,YU7 Pro,小米,纯电动,364900,SUV,830.0,320.0,1,9.11
126,北京,30万以上,长途,"性价比,舒适性,智能化,空间",10,极氪001,吉利,纯电动,319000,轿车,741.0,310.0,2,8.68
127,北京,30万以上,长途,"性价比,舒适性,智能化,空间",46,001,极氪,纯电动,319000,轿车,741.0,310.0,3,8.07
128,北京,30万以上,长途,"性价比,舒适性,智能化,空间",128,Model S,特斯拉,纯电动,853900,轿车,715.0,371.0,4,7.33
129,北京,30万以上,长途,"性价比,舒适性,智能化,空间",37,G9,小鹏,纯电动,389900,SUV,702.0,316.0,5,6.9
130,北京,30万以上,长途,"性价比,舒适性,智能化,空间",39,X9,小鹏,纯电动,389900,MPV,702.0,230.0,6,6.36
131,北京,30万以上,长途,"性价比,舒适性,智能化,空间",34,MEGA,理想,纯电动,579800,MPV,700.0,230.0,7,6.18
132,北京,30万以上,长途,"性价比,舒适性,智能化,空间",67,SU7 Max,小米,纯电动,334900,轿车,700.0,425.0,8,5.5
133,北京,30万以上,越野,"品牌,价格,动力,性价比",19,坦克500,长城,油电混动,365000,SUV,0,180.0,1,9.17
134,北京,30万以上,越野,"品牌,价格,动力,性价比",28,ES6,蔚来,纯电动,402000,SUV,625.0,400.0,2,8.67
135,北京,30万以上,越野,"品牌,价格,动力,性价比",29,ES8,蔚来,纯电动,587000,SUV,580.0,400.0,3,8.12
136,北京,30万以上,越野,"品牌,价格,动力,性价比",30,全新蔚来ES6,蔚来,纯电动,402000,SUV,625.0,400.0,4,7.66
137,北京,30万以上,越野,"品牌,价格,动力,性价比",31,L7,理想,增程,349800,SUV,210.0,110.0,5,7.08
138,北京,30万以上,越野,"品牌,价格,动力,性价比",32,L8,理想,增程,369800,SUV,210.0,110.0,6,6.64
139,北京,30万以上,越野,"品牌,价格,动力,性价比",33,L9,理想,增程,444800,SUV,210.0,110.0,7,5.84
140,北京,30万以上,越野,"品牌,价格,动力,性价比",37,G9,小鹏,纯电动,389900,SUV,702.0,316.0,8,5.51
141,上海,5-10万,通勤,"舒适性,智能化,品牌,性价比",15,逸动PLUS,长安,燃油,92400,轿车,0,118.0,1,9.08
142,上海,5-10万,通勤,"舒适性,智能化,品牌,性价比",58,T03,零跑,纯电动,79800,轿车,403.0,95.0,2,8.51
143,上海,5-10万,通勤,"舒适性,智能化,品牌,性价比",61,S,哪吒,纯电动,79800,轿车,318.0,70.0,3,8.1
144,上海,5-10万,通勤,"舒适性,智能化,品牌,性价比",64,AYA,哪吒,纯电动,74800,轿车,318.0,70.0,4,7.56
145,上海,5-10万,家用,"智能化,动力,续航,空间",15,逸动PLUS,长安,燃油,92400,轿车,0,118.0,1,9.11
146,上海,5-10万,家用,"智能化,动力,续航,空间",58,T03,零跑,纯电动,79800,轿车,403.0,95.0,2,8.42
147,上海,5-10万,家用,"智能化,动力,续航,空间",61,S,哪吒,纯电动,79800,轿车,318.0,70.0,3,8.05
148,上海,5-10万,家用,"智能化,动力,续航,空间",64,AYA,哪吒,纯电动,74800,轿车,318.0,70.0,4,7.46
149,上海,5-10万,商务,"品牌,价格,空间,性价比",15,逸动PLUS,长安,燃油,92400,轿车,0,118.0,1,9.0
150,上海,5-10万,商务,"品牌,价格,空间,性价比",58,T03,零跑,纯电动,79800,轿车,403.0,95.0,2,8.43
151,上海,5-10万,商务,"品牌,价格,空间,性价比",61,S,哪吒,纯电动,79800,轿车,318.0,70.0,3,7.99
152,上海,5-10万,商务,"品牌,价格,空间,性价比",64,AYA,哪吒,纯电动,74800,轿车,318.0,70.0,4,7.46
153,上海,5-10万,长途,"性价比,品牌,动力,价格",58,T03,零跑,纯电动,79800,轿车,403.0,95.0,1,9.01
154,上海,5-10万,长途,"性价比,品牌,动力,价格",61,S,哪吒,纯电动,79800,轿车,318.0,70.0,2,8.32
155,上海,5-10万,长途,"性价比,品牌,动力,价格",64,AYA,哪吒,纯电动,74800,轿车,318.0,70.0,3,8.18
156,上海,5-10万,长途,"性价比,品牌,动力,价格",15,逸动PLUS,长安,燃油,92400,轿车,0,118.0,4,7.42
157,上海,5-10万,越野,"动力,舒适性,性价比,价格",15,逸动PLUS,长安,燃油,92400,轿车,0,118.0,1,9.01
158,上海,5-10万,越野,"动力,舒适性,性价比,价格",58,T03,零跑,纯电动,79800,轿车,403.0,95.0,2,8.32
159,上海,5-10万,越野,"动力,舒适性,性价比,价格",61,S,哪吒,纯电动,79800,轿车,318.0,70.0,3,7.92
160,上海,5-10万,越野,"动力,舒适性,性价比,价格",64,AYA,哪吒,纯电动,74800,轿车,318.0,70.0,4,7.38
161,上海,10-20万,通勤,"价格,品牌,舒适性,空间",1,秦PLUS,比亚迪,插电混动,139800,轿车,120.0,132.0,1,9.1
162,上海,10-20万,通勤,"价格,品牌,舒适性,空间",2,秦PLUS EV,比亚迪,纯电动,134800,轿车,510.0,135.0,2,8.51
163,上海,10-20万,通勤,"价格,品牌,舒适性,空间",4,宋PLUS DM-i,比亚迪,插电混动,174800,SUV,110.0,145.0,3,7.87
164,上海,10-20万,通勤,"价格,品牌,舒适性,空间",6,星瑞,吉利,燃油,131700,轿车,0,140.0,4,7.45
165,上海,10-20万,通勤,"价格,品牌,舒适性,空间",7,博越L,吉利,燃油,148200,SUV,0,160.0,5,7.08
166,上海,10-20万,通勤,"价格,品牌,舒适性,空间",8,帝豪L Hi·P,吉利,插电混动,160800,轿车,100.0,135.0,6,6.66
167,上海,10-20万,通勤,"价格,品牌,舒适性,空间",9,银河L7,吉利,插电混动,162200,SUV,115.0,120.0,7,5.84
168,上海,10-20万,通勤,"价格,品牌,舒适性,空间",11,UNI-V,长安,燃油,124400,轿车,0,138.0,8,5.68
169,上海,10-20万,家用,"空间,舒适性,动力,价格",1,秦PLUS,比亚迪,插电混动,139800,轿车,120.0,132.0,1,9.09
170,上海,10-20万,家用,"空间,舒适性,动力,价格",2,秦PLUS EV,比亚迪,纯电动,134800,轿车,510.0,135.0,2,8.5
171,上海,10-20万,家用,"空间,舒适性,动力,价格",4,宋PLUS DM-i,比亚迪,插电混动,174800,SUV,110.0,145.0,3,8.03
172,上海,10-20万,家用,"空间,舒适性,动力,价格",6,星瑞,吉利,燃油,131700,轿车,0,140.0,4,7.55
173,上海,10-20万,家用,"空间,舒适性,动力,价格",7,博越L,吉利,燃油,148200,SUV,0,160.0,5,6.82
174,上海,10-20万,家用,"空间,舒适性,动力,价格",8,帝豪L Hi·P,吉利,插电混动,160800,轿车,100.0,135.0,6,6.45
175,上海,10-20万,家用,"空间,舒适性,动力,价格",9,银河L7,吉利,插电混动,162200,SUV,115.0,120.0,7,6.16
176,上海,10-20万,家用,"空间,舒适性,动力,价格",11,UNI-V,长安,燃油,124400,轿车,0,138.0,8,5.35
177,上海,10-20万,商务,"智能化,价格,续航,动力",1,秦PLUS,比亚迪,插电混动,139800,轿车,120.0,132.0,1,9.19
178,上海,10-20万,商务,"智能化,价格,续航,动力",2,秦PLUS EV,比亚迪,纯电动,134800,轿车,510.0,135.0,2,8.69
179,上海,10-20万,商务,"智能化,价格,续航,动力",6,星瑞,吉利,燃油,131700,轿车,0,140.0,3,8.13
180,上海,10-20万,商务,"智能化,价格,续航,动力",8,帝豪L Hi·P,吉利,插电混动,160800,轿车,100.0,135.0,4,7.45
181,上海,10-20万,商务,"智能化,价格,续航,动力",11,UNI-V,长安,燃油,124400,轿车,0,138.0,5,7.14
182,上海,10-20万,商务,"智能化,价格,续航,动力",13,深蓝SL03,长安,纯电动,169400,轿车,570.0,190.0,6,6.32
183,上海,10-20万,商务,"智能化,价格,续航,动力",20,欧拉好猫,长城,纯电动,134800,轿车,401.0,105.0,7,5.86
184,上海,10-20万,商务,"智能化,价格,续航,动力",21,艾瑞泽8,奇瑞,燃油,122900,轿车,0,156.0,8,5.4
185,上海,10-20万,长途,"智能化,空间,舒适性,性价比",56,C01,零跑,纯电动,179800,轿车,717.0,200.0,1,9.08
186,上海,10-20万,长途,"智能化,空间,舒适性,性价比",57,C11,零跑,纯电动,189800,SUV,650.0,200.0,2,8.66
187,上海,10-20万,长途,"智能化,空间,舒适性,性价比",63,GT,哪吒,纯电动,179800,轿车,580.0,170.0,3,7.92
188,上海,10-20万,长途,"智能化,空间,舒适性,性价比",13,深蓝SL03,长安,纯电动,169400,轿车,570.0,190.0,4,7.68
189,上海,10-20万,长途,"智能化,空间,舒适性,性价比",60,C10,零跑,纯电动,148800,SUV,520.0,160.0,5,7.06
190,上海,10-20万,长途,"智能化,空间,舒适性,性价比",40,Mona M03,小鹏,纯电动,154800,轿车,515.0,170.0,6,6.67
191,上海,10-20万,长途,"智能化,空间,舒适性,性价比",2,秦PLUS EV,比亚迪,纯电动,134800,轿车,510.0,135.0,7,5.96
192,上海,10-20万,长途,"智能化,空间,舒适性,性价比",59,S01,零跑,纯电动,129800,跑车,510.0,170.0,8,5.3
193,上海,10-20万,越野,"品牌,空间,动力,续航",4,宋PLUS DM-i,比亚迪,插电混动,174800,SUV,110.0,145.0,1,9.13
194,上海,10-20万,越野,"品牌,空间,动力,续航",7,博越L,吉利,燃油,148200,SUV,0,160.0,2,8.5
195,上海,10-20万,越野,"品牌,空间,动力,续航",9,银河L7,吉利,插电混动,162200,SUV,115.0,120.0,3,8.04
196,上海,10-20万,越野,"品牌,空间,动力,续航",12,UNI-K,长安,燃油,167400,SUV,0,233.0,4,7.55
197,上海,10-20万,越野,"品牌,空间,动力,续航",14,深蓝S7,长安,增程,183900,SUV,200.0,160.0,5,6.96
198,上海,10-20万,越野,"品牌,空间,动力,续航",16,哈弗H6,长城,燃油,129350,SUV,0,135.0,6,6.58
199,上海,10-20万,越野,"品牌,空间,动力,续航",17,哈弗枭龙MAX,长城,插电混动,159800,SUV,81.0,150.0,7,5.98
200,上海,10-20万,越野,"品牌,空间,动力,续航",22,瑞虎8 PRO,奇瑞,燃油,156400,SUV,0,187.0,8,5.57
201,上海,20-30万,通勤,"空间,价格,舒适性,品牌",3,汉EV,比亚迪,纯电动,274800,轿车,605.0,180.0,1,8.85
202,上海,20-30万,通勤,"空间,价格,舒适性,品牌",5,海豹,比亚迪,纯电动,229800,轿车,550.0,230.0,2,8.66
203,上海,20-30万,通勤,"空间,价格,舒适性,品牌",18,坦克300,长城,燃油,254800,SUV,0,167.0,3,8.0
204,上海,20-30万,通勤,"空间,价格,舒适性,品牌",24,星途揽月,奇瑞,燃油,208900,SUV,0,192.0,4,7.37
205,上海,20-30万,通勤,"空间,价格,舒适性,品牌",35,L6,理想,增程,299800,SUV,130.0,85.0,5,6.93
206,上海,20-30万,通勤,"空间,价格,舒适性,品牌",36,G6,小鹏,纯电动,236900,SUV,580.0,218.0,6,6.68
207,上海,20-30万,通勤,"空间,价格,舒适性,品牌",38,P7i,小鹏,纯电动,256900,轿车,706.0,203.0,7,5.9
208,上海,20-30万,通勤,"空间,价格,舒适性,品牌",41,M5,问界,增程,294800,SUV,200.0,142.0,8,5.57
209,上海,20-30万,家用,"品牌,动力,智能化,性价比",3,汉EV,比亚迪,纯电动,274800,轿车,605.0,180.0,1,8.91
210,上海,20-30万,家用,"品牌,动力,智能化,性价比",5,海豹,比亚迪,纯电动,229800,轿车,550.0,230.0,2,8.53
211,上海,20-30万,家用,"品牌,动力,智能化,性价比",18,坦克300,长城,燃油,254800,SUV,0,167.0,3,7.84
212,上海,20-30万,家用,"品牌,动力,智能化,性价比",24,星途揽月,奇瑞,燃油,208900,SUV,0,192.0,4,7.35
213,上海,20-30万,家用,"品牌,动力,智能化,性价比",35,L6,理想,增程,299800,SUV,130.0,85.0,5,7.13
214,上海,20-30万,家用,"品牌,动力,智能化,性价比",36,G6,小鹏,纯电动,236900,SUV,580.0,218.0,6,6.65
215,上海,20-30万,家用,"品牌,动力,智能化,性价比",38,P7i,小鹏,纯电动,256900,轿车,706.0,203.0,7,6.18
216,上海,20-30万,家用,"品牌,动力,智能化,性价比",41,M5,问界,增程,294800,SUV,200.0,142.0,8,5.52
217,上海,20-30万,商务,"性价比,续航,品牌,智能化",3,汉EV,比亚迪,纯电动,274800,轿车,605.0,180.0,1,9.2
218,上海,20-30万,商务,"性价比,续航,品牌,智能化",5,海豹,比亚迪,纯电动,229800,轿车,550.0,230.0,2,8.49
219,上海,20-30万,商务,"性价比,续航,品牌,智能化",38,P7i,小鹏,纯电动,256900,轿车,706.0,203.0,3,7.84
220,上海,20-30万,商务,"性价比,续航,品牌,智能化",47,007,极氪,纯电动,264000,轿车,688.0,229.0,4,7.39
221,上海,20-30万,商务,"性价比,续航,品牌,智能化",66,SU7,小米,纯电动,257900,轿车,700.0,220.0,5,7.13
222,上海,20-30万,商务,"性价比,续航,品牌,智能化",76,凯美瑞,丰田,燃油,208300,轿车,0,152.0,6,6.37
223,上海,20-30万,商务,"性价比,续航,品牌,智能化",80,亚洲龙,丰田,油电混动,239800,轿车,0,131.0,7,6.11
224,上海,20-30万,商务,"性价比,续航,品牌,智能化",81,雅阁,本田,油电混动,209800,轿车,0,143.0,8,5.62
225,上海,20-30万,长途,"空间,性价比,智能化,动力",69,YU7,小米,纯电动,289900,SUV,830.0,320.0,1,8.98
226,上海,20-30万,长途,"空间,性价比,智能化,动力",38,P7i,小鹏,纯电动,256900,轿车,706.0,203.0,2,8.36
227,上海,20-30万,长途,"空间,性价比,智能化,动力",66,SU7,小米,纯电动,257900,轿车,700.0,220.0,3,8.04
228,上海,20-30万,长途,"空间,性价比,智能化,动力",47,007,极氪,纯电动,264000,轿车,688.0,229.0,4,7.32
229,上海,20-30万,长途,"空间,性价比,智能化,动力",48,X,极氪,纯电动,219000,SUV,670.0,200.0,5,7.17
230,上海,20-30万,长途,"空间,性价比,智能化,动力",49,X YOU,极氪,纯电动,264000,SUV,670.0,200.0,6,6.61
231,上海,20-30万,长途,"空间,性价比,智能化,动力",42,M5 EV,问界,纯电动,279800,SUV,620.0,165.0,7,5.88
232,上海,20-30万,长途,"空间,性价比,智能化,动力",3,汉EV,比亚迪,纯电动,274800,轿车,605.0,180.0,8,5.38
233,上海,20-30万,越野,"舒适性,价格,智能化,品牌",18,坦克300,长城,燃油,254800,SUV,0,167.0,1,9.18
234,上海,20-30万,越野,"舒适性,价格,智能化,品牌",24,星途揽月,奇瑞,燃油,208900,SUV,0,192.0,2,8.44
235,上海,20-30万,越野,"舒适性,价格,智能化,品牌",35,L6,理想,增程,299800,SUV,130.0,85.0,3,8.18
236,上海,20-30万,越野,"舒适性,价格,智能化,品牌",36,G6,小鹏,纯电动,236900,SUV,580.0,218.0,4,7.67
237,上海,20-30万,越野,"舒适性,价格,智能化,品牌",41,M5,问界,增程,294800,SUV,200.0,142.0,5,6.94
238,上海,20-30万,越野,"舒适性,价格,智能化,品牌",42,M5 EV,问界,纯电动,279800,SUV,620.0,165.0,6,6.38
239,上海,20-30万,越野,"舒适性,价格,智能化,品牌",48,X,极氪,纯电动,219000,SUV,670.0,200.0,7,6.06
240,上海,20-30万,越野,"舒适性,价格,智能化,品牌",49,X YOU,极氪,纯电动,264000,SUV,670.0,200.0,8,5.46
241,上海,30万以上,通勤,"动力,性价比,智能化,价格",10,极氪001,吉利,纯电动,319000,轿车,741.0,310.0,1,8.89
242,上海,30万以上,通勤,"动力,性价比,智能化,价格",19,坦克500,长城,油电混动,365000,SUV,0,180.0,2,8.55
243,上海,30万以上,通勤,"动力,性价比,智能化,价格",26,ET5,蔚来,纯电动,323300,轿车,550.0,300.0,3,7.93
244,上海,30万以上,通勤,"动力,性价比,智能化,价格",27,ET7,蔚来,纯电动,497000,轿车,675.0,360.0,4,7.59
245,上海,30万以上,通勤,"动力,性价比,智能化,价格",28,ES6,蔚来,纯电动,402000,SUV,625.0,400.0,5,6.81
246,上海,30万以上,通勤,"动力,性价比,智能化,价格",29,ES8,蔚来,纯电动,587000,SUV,580.0,400.0,6,6.48
247,上海,30万以上,通勤,"动力,性价比,智能化,价格",30,全新蔚来ES6,蔚来,纯电动,402000,SUV,625.0,400.0,7,6.14
248,上海,30万以上,通勤,"动力,性价比,智能化,价格",31,L7,理想,增程,349800,SUV,210.0,110.0,8,5.54
249,上海,30万以上,家用,"智能化,性价比,续航,舒适性",10,极氪001,吉利,纯电动,319000,轿车,741.0,310.0,1,9.02
250,上海,30万以上,家用,"智能化,性价比,续航,舒适性",19,坦克500,长城,油电混动,365000,SUV,0,180.0,2,8.43
251,上海,30万以上,家用,"智能化,性价比,续航,舒适性",26,ET5,蔚来,纯电动,323300,轿车,550.0,300.0,3,7.84
252,上海,30万以上,家用,"智能化,性价比,续航,舒适性",27,ET7,蔚来,纯电动,497000,轿车,675.0,360.0,4,7.33
253,上海,30万以上,家用,"智能化,性价比,续航,舒适性",28,ES6,蔚来,纯电动,402000,SUV,625.0,400.0,5,7.01
254,上海,30万以上,家用,"智能化,性价比,续航,舒适性",29,ES8,蔚来,纯电动,587000,SUV,580.0,400.0,6,6.31
255,上海,30万以上,家用,"智能化,性价比,续航,舒适性",30,全新蔚来ES6,蔚来,纯电动,402000,SUV,625.0,400.0,7,6.09
256,上海,30万以上,家用,"智能化,性价比,续航,舒适性",31,L7,理想,增程,349800,SUV,210.0,110.0,8,5.59
257,上海,30万以上,商务,"舒适性,动力,价格,续航",10,极氪001,吉利,纯电动,319000,轿车,741.0,310.0,1,9.16
258,上海,30万以上,商务,"舒适性,动力,价格,续航",26,ET5,蔚来,纯电动,323300,轿车,550.0,300.0,2,8.57
259,上海,30万以上,商务,"舒适性,动力,价格,续航",27,ET7,蔚来,纯电动,497000,轿车,675.0,360.0,3,7.8
260,上海,30万以上,商务,"舒适性,动力,价格,续航",34,MEGA,理想,纯电动,579800,MPV,700.0,230.0,4,7.3
261,上海,30万以上,商务,"舒适性,动力,价格,续航",39,X9,小鹏,纯电动,389900,MPV,702.0,230.0,5,6.82
262,上海,30万以上,商务,"舒适性,动力,价格,续航",44,M8,问界,增程,379800,MPV,200.0,140.0,6,6.46
263,上海,30万以上,商务,"舒适性,动力,价格,续航",46,001,极氪,纯电动,319000,轿车,741.0,310.0,7,6.03
264,上海,30万以上,商务,"舒适性,动力,价格,续航",50,001 FR,极氪,纯电动,789000,轿车,550.0,1247.0,8,5.64
265,上海,30万以上,长途,"价格,智能化,品牌,性价比",70,YU7 Pro,小米,纯电动,364900,SUV,830.0,320.0,1,8.81
266,上海,30万以上,长途,"价格,智能化,品牌,性价比",10,极氪001,吉利,纯电动,319000,轿车,741.0,310.0,2,8.63
267,上海,30万以上,长途,"价格,智能化,品牌,性价比",46,001,极氪,纯电动,319000,轿车,741.0,310.0,3,7.99
268,上海,30万以上,长途,"价格,智能化,品牌,性价比",128,Model S,特斯拉,纯电动,853900,轿车,715.0,371.0,4,7.53
269,上海,30万以上,长途,"价格,智能化,品牌,性价比",37,G9,小鹏,纯电动,389900,SUV,702.0,316.0,5,6.95
270,上海,30万以上,长途,"价格,智能化,品牌,性价比",39,X9,小鹏,纯电动,389900,MPV,702.0,230.0,6,6.57
271,上海,30万以上,长途,"价格,智能化,品牌,性价比",34,MEGA,理想,纯电动,579800,MPV,700.0,230.0,7,5.95
272,上海,30万以上,长途,"价格,智能化,品牌,性价比",67,SU7 Max,小米,纯电动,334900,轿车,700.0,425.0,8,5.66
273,上海,30万以上,越野,"空间,舒适性,性价比,智能化",19,坦克500,长城,油电混动,365000,SUV,0,180.0,1,8.9
274,上海,30万以上,越野,"空间,舒适性,性价比,智能化",28,ES6,蔚来,纯电动,402000,SUV,625.0,400.0,2,8.69
275,上海,30万以上,越野,"空间,舒适性,性价比,智能化",29,ES8,蔚来,纯电动,587000,SUV,580.0,400.0,3,8.05
276,上海,30万以上,越野,"空间,舒适性,性价比,智能化",30,全新蔚来ES6,蔚来,纯电动,402000,SUV,625.0,400.0,4,7.49
277,上海,30万以上,越野,"空间,舒适性,性价比,智能化",31,L7,理想,增程,349800,SUV,210.0,110.0,5,7.16
278,上海,30万以上,越野,"空间,舒适性,性价比,智能化",32,L8,理想,增程,369800,SUV,210.0,110.0,6,6.48
279,上海,30万以上,越野,"空间,舒适性,性价比,智能化",33,L9,理想,增程,444800,SUV,210.0,110.0,7,6.15
280,上海,30万以上,越野,"空间,舒适性,性价比,智能化",37,G9,小鹏,纯电动,389900,SUV,702.0,316.0,8,5.39
281,广州,5-10万,通勤,"智能化,舒适性,品牌,续航",15,逸动PLUS,长安,燃油,92400,轿车,0,118.0,1,9.19
282,广州,5-10万,通勤,"智能化,舒适性,品牌,续航",58,T03,零跑,纯电动,79800,轿车,403.0,95.0,2,8.46
283,广州,5-10万,通勤,"智能化,舒适性,品牌,续航",61,S,哪吒,纯电动,79800,轿车,318.0,70.0,3,7.9
284,广州,5-10万,通勤,"智能化,舒适性,品牌,续航",64,AYA,哪吒,纯电动,74800,轿车,318.0,70.0,4,7.36
285,广州,5-10万,家用,"价格,空间,动力,续航",15,逸动PLUS,长安,燃油,92400,轿车,0,118.0,1,8.82
286,广州,5-10万,家用,"价格,空间,动力,续航",58,T03,零跑,纯电动,79800,轿车,403.0,95.0,2,8.46
287,广州,5-10万,家用,"价格,空间,动力,续航",61,S,哪吒,纯电动,79800,轿车,318.0,70.0,3,8.15
288,广州,5-10万,家用,"价格,空间,动力,续航",64,AYA,哪吒,纯电动,74800,轿车,318.0,70.0,4,7.64
289,广州,5-10万,商务,"品牌,续航,舒适性,动力",15,逸动PLUS,长安,燃油,92400,轿车,0,118.0,1,8.88
290,广州,5-10万,商务,"品牌,续航,舒适性,动力",58,T03,零跑,纯电动,79800,轿车,403.0,95.0,2,8.46
291,广州,5-10万,商务,"品牌,续航,舒适性,动力",61,S,哪吒,纯电动,79800,轿车,318.0,70.0,3,8.15
292,广州,5-10万,商务,"品牌,续航,舒适性,动力",64,AYA,哪吒,纯电动,74800,轿车,318.0,70.0,4,7.48
293,广州,5-10万,长途,"性价比,空间,品牌,舒适性",58,T03,零跑,纯电动,79800,轿车,403.0,95.0,1,8.95
294,广州,5-10万,长途,"性价比,空间,品牌,舒适性",61,S,哪吒,纯电动,79800,轿车,318.0,70.0,2,8.43
295,广州,5-10万,长途,"性价比,空间,品牌,舒适性",64,AYA,哪吒,纯电动,74800,轿车,318.0,70.0,3,7.96
296,广州,5-10万,长途,"性价比,空间,品牌,舒适性",15,逸动PLUS,长安,燃油,92400,轿车,0,118.0,4,7.59
297,广州,5-10万,越野,"空间,续航,品牌,舒适性",15,逸动PLUS,长安,燃油,92400,轿车,0,118.0,1,9.03
298,广州,5-10万,越野,"空间,续航,品牌,舒适性",58,T03,零跑,纯电动,79800,轿车,403.0,95.0,2,8.68
299,广州,5-10万,越野,"空间,续航,品牌,舒适性",61,S,哪吒,纯电动,79800,轿车,318.0,70.0,3,8.09
300,广州,5-10万,越野,"空间,续航,品牌,舒适性",64,AYA,哪吒,纯电动,74800,轿车,318.0,70.0,4,7.61
301,广州,10-20万,通勤,"舒适性,空间,智能化,品牌",1,秦PLUS,比亚迪,插电混动,139800,轿车,120.0,132.0,1,8.95
302,广州,10-20万,通勤,"舒适性,空间,智能化,品牌",2,秦PLUS EV,比亚迪,纯电动,134800,轿车,510.0,135.0,2,8.42
303,广州,10-20万,通勤,"舒适性,空间,智能化,品牌",4,宋PLUS DM-i,比亚迪,插电混动,174800,SUV,110.0,145.0,3,7.96
304,广州,10-20万,通勤,"舒适性,空间,智能化,品牌",6,星瑞,吉利,燃油,131700,轿车,0,140.0,4,7.49
305,广州,10-20万,通勤,"舒适性,空间,智能化,品牌",7,博越L,吉利,燃油,148200,SUV,0,160.0,5,7.02
306,广州,10-20万,通勤,"舒适性,空间,智能化,品牌",8,帝豪L Hi·P,吉利,插电混动,160800,轿车,100.0,135.0,6,6.48
307,广州,10-20万,通勤,"舒适性,空间,智能化,品牌",9,银河L7,吉利,插电混动,162200,SUV,115.0,120.0,7,6.16
308,广州,10-20万,通勤,"舒适性,空间,智能化,品牌",11,UNI-V,长安,燃油,124400,轿车,0,138.0,8,5.68
309,广州,10-20万,家用,"品牌,价格,续航,舒适性",1,秦PLUS,比亚迪,插电混动,139800,轿车,120.0,132.0,1,8.94
310,广州,10-20万,家用,"品牌,价格,续航,舒适性",2,秦PLUS EV,比亚迪,纯电动,134800,轿车,510.0,135.0,2,8.66
311,广州,10-20万,家用,"品牌,价格,续航,舒适性",4,宋PLUS DM-i,比亚迪,插电混动,174800,SUV,110.0,145.0,3,8.06
312,广州,10-20万,家用,"品牌,价格,续航,舒适性",6,星瑞,吉利,燃油,131700,轿车,0,140.0,4,7.67
313,广州,10-20万,家用,"品牌,价格,续航,舒适性",7,博越L,吉利,燃油,148200,SUV,0,160.0,5,6.97
314,广州,10-20万,家用,"品牌,价格,续航,舒适性",8,帝豪L Hi·P,吉利,插电混动,160800,轿车,100.0,135.0,6,6.68
315,广州,10-20万,家用,"品牌,价格,续航,舒适性",9,银河L7,吉利,插电混动,162200,SUV,115.0,120.0,7,5.81
316,广州,10-20万,家用,"品牌,价格,续航,舒适性",11,UNI-V,长安,燃油,124400,轿车,0,138.0,8,5.38
317,广州,10-20万,商务,"动力,性价比,舒适性,智能化",1,秦PLUS,比亚迪,插电混动,139800,轿车,120.0,132.0,1,9.11
318,广州,10-20万,商务,"动力,性价比,舒适性,智能化",2,秦PLUS EV,比亚迪,纯电动,134800,轿车,510.0,135.0,2,8.56
319,广州,10-20万,商务,"动力,性价比,舒适性,智能化",6,星瑞,吉利,燃油,131700,轿车,0,140.0,3,8.03
320,广州,10-20万,商务,"动力,性价比,舒适性,智能化",8,帝豪L Hi·P,吉利,插电混动,160800,轿车,100.0,135.0,4,7.62
321,广州,10-20万,商务,"动力,性价比,舒适性,智能化",11,UNI-V,长安,燃油,124400,轿车,0,138.0,5,6.86
322,广州,10-20万,商务,"动力,性价比,舒适性,智能化",13,深蓝SL03,长安,纯电动,169400,轿车,570.0,190.0,6,6.43
323,广州,10-20万,商务,"动力,性价比,舒适性,智能化",20,欧拉好猫,长城,纯电动,134800,轿车,401.0,105.0,7,5.9
324,广州,10-20万,商务,"动力,性价比,舒适性,智能化",21,艾瑞泽8,奇瑞,燃油,122900,轿车,0,156.0,8,5.6
325,广州,10-20万,长途,"性价比,动力,智能化,舒适性",56,C01,零跑,纯电动,179800,轿车,717.0,200.0,1,9.01
326,广州,10-20万,长途,"性价比,动力,智能化,舒适性",57,C11,零跑,纯电动,189800,SUV,650.0,200.0,2,8.55
327,广州,10-20万,长途,"性价比,动力,智能化,舒适性",63,GT,哪吒,纯电动,179800,轿车,580.0,170.0,3,7.81
328,广州,10-20万,长途,"性价比,动力,智能化,舒适性",13,深蓝SL03,长安,纯电动,169400,轿车,570.0,190.0,4,7.34
329,广州,10-20万,长途,"性价比,动力,智能化,舒适性",60,C10,零跑,纯电动,148800,SUV,520.0,160.0,5,6.83
330,广州,10-20万,长途,"性价比,动力,智能化,舒适性",40,Mona M03,小鹏,纯电动,154800,轿车,515.0,170.0,6,6.31
331,广州,10-20万,长途,"性价比,动力,智能化,舒适性",2,秦PLUS EV,比亚迪,纯电动,134800,轿车,510.0,135.0,7,6.17
332,广州,10-20万,长途,"性价比,动力,智能化,舒适性",59,S01,零跑,纯电动,129800,跑车,510.0,170.0,8,5.65
333,广州,10-20万,越野,"舒适性,品牌,价格,动力",4,宋PLUS DM-i,比亚迪,插电混动,174800,SUV,110.0,145.0,1,9.17
334,广州,10-20万,越野,"舒适性,品牌,价格,动力",7,博越L,吉利,燃油,148200,SUV,0,160.0,2,8.44
335,广州,10-20万,越野,"舒适性,品牌,价格,动力",9,银河L7,吉利,插电混动,162200,SUV,115.0,120.0,3,8.1
336,广州,10-20万,越野,"舒适性,品牌,价格,动力",12,UNI-K,长安,燃油,167400,SUV,0,233.0,4,7.68
337,广州,10-20万,越野,"舒适性,品牌,价格,动力",14,深蓝S7,长安,增程,183900,SUV,200.0,160.0,5,6.92
338,广州,10-20万,越野,"舒适性,品牌,价格,动力",16,哈弗H6,长城,燃油,129350,SUV,0,135.0,6,6.33
339,广州,10-20万,越野,"舒适性,品牌,价格,动力",17,哈弗枭龙MAX,长城,插电混动,159800,SUV,81.0,150.0,7,6.05
340,广州,10-20万,越野,"舒适性,品牌,价格,动力",22,瑞虎8 PRO,奇瑞,燃油,156400,SUV,0,187.0,8,5.43
341,广州,20-30万,通勤,"性价比,空间,动力,续航",3,汉EV,比亚迪,纯电动,274800,轿车,605.0,180.0,1,8.92
342,广州,20-30万,通勤,"性价比,空间,动力,续航",5,海豹,比亚迪,纯电动,229800,轿车,550.0,230.0,2,8.34
343,广州,20-30万,通勤,"性价比,空间,动力,续航",18,坦克300,长城,燃油,254800,SUV,0,167.0,3,8.02
344,广州,20-30万,通勤,"性价比,空间,动力,续航",24,星途揽月,奇瑞,燃油,208900,SUV,0,192.0,4,7.66
345,广州,20-30万,通勤,"性价比,空间,动力,续航",35,L6,理想,增程,299800,SUV,130.0,85.0,5,6.86
346,广州,20-30万,通勤,"性价比,空间,动力,续航",36,G6,小鹏,纯电动,236900,SUV,580.0,218.0,6,6.47
347,广州,20-30万,通勤,"性价比,空间,动力,续航",38,P7i,小鹏,纯电动,256900,轿车,706.0,203.0,7,6.01
348,广州,20-30万,通勤,"性价比,空间,动力,续航",41,M5,问界,增程,294800,SUV,200.0,142.0,8,5.55
349,广州,20-30万,家用,"动力,智能化,品牌,空间",3,汉EV,比亚迪,纯电动,274800,轿车,605.0,180.0,1,9.08
350,广州,20-30万,家用,"动力,智能化,品牌,空间",5,海豹,比亚迪,纯电动,229800,轿车,550.0,230.0,2,8.41
351,广州,20-30万,家用,"动力,智能化,品牌,空间",18,坦克300,长城,燃油,254800,SUV,0,167.0,3,8.14
352,广州,20-30万,家用,"动力,智能化,品牌,空间",24,星途揽月,奇瑞,燃油,208900,SUV,0,192.0,4,7.4
353,广州,20-30万,家用,"动力,智能化,品牌,空间",35,L6,理想,增程,299800,SUV,130.0,85.0,5,6.85
354,广州,20-30万,家用,"动力,智能化,品牌,空间",36,G6,小鹏,纯电动,236900,SUV,580.0,218.0,6,6.68
355,广州,20-30万,家用,"动力,智能化,品牌,空间",38,P7i,小鹏,纯电动,256900,轿车,706.0,203.0,7,6.16
356,广州,20-30万,家用,"动力,智能化,品牌,空间",41,M5,问界,增程,294800,SUV,200.0,142.0,8,5.34
357,广州,20-30万,商务,"价格,续航,空间,舒适性",3,汉EV,比亚迪,纯电动,274800,轿车,605.0,180.0,1,8.95
358,广州,20-30万,商务,"价格,续航,空间,舒适性",5,海豹,比亚迪,纯电动,229800,轿车,550.0,230.0,2,8.37
359,广州,20-30万,商务,"价格,续航,空间,舒适性",38,P7i,小鹏,纯电动,256900,轿车,706.0,203.0,3,7.81
360,广州,20-30万,商务,"价格,续航,空间,舒适性",47,007,极氪,纯电动,264000,轿车,688.0,229.0,4,7.58
361,广州,20-30万,商务,"价格,续航,空间,舒适性",66,SU7,小米,纯电动,257900,轿车,700.0,220.0,5,7.13
362,广州,20-30万,商务,"价格,续航,空间,舒适性",76,凯美瑞,丰田,燃油,208300,轿车,0,152.0,6,6.67
363,广州,20-30万,商务,"价格,续航,空间,舒适性",80,亚洲龙,丰田,油电混动,239800,轿车,0,131.0,7,6.03
364,广州,20-30万,商务,"价格,续航,空间,舒适性",81,雅阁,本田,油电混动,209800,轿车,0,143.0,8,5.37
365,广州,20-30万,长途,"价格,空间,舒适性,智能化",69,YU7,小米,纯电动,289900,SUV,830.0,320.0,1,8.94
366,广州,20-30万,长途,"价格,空间,舒适性,智能化",38,P7i,小鹏,纯电动,256900,轿车,706.0,203.0,2,8.44
367,广州,20-30万,长途,"价格,空间,舒适性,智能化",66,SU7,小米,纯电动,257900,轿车,700.0,220.0,3,7.83
368,广州,20-30万,长途,"价格,空间,舒适性,智能化",47,007,极氪,纯电动,264000,轿车,688.0,229.0,4,7.45
369,广州,20-30万,长途,"价格,空间,舒适性,智能化",48,X,极氪,纯电动,219000,SUV,670.0,200.0,5,6.87
370,广州,20-30万,长途,"价格,空间,舒适性,智能化",49,X YOU,极氪,纯电动,264000,SUV,670.0,200.0,6,6.55
371,广州,20-30万,长途,"价格,空间,舒适性,智能化",42,M5 EV,问界,纯电动,279800,SUV,620.0,165.0,7,6.07
372,广州,20-30万,长途,"价格,空间,舒适性,智能化",3,汉EV,比亚迪,纯电动,274800,轿车,605.0,180.0,8,5.67
373,广州,20-30万,越野,"续航,品牌,舒适性,性价比",18,坦克300,长城,燃油,254800,SUV,0,167.0,1,9.18
374,广州,20-30万,越野,"续航,品牌,舒适性,性价比",24,星途揽月,奇瑞,燃油,208900,SUV,0,192.0,2,8.43
375,广州,20-30万,越野,"续航,品牌,舒适性,性价比",35,L6,理想,增程,299800,SUV,130.0,85.0,3,8.08
376,广州,20-30万,越野,"续航,品牌,舒适性,性价比",36,G6,小鹏,纯电动,236900,SUV,580.0,218.0,4,7.68
377,广州,20-30万,越野,"续航,品牌,舒适性,性价比",41,M5,问界,增程,294800,SUV,200.0,142.0,5,6.83
378,广州,20-30万,越野,"续航,品牌,舒适性,性价比",42,M5 EV,问界,纯电动,279800,SUV,620.0,165.0,6,6.54
379,广州,20-30万,越野,"续航,品牌,舒适性,性价比",48,X,极氪,纯电动,219000,SUV,670.0,200.0,7,6.12
380,广州,20-30万,越野,"续航,品牌,舒适性,性价比",49,X YOU,极氪,纯电动,264000,SUV,670.0,200.0,8,5.31
381,广州,30万以上,通勤,"品牌,续航,动力,舒适性",10,极氪001,吉利,纯电动,319000,轿车,741.0,310.0,1,8.88
382,广州,30万以上,通勤,"品牌,续航,动力,舒适性",19,坦克500,长城,油电混动,365000,SUV,0,180.0,2,8.41
383,广州,30万以上,通勤,"品牌,续航,动力,舒适性",26,ET5,蔚来,纯电动,323300,轿车,550.0,300.0,3,8.01
384,广州,30万以上,通勤,"品牌,续航,动力,舒适性",27,ET7,蔚来,纯电动,497000,轿车,675.0,360.0,4,7.67
385,广州,30万以上,通勤,"品牌,续航,动力,舒适性",28,ES6,蔚来,纯电动,402000,SUV,625.0,400.0,5,7.0
386,广州,30万以上,通勤,"品牌,续航,动力,舒适性",29,ES8,蔚来,纯电动,587000,SUV,580.0,400.0,6,6.66
387,广州,30万以上,通勤,"品牌,续航,动力,舒适性",30,全新蔚来ES6,蔚来,纯电动,402000,SUV,625.0,400.0,7,5.82
388,广州,30万以上,通勤,"品牌,续航,动力,舒适性",31,L7,理想,增程,349800,SUV,210.0,110.0,8,5.4
389,广州,30万以上,家用,"智能化,动力,空间,舒适性",10,极氪001,吉利,纯电动,319000,轿车,741.0,310.0,1,8.94
390,广州,30万以上,家用,"智能化,动力,空间,舒适性",19,坦克500,长城,油电混动,365000,SUV,0,180.0,2,8.41
391,广州,30万以上,家用,"智能化,动力,空间,舒适性",26,ET5,蔚来,纯电动,323300,轿车,550.0,300.0,3,8.2
392,广州,30万以上,家用,"智能化,动力,空间,舒适性",27,ET7,蔚来,纯电动,497000,轿车,675.0,360.0,4,7.56
393,广州,30万以上,家用,"智能化,动力,空间,舒适性",28,ES6,蔚来,纯电动,402000,SUV,625.0,400.0,5,7.06
394,广州,30万以上,家用,"智能化,动力,空间,舒适性",29,ES8,蔚来,纯电动,587000,SUV,580.0,400.0,6,6.43
395,广州,30万以上,家用,"智能化,动力,空间,舒适性",30,全新蔚来ES6,蔚来,纯电动,402000,SUV,625.0,400.0,7,5.81
396,广州,30万以上,家用,"智能化,动力,空间,舒适性",31,L7,理想,增程,349800,SUV,210.0,110.0,8,5.65
397,广州,30万以上,商务,"价格,舒适性,智能化,性价比",10,极氪001,吉利,纯电动,319000,轿车,741.0,310.0,1,8.92
398,广州,30万以上,商务,"价格,舒适性,智能化,性价比",26,ET5,蔚来,纯电动,323300,轿车,550.0,300.0,2,8.38
399,广州,30万以上,商务,"价格,舒适性,智能化,性价比",27,ET7,蔚来,纯电动,497000,轿车,675.0,360.0,3,7.99
400,广州,30万以上,商务,"价格,舒适性,智能化,性价比",34,MEGA,理想,纯电动,579800,MPV,700.0,230.0,4,7.46
401,广州,30万以上,商务,"价格,舒适性,智能化,性价比",39,X9,小鹏,纯电动,389900,MPV,702.0,230.0,5,7.08
402,广州,30万以上,商务,"价格,舒适性,智能化,性价比",44,M8,问界,增程,379800,MPV,200.0,140.0,6,6.41
403,广州,30万以上,商务,"价格,舒适性,智能化,性价比",46,001,极氪,纯电动,319000,轿车,741.0,310.0,7,5.95
404,广州,30万以上,商务,"价格,舒适性,智能化,性价比",50,001 FR,极氪,纯电动,789000,轿车,550.0,1247.0,8,5.45
405,广州,30万以上,长途,"品牌,空间,舒适性,动力",70,YU7 Pro,小米,纯电动,364900,SUV,830.0,320.0,1,8.85
406,广州,30万以上,长途,"品牌,空间,舒适性,动力",10,极氪001,吉利,纯电动,319000,轿车,741.0,310.0,2,8.44
407,广州,30万以上,长途,"品牌,空间,舒适性,动力",46,001,极氪,纯电动,319000,轿车,741.0,310.0,3,7.9
408,广州,30万以上,长途,"品牌,空间,舒适性,动力",128,Model S,特斯拉,纯电动,853900,轿车,715.0,371.0,4,7.38
409,广州,30万以上,长途,"品牌,空间,舒适性,动力",37,G9,小鹏,纯电动,389900,SUV,702.0,316.0,5,6.91
410,广州,30万以上,长途,"品牌,空间,舒适性,动力",39,X9,小鹏,纯电动,389900,MPV,702.0,230.0,6,6.33
411,广州,30万以上,长途,"品牌,空间,舒适性,动力",34,MEGA,理想,纯电动,579800,MPV,700.0,230.0,7,5.98
412,广州,30万以上,长途,"品牌,空间,舒适性,动力",67,SU7 Max,小米,纯电动,334900,轿车,700.0,425.0,8,5.57
413,广州,30万以上,越野,"舒适性,品牌,智能化,价格",19,坦克500,长城,油电混动,365000,SUV,0,180.0,1,8.81
414,广州,30万以上,越野,"舒适性,品牌,智能化,价格",28,ES6,蔚来,纯电动,402000,SUV,625.0,400.0,2,8.35
415,广州,30万以上,越野,"舒适性,品牌,智能化,价格",29,ES8,蔚来,纯电动,587000,SUV,580.0,400.0,3,8.1
416,广州,30万以上,越野,"舒适性,品牌,智能化,价格",30,全新蔚来ES6,蔚来,纯电动,402000,SUV,625.0,400.0,4,7.4
417,广州,30万以上,越野,"舒适性,品牌,智能化,价格",31,L7,理想,增程,349800,SUV,210.0,110.0,5,6.87
418,广州,30万以上,越野,"舒适性,品牌,智能化,价格",32,L8,理想,增程,369800,SUV,210.0,110.0,6,6.33
419,广州,30万以上,越野,"舒适性,品牌,智能化,价格",33,L9,理想,增程,444800,SUV,210.0,110.0,7,6.03
420,广州,30万以上,越野,"舒适性,品牌,智能化,价格",37,G9,小鹏,纯电动,389900,SUV,702.0,316.0,8,5.39
421,深圳,5-10万,通勤,"续航,品牌,价格,舒适性",15,逸动PLUS,长安,燃油,92400,轿车,0,118.0,1,9.09
422,深圳,5-10万,通勤,"续航,品牌,价格,舒适性",58,T03,零跑,纯电动,79800,轿车,403.0,95.0,2,8.59
423,深圳,5-10万,通勤,"续航,品牌,价格,舒适性",61,S,哪吒,纯电动,79800,轿车,318.0,70.0,3,7.94
424,深圳,5-10万,通勤,"续航,品牌,价格,舒适性",64,AYA,哪吒,纯电动,74800,轿车,318.0,70.0,4,7.66
425,深圳,5-10万,家用,"续航,性价比,智能化,空间",15,逸动PLUS,长安,燃油,92400,轿车,0,118.0,1,9.05
426,深圳,5-10万,家用,"续航,性价比,智能化,空间",58,T03,零跑,纯电动,79800,轿车,403.0,95.0,2,8.43
427,深圳,5-10万,家用,"续航,性价比,智能化,空间",61,S,哪吒,纯电动,79800,轿车,318.0,70.0,3,8.07
428,深圳,5-10万,家用,"续航,性价比,智能化,空间",64,AYA,哪吒,纯电动,74800,轿车,318.0,70.0,4,7.55
429,深圳,5-10万,商务,"价格,舒适性,续航,品牌",15,逸动PLUS,长安,燃油,92400,轿车,0,118.0,1,9.17
430,深圳,5-10万,商务,"价格,舒适性,续航,品牌",58,T03,零跑,纯电动,79800,轿车,403.0,95.0,2,8.67
431,深圳,5-10万,商务,"价格,舒适性,续航,品牌",61,S,哪吒,纯电动,79800,轿车,318.0,70.0,3,7.87
432,深圳,5-10万,商务,"价格,舒适性,续航,品牌",64,AYA,哪吒,纯电动,74800,轿车,318.0,70.0,4,7.59
433,深圳,5-10万,长途,"续航,价格,空间,性价比",58,T03,零跑,纯电动,79800,轿车,403.0,95.0,1,8.88
434,深圳,5-10万,长途,"续航,价格,空间,性价比",61,S,哪吒,纯电动,79800,轿车,318.0,70.0,2,8.59
435,深圳,5-10万,长途,"续航,价格,空间,性价比",64,AYA,哪吒,纯电动,74800,轿车,318.0,70.0,3,7.95
436,深圳,5-10万,长途,"续航,价格,空间,性价比",15,逸动PLUS,长安,燃油,92400,轿车,0,118.0,4,7.55
437,深圳,5-10万,越野,"空间,性价比,续航,品牌",15,逸动PLUS,长安,燃油,92400,轿车,0,118.0,1,9.04
438,深圳,5-10万,越野,"空间,性价比,续航,品牌",58,T03,零跑,纯电动,79800,轿车,403.0,95.0,2,8.37
439,深圳,5-10万,越野,"空间,性价比,续航,品牌",61,S,哪吒,纯电动,79800,轿车,318.0,70.0,3,7.92
440,深圳,5-10万,越野,"空间,性价比,续航,品牌",64,AYA,哪吒,纯电动,74800,轿车,318.0,70.0,4,7.57
441,深圳,10-20万,通勤,"价格,空间,续航,智能化",1,秦PLUS,比亚迪,插电混动,139800,轿车,120.0,132.0,1,8.8
442,深圳,10-20万,通勤,"价格,空间,续航,智能化",2,秦PLUS EV,比亚迪,纯电动,134800,轿车,510.0,135.0,2,8.37
443,深圳,10-20万,通勤,"价格,空间,续航,智能化",4,宋PLUS DM-i,比亚迪,插电混动,174800,SUV,110.0,145.0,3,7.88
444,深圳,10-20万,通勤,"价格,空间,续航,智能化",6,星瑞,吉利,燃油,131700,轿车,0,140.0,4,7.36
445,深圳,10-20万,通勤,"价格,空间,续航,智能化",7,博越L,吉利,燃油,148200,SUV,0,160.0,5,7.02
446,深圳,10-20万,通勤,"价格,空间,续航,智能化",8,帝豪L Hi·P,吉利,插电混动,160800,轿车,100.0,135.0,6,6.69
447,深圳,10-20万,通勤,"价格,空间,续航,智能化",9,银河L7,吉利,插电混动,162200,SUV,115.0,120.0,7,6.08
448,深圳,10-20万,通勤,"价格,空间,续航,智能化",11,UNI-V,长安,燃油,124400,轿车,0,138.0,8,5.58
449,深圳,10-20万,家用,"续航,性价比,品牌,动力",1,秦PLUS,比亚迪,插电混动,139800,轿车,120.0,132.0,1,9.1
450,深圳,10-20万,家用,"续航,性价比,品牌,动力",2,秦PLUS EV,比亚迪,纯电动,134800,轿车,510.0,135.0,2,8.39
451,深圳,10-20万,家用,"续航,性价比,品牌,动力",4,宋PLUS DM-i,比亚迪,插电混动,174800,SUV,110.0,145.0,3,7.96
452,深圳,10-20万,家用,"续航,性价比,品牌,动力",6,星瑞,吉利,燃油,131700,轿车,0,140.0,4,7.63
453,深圳,10-20万,家用,"续航,性价比,品牌,动力",7,博越L,吉利,燃油,148200,SUV,0,160.0,5,6.92
454,深圳,10-20万,家用,"续航,性价比,品牌,动力",8,帝豪L Hi·P,吉利,插电混动,160800,轿车,100.0,135.0,6,6.46
455,深圳,10-20万,家用,"续航,性价比,品牌,动力",9,银河L7,吉利,插电混动,162200,SUV,115.0,120.0,7,6.06
456,深圳,10-20万,家用,"续航,性价比,品牌,动力",11,UNI-V,长安,燃油,124400,轿车,0,138.0,8,5.39
457,深圳,10-20万,商务,"智能化,品牌,动力,续航",1,秦PLUS,比亚迪,插电混动,139800,轿车,120.0,132.0,1,9.01
458,深圳,10-20万,商务,"智能化,品牌,动力,续航",2,秦PLUS EV,比亚迪,纯电动,134800,轿车,510.0,135.0,2,8.56
459,深圳,10-20万,商务,"智能化,品牌,动力,续航",6,星瑞,吉利,燃油,131700,轿车,0,140.0,3,8.19
460,深圳,10-20万,商务,"智能化,品牌,动力,续航",8,帝豪L Hi·P,吉利,插电混动,160800,轿车,100.0,135.0,4,7.4
461,深圳,10-20万,商务,"智能化,品牌,动力,续航",11,UNI-V,长安,燃油,124400,轿车,0,138.0,5,7.1
462,深圳,10-20万,商务,"智能化,品牌,动力,续航",13,深蓝SL03,长安,纯电动,169400,轿车,570.0,190.0,6,6.33
463,深圳,10-20万,商务,"智能化,品牌,动力,续航",20,欧拉好猫,长城,纯电动,134800,轿车,401.0,105.0,7,5.83
464,深圳,10-20万,商务,"智能化,品牌,动力,续航",21,艾瑞泽8,奇瑞,燃油,122900,轿车,0,156.0,8,5.44
465,深圳,10-20万,长途,"价格,智能化,空间,性价比",56,C01,零跑,纯电动,179800,轿车,717.0,200.0,1,9.07
466,深圳,10-20万,长途,"价格,智能化,空间,性价比",57,C11,零跑,纯电动,189800,SUV,650.0,200.0,2,8.66
467,深圳,10-20万,长途,"价格,智能化,空间,性价比",63,GT,哪吒,纯电动,179800,轿车,580.0,170.0,3,7.98
468,深圳,10-20万,长途,"价格,智能化,空间,性价比",13,深蓝SL03,长安,纯电动,169400,轿车,570.0,190.0,4,7.69
469,深圳,10-20万,长途,"价格,智能化,空间,性价比",60,C10,零跑,纯电动,148800,SUV,520.0,160.0,5,7.07
470,深圳,10-20万,长途,"价格,智能化,空间,性价比",40,Mona M03,小鹏,纯电动,154800,轿车,515.0,170.0,6,6.43
471,深圳,10-20万,长途,"价格,智能化,空间,性价比",2,秦PLUS EV,比亚迪,纯电动,134800,轿车,510.0,135.0,7,6.11
472,深圳,10-20万,长途,"价格,智能化,空间,性价比",59,S01,零跑,纯电动,129800,跑车,510.0,170.0,8,5.67
473,深圳,10-20万,越野,"续航,智能化,动力,舒适性",4,宋PLUS DM-i,比亚迪,插电混动,174800,SUV,110.0,145.0,1,8.98
474,深圳,10-20万,越野,"续航,智能化,动力,舒适性",7,博越L,吉利,燃油,148200,SUV,0,160.0,2,8.6
475,深圳,10-20万,越野,"续航,智能化,动力,舒适性",9,银河L7,吉利,插电混动,162200,SUV,115.0,120.0,3,7.99
476,深圳,10-20万,越野,"续航,智能化,动力,舒适性",12,UNI-K,长安,燃油,167400,SUV,0,233.0,4,7.5
477,深圳,10-20万,越野,"续航,智能化,动力,舒适性",14,深蓝S7,长安,增程,183900,SUV,200.0,160.0,5,7.11
478,深圳,10-20万,越野,"续航,智能化,动力,舒适性",16,哈弗H6,长城,燃油,129350,SUV,0,135.0,6,6.43
479,深圳,10-20万,越野,"续航,智能化,动力,舒适性",17,哈弗枭龙MAX,长城,插电混动,159800,SUV,81.0,150.0,7,6.2
480,深圳,10-20万,越野,"续航,智能化,动力,舒适性",22,瑞虎8 PRO,奇瑞,燃油,156400,SUV,0,187.0,8,5.38
481,深圳,20-30万,通勤,"动力,价格,舒适性,性价比",3,汉EV,比亚迪,纯电动,274800,轿车,605.0,180.0,1,8.96
482,深圳,20-30万,通勤,"动力,价格,舒适性,性价比",5,海豹,比亚迪,纯电动,229800,轿车,550.0,230.0,2,8.65
483,深圳,20-30万,通勤,"动力,价格,舒适性,性价比",18,坦克300,长城,燃油,254800,SUV,0,167.0,3,7.93
484,深圳,20-30万,通勤,"动力,价格,舒适性,性价比",24,星途揽月,奇瑞,燃油,208900,SUV,0,192.0,4,7.62
485,深圳,20-30万,通勤,"动力,价格,舒适性,性价比",35,L6,理想,增程,299800,SUV,130.0,85.0,5,7.18
486,深圳,20-30万,通勤,"动力,价格,舒适性,性价比",36,G6,小鹏,纯电动,236900,SUV,580.0,218.0,6,6.46
487,深圳,20-30万,通勤,"动力,价格,舒适性,性价比",38,P7i,小鹏,纯电动,256900,轿车,706.0,203.0,7,6.15
488,深圳,20-30万,通勤,"动力,价格,舒适性,性价比",41,M5,问界,增程,294800,SUV,200.0,142.0,8,5.49
489,深圳,20-30万,家用,"动力,续航,舒适性,空间",3,汉EV,比亚迪,纯电动,274800,轿车,605.0,180.0,1,8.97
490,深圳,20-30万,家用,"动力,续航,舒适性,空间",5,海豹,比亚迪,纯电动,229800,轿车,550.0,230.0,2,8.31
491,深圳,20-30万,家用,"动力,续航,舒适性,空间",18,坦克300,长城,燃油,254800,SUV,0,167.0,3,7.86
492,深圳,20-30万,家用,"动力,续航,舒适性,空间",24,星途揽月,奇瑞,燃油,208900,SUV,0,192.0,4,7.43
493,深圳,20-30万,家用,"动力,续航,舒适性,空间",35,L6,理想,增程,299800,SUV,130.0,85.0,5,7.2
494,深圳,20-30万,家用,"动力,续航,舒适性,空间",36,G6,小鹏,纯电动,236900,SUV,580.0,218.0,6,6.55
495,深圳,20-30万,家用,"动力,续航,舒适性,空间",38,P7i,小鹏,纯电动,256900,轿车,706.0,203.0,7,5.96
496,深圳,20-30万,家用,"动力,续航,舒适性,空间",41,M5,问界,增程,294800,SUV,200.0,142.0,8,5.31
497,深圳,20-30万,商务,"动力,续航,智能化,品牌",3,汉EV,比亚迪,纯电动,274800,轿车,605.0,180.0,1,8.89
498,深圳,20-30万,商务,"动力,续航,智能化,品牌",5,海豹,比亚迪,纯电动,229800,轿车,550.0,230.0,2,8.31
499,深圳,20-30万,商务,"动力,续航,智能化,品牌",38,P7i,小鹏,纯电动,256900,轿车,706.0,203.0,3,7.99
500,深圳,20-30万,商务,"动力,续航,智能化,品牌",47,007,极氪,纯电动,264000,轿车,688.0,229.0,4,7.41
501,深圳,20-30万,商务,"动力,续航,智能化,品牌",66,SU7,小米,纯电动,257900,轿车,700.0,220.0,5,6.88
502,深圳,20-30万,商务,"动力,续航,智能化,品牌",76,凯美瑞,丰田,燃油,208300,轿车,0,152.0,6,6.5
503,深圳,20-30万,商务,"动力,续航,智能化,品牌",80,亚洲龙,丰田,油电混动,239800,轿车,0,131.0,7,5.86
504,深圳,20-30万,商务,"动力,续航,智能化,品牌",81,雅阁,本田,油电混动,209800,轿车,0,143.0,8,5.63
505,深圳,20-30万,长途,"智能化,续航,品牌,空间",69,YU7,小米,纯电动,289900,SUV,830.0,320.0,1,9.04
506,深圳,20-30万,长途,"智能化,续航,品牌,空间",38,P7i,小鹏,纯电动,256900,轿车,706.0,203.0,2,8.5
507,深圳,20-30万,长途,"智能化,续航,品牌,空间",66,SU7,小米,纯电动,257900,轿车,700.0,220.0,3,7.97
508,深圳,20-30万,长途,"智能化,续航,品牌,空间",47,007,极氪,纯电动,264000,轿车,688.0,229.0,4,7.64
509,深圳,20-30万,长途,"智能化,续航,品牌,空间",48,X,极氪,纯电动,219000,SUV,670.0,200.0,5,6.99
510,深圳,20-30万,长途,"智能化,续航,品牌,空间",49,X YOU,极氪,纯电动,264000,SUV,670.0,200.0,6,6.57
511,深圳,20-30万,长途,"智能化,续航,品牌,空间",42,M5 EV,问界,纯电动,279800,SUV,620.0,165.0,7,5.94
512,深圳,20-30万,长途,"智能化,续航,品牌,空间",3,汉EV,比亚迪,纯电动,274800,轿车,605.0,180.0,8,5.34
513,深圳,20-30万,越野,"舒适性,性价比,空间,智能化",18,坦克300,长城,燃油,254800,SUV,0,167.0,1,8.92
514,深圳,20-30万,越野,"舒适性,性价比,空间,智能化",24,星途揽月,奇瑞,燃油,208900,SUV,0,192.0,2,8.39
515,深圳,20-30万,越野,"舒适性,性价比,空间,智能化",35,L6,理想,增程,299800,SUV,130.0,85.0,3,8.18
516,深圳,20-30万,越野,"舒适性,性价比,空间,智能化",36,G6,小鹏,纯电动,236900,SUV,580.0,218.0,4,7.62
517,深圳,20-30万,越野,"舒适性,性价比,空间,智能化",41,M5,问界,增程,294800,SUV,200.0,142.0,5,6.97
518,深圳,20-30万,越野,"舒适性,性价比,空间,智能化",42,M5 EV,问界,纯电动,279800,SUV,620.0,165.0,6,6.31
519,深圳,20-30万,越野,"舒适性,性价比,空间,智能化",48,X,极氪,纯电动,219000,SUV,670.0,200.0,7,5.92
520,深圳,20-30万,越野,"舒适性,性价比,空间,智能化",49,X YOU,极氪,纯电动,264000,SUV,670.0,200.0,8,5.36
521,深圳,30万以上,通勤,"智能化,舒适性,性价比,空间",10,极氪001,吉利,纯电动,319000,轿车,741.0,310.0,1,9.04
522,深圳,30万以上,通勤,"智能化,舒适性,性价比,空间",19,坦克500,长城,油电混动,365000,SUV,0,180.0,2,8.54
523,深圳,30万以上,通勤,"智能化,舒适性,性价比,空间",26,ET5,蔚来,纯电动,323300,轿车,550.0,300.0,3,8.01
524,深圳,30万以上,通勤,"智能化,舒适性,性价比,空间",27,ET7,蔚来,纯电动,497000,轿车,675.0,360.0,4,7.44
525,深圳,30万以上,通勤,"智能化,舒适性,性价比,空间",28,ES6,蔚来,纯电动,402000,SUV,625.0,400.0,5,6.95
526,深圳,30万以上,通勤,"智能化,舒适性,性价比,空间",29,ES8,蔚来,纯电动,587000,SUV,580.0,400.0,6,6.58
527,深圳,30万以上,通勤,"智能化,舒适性,性价比,空间",30,全新蔚来ES6,蔚来,纯电动,402000,SUV,625.0,400.0,7,5.85
528,深圳,30万以上,通勤,"智能化,舒适性,性价比,空间",31,L7,理想,增程,349800,SUV,210.0,110.0,8,5.53
529,深圳,30万以上,家用,"性价比,价格,品牌,空间",10,极氪001,吉利,纯电动,319000,轿车,741.0,310.0,1,8.95
530,深圳,30万以上,家用,"性价比,价格,品牌,空间",19,坦克500,长城,油电混动,365000,SUV,0,180.0,2,8.4
531,深圳,30万以上,家用,"性价比,价格,品牌,空间",26,ET5,蔚来,纯电动,323300,轿车,550.0,300.0,3,8.18
532,深圳,30万以上,家用,"性价比,价格,品牌,空间",27,ET7,蔚来,纯电动,497000,轿车,675.0,360.0,4,7.58
533,深圳,30万以上,家用,"性价比,价格,品牌,空间",28,ES6,蔚来,纯电动,402000,SUV,625.0,400.0,5,7.16
534,深圳,30万以上,家用,"性价比,价格,品牌,空间",29,ES8,蔚来,纯电动,587000,SUV,580.0,400.0,6,6.66
535,深圳,30万以上,家用,"性价比,价格,品牌,空间",30,全新蔚来ES6,蔚来,纯电动,402000,SUV,625.0,400.0,7,6.05
536,深圳,30万以上,家用,"性价比,价格,品牌,空间",31,L7,理想,增程,349800,SUV,210.0,110.0,8,5.66
537,深圳,30万以上,商务,"性价比,品牌,动力,智能化",10,极氪001,吉利,纯电动,319000,轿车,741.0,310.0,1,8.94
538,深圳,30万以上,商务,"性价比,品牌,动力,智能化",26,ET5,蔚来,纯电动,323300,轿车,550.0,300.0,2,8.62
539,深圳,30万以上,商务,"性价比,品牌,动力,智能化",27,ET7,蔚来,纯电动,497000,轿车,675.0,360.0,3,8.08
540,深圳,30万以上,商务,"性价比,品牌,动力,智能化",34,MEGA,理想,纯电动,579800,MPV,700.0,230.0,4,7.66
541,深圳,30万以上,商务,"性价比,品牌,动力,智能化",39,X9,小鹏,纯电动,389900,MPV,702.0,230.0,5,7.19
542,深圳,30万以上,商务,"性价比,品牌,动力,智能化",44,M8,问界,增程,379800,MPV,200.0,140.0,6,6.61
543,深圳,30万以上,商务,"性价比,品牌,动力,智能化",46,001,极氪,纯电动,319000,轿车,741.0,310.0,7,6.03
544,深圳,30万以上,商务,"性价比,品牌,动力,智能化",50,001 FR,极氪,纯电动,789000,轿车,550.0,1247.0,8,5.66
545,深圳,30万以上,长途,"空间,品牌,续航,性价比",70,YU7 Pro,小米,纯电动,364900,SUV,830.0,320.0,1,9.03
546,深圳,30万以上,长途,"空间,品牌,续航,性价比",10,极氪001,吉利,纯电动,319000,轿车,741.0,310.0,2,8.66
547,深圳,30万以上,长途,"空间,品牌,续航,性价比",46,001,极氪,纯电动,319000,轿车,741.0,310.0,3,7.93
548,深圳,30万以上,长途,"空间,品牌,续航,性价比",128,Model S,特斯拉,纯电动,853900,轿车,715.0,371.0,4,7.65
549,深圳,30万以上,长途,"空间,品牌,续航,性价比",37,G9,小鹏,纯电动,389900,SUV,702.0,316.0,5,6.95
550,深圳,30万以上,长途,"空间,品牌,续航,性价比",39,X9,小鹏,纯电动,389900,MPV,702.0,230.0,6,6.36
551,深圳,30万以上,长途,"空间,品牌,续航,性价比",34,MEGA,理想,纯电动,579800,MPV,700.0,230.0,7,5.93
552,深圳,30万以上,长途,"空间,品牌,续航,性价比",67,SU7 Max,小米,纯电动,334900,轿车,700.0,425.0,8,5.51
553,深圳,30万以上,越野,"性价比,智能化,舒适性,动力",19,坦克500,长城,油电混动,365000,SUV,0,180.0,1,8.83
554,深圳,30万以上,越野,"性价比,智能化,舒适性,动力",28,ES6,蔚来,纯电动,402000,SUV,625.0,400.0,2,8.46
555,深圳,30万以上,越野,"性价比,智能化,舒适性,动力",29,ES8,蔚来,纯电动,587000,SUV,580.0,400.0,3,7.88
556,深圳,30万以上,越野,"性价比,智能化,舒适性,动力",30,全新蔚来ES6,蔚来,纯电动,402000,SUV,625.0,400.0,4,7.61
557,深圳,30万以上,越野,"性价比,智能化,舒适性,动力",31,L7,理想,增程,349800,SUV,210.0,110.0,5,7.08
558,深圳,30万以上,越野,"性价比,智能化,舒适性,动力",32,L8,理想,增程,369800,SUV,210.0,110.0,6,6.45
559,深圳,30万以上,越野,"性价比,智能化,舒适性,动力",33,L9,理想,增程,444800,SUV,210.0,110.0,7,6.11
560,深圳,30万以上,越野,"性价比,智能化,舒适性,动力",37,G9,小鹏,纯电动,389900,SUV,702.0,316.0,8,5.49
561,杭州,5-10万,通勤,"空间,舒适性,价格,动力",15,逸动PLUS,长安,燃油,92400,轿车,0,118.0,1,8.94
562,杭州,5-10万,通勤,"空间,舒适性,价格,动力",58,T03,零跑,纯电动,79800,轿车,403.0,95.0,2,8.55
563,杭州,5-10万,通勤,"空间,舒适性,价格,动力",61,S,哪吒,纯电动,79800,轿车,318.0,70.0,3,8.02
564,杭州,5-10万,通勤,"空间,舒适性,价格,动力",64,AYA,哪吒,纯电动,74800,轿车,318.0,70.0,4,7.61
565,杭州,5-10万,家用,"舒适性,空间,动力,智能化",15,逸动PLUS,长安,燃油,92400,轿车,0,118.0,1,9.15
566,杭州,5-10万,家用,"舒适性,空间,动力,智能化",58,T03,零跑,纯电动,79800,轿车,403.0,95.0,2,8.38
567,杭州,5-10万,家用,"舒适性,空间,动力,智能化",61,S,哪吒,纯电动,79800,轿车,318.0,70.0,3,8.12
568,杭州,5-10万,家用,"舒适性,空间,动力,智能化",64,AYA,哪吒,纯电动,74800,轿车,318.0,70.0,4,7.38
569,杭州,5-10万,商务,"续航,动力,舒适性,价格",15,逸动PLUS,长安,燃油,92400,轿车,0,118.0,1,9.09
570,杭州,5-10万,商务,"续航,动力,舒适性,价格",58,T03,零跑,纯电动,79800,轿车,403.0,95.0,2,8.38
571,杭州,5-10万,商务,"续航,动力,舒适性,价格",61,S,哪吒,纯电动,79800,轿车,318.0,70.0,3,8.12
572,杭州,5-10万,商务,"续航,动力,舒适性,价格",64,AYA,哪吒,纯电动,74800,轿车,318.0,70.0,4,7.41
573,杭州,5-10万,长途,"品牌,空间,舒适性,价格",58,T03,零跑,纯电动,79800,轿车,403.0,95.0,1,8.92
574,杭州,5-10万,长途,"品牌,空间,舒适性,价格",61,S,哪吒,纯电动,79800,轿车,318.0,70.0,2,8.38
575,杭州,5-10万,长途,"品牌,空间,舒适性,价格",64,AYA,哪吒,纯电动,74800,轿车,318.0,70.0,3,7.92
576,杭州,5-10万,长途,"品牌,空间,舒适性,价格",15,逸动PLUS,长安,燃油,92400,轿车,0,118.0,4,7.31
577,杭州,5-10万,越野,"品牌,价格,动力,空间",15,逸动PLUS,长安,燃油,92400,轿车,0,118.0,1,9.11
578,杭州,5-10万,越野,"品牌,价格,动力,空间",58,T03,零跑,纯电动,79800,轿车,403.0,95.0,2,8.7
579,杭州,5-10万,越野,"品牌,价格,动力,空间",61,S,哪吒,纯电动,79800,轿车,318.0,70.0,3,7.98
580,杭州,5-10万,越野,"品牌,价格,动力,空间",64,AYA,哪吒,纯电动,74800,轿车,318.0,70.0,4,7.45
581,杭州,10-20万,通勤,"动力,智能化,空间,性价比",1,秦PLUS,比亚迪,插电混动,139800,轿车,120.0,132.0,1,8.84
582,杭州,10-20万,通勤,"动力,智能化,空间,性价比",2,秦PLUS EV,比亚迪,纯电动,134800,轿车,510.0,135.0,2,8.41
583,杭州,10-20万,通勤,"动力,智能化,空间,性价比",4,宋PLUS DM-i,比亚迪,插电混动,174800,SUV,110.0,145.0,3,7.91
584,杭州,10-20万,通勤,"动力,智能化,空间,性价比",6,星瑞,吉利,燃油,131700,轿车,0,140.0,4,7.58
585,杭州,10-20万,通勤,"动力,智能化,空间,性价比",7,博越L,吉利,燃油,148200,SUV,0,160.0,5,6.98
586,杭州,10-20万,通勤,"动力,智能化,空间,性价比",8,帝豪L Hi·P,吉利,插电混动,160800,轿车,100.0,135.0,6,6.37
587,杭州,10-20万,通勤,"动力,智能化,空间,性价比",9,银河L7,吉利,插电混动,162200,SUV,115.0,120.0,7,5.85
588,杭州,10-20万,通勤,"动力,智能化,空间,性价比",11,UNI-V,长安,燃油,124400,轿车,0,138.0,8,5.68
589,杭州,10-20万,家用,"续航,价格,动力,智能化",1,秦PLUS,比亚迪,插电混动,139800,轿车,120.0,132.0,1,8.99
590,杭州,10-20万,家用,"续航,价格,动力,智能化",2,秦PLUS EV,比亚迪,纯电动,134800,轿车,510.0,135.0,2,8.36
591,杭州,10-20万,家用,"续航,价格,动力,智能化",4,宋PLUS DM-i,比亚迪,插电混动,174800,SUV,110.0,145.0,3,8.13
592,杭州,10-20万,家用,"续航,价格,动力,智能化",6,星瑞,吉利,燃油,131700,轿车,0,140.0,4,7.45
593,杭州,10-20万,家用,"续航,价格,动力,智能化",7,博越L,吉利,燃油,148200,SUV,0,160.0,5,6.81
594,杭州,10-20万,家用,"续航,价格,动力,智能化",8,帝豪L Hi·P,吉利,插电混动,160800,轿车,100.0,135.0,6,6.47
595,杭州,10-20万,家用,"续航,价格,动力,智能化",9,银河L7,吉利,插电混动,162200,SUV,115.0,120.0,7,5.93
596,杭州,10-20万,家用,"续航,价格,动力,智能化",11,UNI-V,长安,燃油,124400,轿车,0,138.0,8,5.37
597,杭州,10-20万,商务,"价格,舒适性,动力,品牌",1,秦PLUS,比亚迪,插电混动,139800,轿车,120.0,132.0,1,9.03
598,杭州,10-20万,商务,"价格,舒适性,动力,品牌",2,秦PLUS EV,比亚迪,纯电动,134800,轿车,510.0,135.0,2,8.53
599,杭州,10-20万,商务,"价格,舒适性,动力,品牌",6,星瑞,吉利,燃油,131700,轿车,0,140.0,3,8.15
600,杭州,10-20万,商务,"价格,舒适性,动力,品牌",8,帝豪L Hi·P,吉利,插电混动,160800,轿车,100.0,135.0,4,7.32
601,杭州,10-20万,商务,"价格,舒适性,动力,品牌",11,UNI-V,长安,燃油,124400,轿车,0,138.0,5,7.09
602,杭州,10-20万,商务,"价格,舒适性,动力,品牌",13,深蓝SL03,长安,纯电动,169400,轿车,570.0,190.0,6,6.35
603,杭州,10-20万,商务,"价格,舒适性,动力,品牌",20,欧拉好猫,长城,纯电动,134800,轿车,401.0,105.0,7,5.83
604,杭州,10-20万,商务,"价格,舒适性,动力,品牌",21,艾瑞泽8,奇瑞,燃油,122900,轿车,0,156.0,8,5.33
605,杭州,10-20万,长途,"动力,价格,智能化,续航",56,C01,零跑,纯电动,179800,轿车,717.0,200.0,1,9.18
606,杭州,10-20万,长途,"动力,价格,智能化,续航",57,C11,零跑,纯电动,189800,SUV,650.0,200.0,2,8.39
607,杭州,10-20万,长途,"动力,价格,智能化,续航",63,GT,哪吒,纯电动,179800,轿车,580.0,170.0,3,8.1
608,杭州,10-20万,长途,"动力,价格,智能化,续航",13,深蓝SL03,长安,纯电动,169400,轿车,570.0,190.0,4,7.69
609,杭州,10-20万,长途,"动力,价格,智能化,续航",60,C10,零跑,纯电动,148800,SUV,520.0,160.0,5,6.94
610,杭州,10-20万,长途,"动力,价格,智能化,续航",40,Mona M03,小鹏,纯电动,154800,轿车,515.0,170.0,6,6.47
611,杭州,10-20万,长途,"动力,价格,智能化,续航",2,秦PLUS EV,比亚迪,纯电动,134800,轿车,510.0,135.0,7,6.1
612,杭州,10-20万,长途,"动力,价格,智能化,续航",59,S01,零跑,纯电动,129800,跑车,510.0,170.0,8,5.5
613,杭州,10-20万,越野,"价格,智能化,空间,舒适性",4,宋PLUS DM-i,比亚迪,插电混动,174800,SUV,110.0,145.0,1,9.08
614,杭州,10-20万,越野,"价格,智能化,空间,舒适性",7,博越L,吉利,燃油,148200,SUV,0,160.0,2,8.52
615,杭州,10-20万,越野,"价格,智能化,空间,舒适性",9,银河L7,吉利,插电混动,162200,SUV,115.0,120.0,3,7.84
616,杭州,10-20万,越野,"价格,智能化,空间,舒适性",12,UNI-K,长安,燃油,167400,SUV,0,233.0,4,7.38
617,杭州,10-20万,越野,"价格,智能化,空间,舒适性",14,深蓝S7,长安,增程,183900,SUV,200.0,160.0,5,6.86
618,杭州,10-20万,越野,"价格,智能化,空间,舒适性",16,哈弗H6,长城,燃油,129350,SUV,0,135.0,6,6.61
619,杭州,10-20万,越野,"价格,智能化,空间,舒适性",17,哈弗枭龙MAX,长城,插电混动,159800,SUV,81.0,150.0,7,6.15
620,杭州,10-20万,越野,"价格,智能化,空间,舒适性",22,瑞虎8 PRO,奇瑞,燃油,156400,SUV,0,187.0,8,5.39
621,杭州,20-30万,通勤,"价格,舒适性,品牌,智能化",3,汉EV,比亚迪,纯电动,274800,轿车,605.0,180.0,1,8.81
622,杭州,20-30万,通勤,"价格,舒适性,品牌,智能化",5,海豹,比亚迪,纯电动,229800,轿车,550.0,230.0,2,8.56
623,杭州,20-30万,通勤,"价格,舒适性,品牌,智能化",18,坦克300,长城,燃油,254800,SUV,0,167.0,3,8.08
624,杭州,20-30万,通勤,"价格,舒适性,品牌,智能化",24,星途揽月,奇瑞,燃油,208900,SUV,0,192.0,4,7.49
625,杭州,20-30万,通勤,"价格,舒适性,品牌,智能化",35,L6,理想,增程,299800,SUV,130.0,85.0,5,6.82
626,杭州,20-30万,通勤,"价格,舒适性,品牌,智能化",36,G6,小鹏,纯电动,236900,SUV,580.0,218.0,6,6.6
627,杭州,20-30万,通勤,"价格,舒适性,品牌,智能化",38,P7i,小鹏,纯电动,256900,轿车,706.0,203.0,7,6.18
628,杭州,20-30万,通勤,"价格,舒适性,品牌,智能化",41,M5,问界,增程,294800,SUV,200.0,142.0,8,5.68
629,杭州,20-30万,家用,"动力,智能化,性价比,舒适性",3,汉EV,比亚迪,纯电动,274800,轿车,605.0,180.0,1,8.96
630,杭州,20-30万,家用,"动力,智能化,性价比,舒适性",5,海豹,比亚迪,纯电动,229800,轿车,550.0,230.0,2,8.55
631,杭州,20-30万,家用,"动力,智能化,性价比,舒适性",18,坦克300,长城,燃油,254800,SUV,0,167.0,3,7.96
632,杭州,20-30万,家用,"动力,智能化,性价比,舒适性",24,星途揽月,奇瑞,燃油,208900,SUV,0,192.0,4,7.5
633,杭州,20-30万,家用,"动力,智能化,性价比,舒适性",35,L6,理想,增程,299800,SUV,130.0,85.0,5,6.92
634,杭州,20-30万,家用,"动力,智能化,性价比,舒适性",36,G6,小鹏,纯电动,236900,SUV,580.0,218.0,6,6.31
635,杭州,20-30万,家用,"动力,智能化,性价比,舒适性",38,P7i,小鹏,纯电动,256900,轿车,706.0,203.0,7,6.09
636,杭州,20-30万,家用,"动力,智能化,性价比,舒适性",41,M5,问界,增程,294800,SUV,200.0,142.0,8,5.47
637,杭州,20-30万,商务,"续航,价格,性价比,智能化",3,汉EV,比亚迪,纯电动,274800,轿车,605.0,180.0,1,8.81
638,杭州,20-30万,商务,"续航,价格,性价比,智能化",5,海豹,比亚迪,纯电动,229800,轿车,550.0,230.0,2,8.39
639,杭州,20-30万,商务,"续航,价格,性价比,智能化",38,P7i,小鹏,纯电动,256900,轿车,706.0,203.0,3,8.0
640,杭州,20-30万,商务,"续航,价格,性价比,智能化",47,007,极氪,纯电动,264000,轿车,688.0,229.0,4,7.44
641,杭州,20-30万,商务,"续航,价格,性价比,智能化",66,SU7,小米,纯电动,257900,轿车,700.0,220.0,5,6.83
642,杭州,20-30万,商务,"续航,价格,性价比,智能化",76,凯美瑞,丰田,燃油,208300,轿车,0,152.0,6,6.65
643,杭州,20-30万,商务,"续航,价格,性价比,智能化",80,亚洲龙,丰田,油电混动,239800,轿车,0,131.0,7,6.0
644,杭州,20-30万,商务,"续航,价格,性价比,智能化",81,雅阁,本田,油电混动,209800,轿车,0,143.0,8,5.63
645,杭州,20-30万,长途,"品牌,续航,性价比,智能化",69,YU7,小米,纯电动,289900,SUV,830.0,320.0,1,8.8
646,杭州,20-30万,长途,"品牌,续航,性价比,智能化",38,P7i,小鹏,纯电动,256900,轿车,706.0,203.0,2,8.55
647,杭州,20-30万,长途,"品牌,续航,性价比,智能化",66,SU7,小米,纯电动,257900,轿车,700.0,220.0,3,8.05
648,杭州,20-30万,长途,"品牌,续航,性价比,智能化",47,007,极氪,纯电动,264000,轿车,688.0,229.0,4,7.41
649,杭州,20-30万,长途,"品牌,续航,性价比,智能化",48,X,极氪,纯电动,219000,SUV,670.0,200.0,5,6.95
650,杭州,20-30万,长途,"品牌,续航,性价比,智能化",49,X YOU,极氪,纯电动,264000,SUV,670.0,200.0,6,6.46
651,杭州,20-30万,长途,"品牌,续航,性价比,智能化",42,M5 EV,问界,纯电动,279800,SUV,620.0,165.0,7,6.13
652,杭州,20-30万,长途,"品牌,续航,性价比,智能化",3,汉EV,比亚迪,纯电动,274800,轿车,605.0,180.0,8,5.6
653,杭州,20-30万,越野,"智能化,动力,续航,品牌",18,坦克300,长城,燃油,254800,SUV,0,167.0,1,9.16
654,杭州,20-30万,越野,"智能化,动力,续航,品牌",24,星途揽月,奇瑞,燃油,208900,SUV,0,192.0,2,8.46
655,杭州,20-30万,越野,"智能化,动力,续航,品牌",35,L6,理想,增程,299800,SUV,130.0,85.0,3,8.06
656,杭州,20-30万,越野,"智能化,动力,续航,品牌",36,G6,小鹏,纯电动,236900,SUV,580.0,218.0,4,7.48
657,杭州,20-30万,越野,"智能化,动力,续航,品牌",41,M5,问界,增程,294800,SUV,200.0,142.0,5,6.98
658,杭州,20-30万,越野,"智能化,动力,续航,品牌",42,M5 EV,问界,纯电动,279800,SUV,620.0,165.0,6,6.69
659,杭州,20-30万,越野,"智能化,动力,续航,品牌",48,X,极氪,纯电动,219000,SUV,670.0,200.0,7,6.07
660,杭州,20-30万,越野,"智能化,动力,续航,品牌",49,X YOU,极氪,纯电动,264000,SUV,670.0,200.0,8,5.61
661,杭州,30万以上,通勤,"空间,续航,价格,舒适性",10,极氪001,吉利,纯电动,319000,轿车,741.0,310.0,1,8.95
662,杭州,30万以上,通勤,"空间,续航,价格,舒适性",19,坦克500,长城,油电混动,365000,SUV,0,180.0,2,8.34
663,杭州,30万以上,通勤,"空间,续航,价格,舒适性",26,ET5,蔚来,纯电动,323300,轿车,550.0,300.0,3,8.17
664,杭州,30万以上,通勤,"空间,续航,价格,舒适性",27,ET7,蔚来,纯电动,497000,轿车,675.0,360.0,4,7.38
665,杭州,30万以上,通勤,"空间,续航,价格,舒适性",28,ES6,蔚来,纯电动,402000,SUV,625.0,400.0,5,7.1
666,杭州,30万以上,通勤,"空间,续航,价格,舒适性",29,ES8,蔚来,纯电动,587000,SUV,580.0,400.0,6,6.59
667,杭州,30万以上,通勤,"空间,续航,价格,舒适性",30,全新蔚来ES6,蔚来,纯电动,402000,SUV,625.0,400.0,7,5.92
668,杭州,30万以上,通勤,"空间,续航,价格,舒适性",31,L7,理想,增程,349800,SUV,210.0,110.0,8,5.58
669,杭州,30万以上,家用,"空间,智能化,动力,舒适性",10,极氪001,吉利,纯电动,319000,轿车,741.0,310.0,1,8.99
670,杭州,30万以上,家用,"空间,智能化,动力,舒适性",19,坦克500,长城,油电混动,365000,SUV,0,180.0,2,8.56
671,杭州,30万以上,家用,"空间,智能化,动力,舒适性",26,ET5,蔚来,纯电动,323300,轿车,550.0,300.0,3,7.89
672,杭州,30万以上,家用,"空间,智能化,动力,舒适性",27,ET7,蔚来,纯电动,497000,轿车,675.0,360.0,4,7.66
673,杭州,30万以上,家用,"空间,智能化,动力,舒适性",28,ES6,蔚来,纯电动,402000,SUV,625.0,400.0,5,7.14
674,杭州,30万以上,家用,"空间,智能化,动力,舒适性",29,ES8,蔚来,纯电动,587000,SUV,580.0,400.0,6,6.39
675,杭州,30万以上,家用,"空间,智能化,动力,舒适性",30,全新蔚来ES6,蔚来,纯电动,402000,SUV,625.0,400.0,7,5.81
676,杭州,30万以上,家用,"空间,智能化,动力,舒适性",31,L7,理想,增程,349800,SUV,210.0,110.0,8,5.3
677,杭州,30万以上,商务,"动力,品牌,性价比,续航",10,极氪001,吉利,纯电动,319000,轿车,741.0,310.0,1,9.0
678,杭州,30万以上,商务,"动力,品牌,性价比,续航",26,ET5,蔚来,纯电动,323300,轿车,550.0,300.0,2,8.59
679,杭州,30万以上,商务,"动力,品牌,性价比,续航",27,ET7,蔚来,纯电动,497000,轿车,675.0,360.0,3,8.09
680,杭州,30万以上,商务,"动力,品牌,性价比,续航",34,MEGA,理想,纯电动,579800,MPV,700.0,230.0,4,7.48
681,杭州,30万以上,商务,"动力,品牌,性价比,续航",39,X9,小鹏,纯电动,389900,MPV,702.0,230.0,5,6.96
682,杭州,30万以上,商务,"动力,品牌,性价比,续航",44,M8,问界,增程,379800,MPV,200.0,140.0,6,6.6
683,杭州,30万以上,商务,"动力,品牌,性价比,续航",46,001,极氪,纯电动,319000,轿车,741.0,310.0,7,6.17
684,杭州,30万以上,商务,"动力,品牌,性价比,续航",50,001 FR,极氪,纯电动,789000,轿车,550.0,1247.0,8,5.49
685,杭州,30万以上,长途,"智能化,品牌,舒适性,续航",70,YU7 Pro,小米,纯电动,364900,SUV,830.0,320.0,1,8.83
686,杭州,30万以上,长途,"智能化,品牌,舒适性,续航",10,极氪001,吉利,纯电动,319000,轿车,741.0,310.0,2,8.34
687,杭州,30万以上,长途,"智能化,品牌,舒适性,续航",46,001,极氪,纯电动,319000,轿车,741.0,310.0,3,7.8
688,杭州,30万以上,长途,"智能化,品牌,舒适性,续航",128,Model S,特斯拉,纯电动,853900,轿车,715.0,371.0,4,7.31
689,杭州,30万以上,长途,"智能化,品牌,舒适性,续航",37,G9,小鹏,纯电动,389900,SUV,702.0,316.0,5,6.82
690,杭州,30万以上,长途,"智能化,品牌,舒适性,续航",39,X9,小鹏,纯电动,389900,MPV,702.0,230.0,6,6.3
691,杭州,30万以上,长途,"智能化,品牌,舒适性,续航",34,MEGA,理想,纯电动,579800,MPV,700.0,230.0,7,5.91
692,杭州,30万以上,长途,"智能化,品牌,舒适性,续航",67,SU7 Max,小米,纯电动,334900,轿车,700.0,425.0,8,5.3
693,杭州,30万以上,越野,"性价比,空间,舒适性,智能化",19,坦克500,长城,油电混动,365000,SUV,0,180.0,1,9.18
694,杭州,30万以上,越野,"性价比,空间,舒适性,智能化",28,ES6,蔚来,纯电动,402000,SUV,625.0,400.0,2,8.34
695,杭州,30万以上,越野,"性价比,空间,舒适性,智能化",29,ES8,蔚来,纯电动,587000,SUV,580.0,400.0,3,7.95
696,杭州,30万以上,越野,"性价比,空间,舒适性,智能化",30,全新蔚来ES6,蔚来,纯电动,402000,SUV,625.0,400.0,4,7.56
697,杭州,30万以上,越野,"性价比,空间,舒适性,智能化",31,L7,理想,增程,349800,SUV,210.0,110.0,5,7.19
698,杭州,30万以上,越野,"性价比,空间,舒适性,智能化",32,L8,理想,增程,369800,SUV,210.0,110.0,6,6.6
699,杭州,30万以上,越野,"性价比,空间,舒适性,智能化",33,L9,理想,增程,444800,SUV,210.0,110.0,7,5.95
700,杭州,30万以上,越野,"性价比,空间,舒适性,智能化",37,G9,小鹏,纯电动,389900,SUV,702.0,316.0,8,5.41
701,成都,5-10万,通勤,"价格,动力,性价比,舒适性",15,逸动PLUS,长安,燃油,92400,轿车,0,118.0,1,8.92
702,成都,5-10万,通勤,"价格,动力,性价比,舒适性",58,T03,零跑,纯电动,79800,轿车,403.0,95.0,2,8.41
703,成都,5-10万,通勤,"价格,动力,性价比,舒适性",61,S,哪吒,纯电动,79800,轿车,318.0,70.0,3,8.17
704,成都,5-10万,通勤,"价格,动力,性价比,舒适性",64,AYA,哪吒,纯电动,74800,轿车,318.0,70.0,4,7.65
705,成都,5-10万,家用,"空间,价格,舒适性,品牌",15,逸动PLUS,长安,燃油,92400,轿车,0,118.0,1,9.15
706,成都,5-10万,家用,"空间,价格,舒适性,品牌",58,T03,零跑,纯电动,79800,轿车,403.0,95.0,2,8.67
707,成都,5-10万,家用,"空间,价格,舒适性,品牌",61,S,哪吒,纯电动,79800,轿车,318.0,70.0,3,7.87
708,成都,5-10万,家用,"空间,价格,舒适性,品牌",64,AYA,哪吒,纯电动,74800,轿车,318.0,70.0,4,7.35
709,成都,5-10万,商务,"空间,性价比,智能化,舒适性",15,逸动PLUS,长安,燃油,92400,轿车,0,118.0,1,8.91
710,成都,5-10万,商务,"空间,性价比,智能化,舒适性",58,T03,零跑,纯电动,79800,轿车,403.0,95.0,2,8.31
711,成都,5-10万,商务,"空间,性价比,智能化,舒适性",61,S,哪吒,纯电动,79800,轿车,318.0,70.0,3,8.03
712,成都,5-10万,商务,"空间,性价比,智能化,舒适性",64,AYA,哪吒,纯电动,74800,轿车,318.0,70.0,4,7.33
713,成都,5-10万,长途,"动力,续航,价格,空间",58,T03,零跑,纯电动,79800,轿车,403.0,95.0,1,9.07
714,成都,5-10万,长途,"动力,续航,价格,空间",61,S,哪吒,纯电动,79800,轿车,318.0,70.0,2,8.31
715,成都,5-10万,长途,"动力,续航,价格,空间",64,AYA,哪吒,纯电动,74800,轿车,318.0,70.0,3,8.0
716,成都,5-10万,长途,"动力,续航,价格,空间",15,逸动PLUS,长安,燃油,92400,轿车,0,118.0,4,7.63
717,成都,5-10万,越野,"品牌,续航,价格,智能化",15,逸动PLUS,长安,燃油,92400,轿车,0,118.0,1,9.16
718,成都,5-10万,越野,"品牌,续航,价格,智能化",58,T03,零跑,纯电动,79800,轿车,403.0,95.0,2,8.56
719,成都,5-10万,越野,"品牌,续航,价格,智能化",61,S,哪吒,纯电动,79800,轿车,318.0,70.0,3,8.18
720,成都,5-10万,越野,"品牌,续航,价格,智能化",64,AYA,哪吒,纯电动,74800,轿车,318.0,70.0,4,7.65
721,成都,10-20万,通勤,"智能化,舒适性,空间,续航",1,秦PLUS,比亚迪,插电混动,139800,轿车,120.0,132.0,1,9.12
722,成都,10-20万,通勤,"智能化,舒适性,空间,续航",2,秦PLUS EV,比亚迪,纯电动,134800,轿车,510.0,135.0,2,8.31
723,成都,10-20万,通勤,"智能化,舒适性,空间,续航",4,宋PLUS DM-i,比亚迪,插电混动,174800,SUV,110.0,145.0,3,7.91
724,成都,10-20万,通勤,"智能化,舒适性,空间,续航",6,星瑞,吉利,燃油,131700,轿车,0,140.0,4,7.65
725,成都,10-20万,通勤,"智能化,舒适性,空间,续航",7,博越L,吉利,燃油,148200,SUV,0,160.0,5,6.89
726,成都,10-20万,通勤,"智能化,舒适性,空间,续航",8,帝豪L Hi·P,吉利,插电混动,160800,轿车,100.0,135.0,6,6.48
727,成都,10-20万,通勤,"智能化,舒适性,空间,续航",9,银河L7,吉利,插电混动,162200,SUV,115.0,120.0,7,5.8
728,成都,10-20万,通勤,"智能化,舒适性,空间,续航",11,UNI-V,长安,燃油,124400,轿车,0,138.0,8,5.56
729,成都,10-20万,家用,"品牌,智能化,舒适性,空间",1,秦PLUS,比亚迪,插电混动,139800,轿车,120.0,132.0,1,9.12
730,成都,10-20万,家用,"品牌,智能化,舒适性,空间",2,秦PLUS EV,比亚迪,纯电动,134800,轿车,510.0,135.0,2,8.59
731,成都,10-20万,家用,"品牌,智能化,舒适性,空间",4,宋PLUS DM-i,比亚迪,插电混动,174800,SUV,110.0,145.0,3,8.1
732,成都,10-20万,家用,"品牌,智能化,舒适性,空间",6,星瑞,吉利,燃油,131700,轿车,0,140.0,4,7.41
733,成都,10-20万,家用,"品牌,智能化,舒适性,空间",7,博越L,吉利,燃油,148200,SUV,0,160.0,5,6.84
734,成都,10-20万,家用,"品牌,智能化,舒适性,空间",8,帝豪L Hi·P,吉利,插电混动,160800,轿车,100.0,135.0,6,6.45
735,成都,10-20万,家用,"品牌,智能化,舒适性,空间",9,银河L7,吉利,插电混动,162200,SUV,115.0,120.0,7,6.13
736,成都,10-20万,家用,"品牌,智能化,舒适性,空间",11,UNI-V,长安,燃油,124400,轿车,0,138.0,8,5.52
737,成都,10-20万,商务,"舒适性,性价比,动力,智能化",1,秦PLUS,比亚迪,插电混动,139800,轿车,120.0,132.0,1,9.02
738,成都,10-20万,商务,"舒适性,性价比,动力,智能化",2,秦PLUS EV,比亚迪,纯电动,134800,轿车,510.0,135.0,2,8.43
739,成都,10-20万,商务,"舒适性,性价比,动力,智能化",6,星瑞,吉利,燃油,131700,轿车,0,140.0,3,8.06
740,成都,10-20万,商务,"舒适性,性价比,动力,智能化",8,帝豪L Hi·P,吉利,插电混动,160800,轿车,100.0,135.0,4,7.46
741,成都,10-20万,商务,"舒适性,性价比,动力,智能化",11,UNI-V,长安,燃油,124400,轿车,0,138.0,5,7.03
742,成都,10-20万,商务,"舒适性,性价比,动力,智能化",13,深蓝SL03,长安,纯电动,169400,轿车,570.0,190.0,6,6.45
743,成都,10-20万,商务,"舒适性,性价比,动力,智能化",20,欧拉好猫,长城,纯电动,134800,轿车,401.0,105.0,7,6.19
744,成都,10-20万,商务,"舒适性,性价比,动力,智能化",21,艾瑞泽8,奇瑞,燃油,122900,轿车,0,156.0,8,5.61
745,成都,10-20万,长途,"动力,品牌,舒适性,空间",56,C01,零跑,纯电动,179800,轿车,717.0,200.0,1,9.07
746,成都,10-20万,长途,"动力,品牌,舒适性,空间",57,C11,零跑,纯电动,189800,SUV,650.0,200.0,2,8.46
747,成都,10-20万,长途,"动力,品牌,舒适性,空间",63,GT,哪吒,纯电动,179800,轿车,580.0,170.0,3,8.18
748,成都,10-20万,长途,"动力,品牌,舒适性,空间",13,深蓝SL03,长安,纯电动,169400,轿车,570.0,190.0,4,7.33
749,成都,10-20万,长途,"动力,品牌,舒适性,空间",60,C10,零跑,纯电动,148800,SUV,520.0,160.0,5,6.9
750,成都,10-20万,长途,"动力,品牌,舒适性,空间",40,Mona M03,小鹏,纯电动,154800,轿车,515.0,170.0,6,6.36
751,成都,10-20万,长途,"动力,品牌,舒适性,空间",2,秦PLUS EV,比亚迪,纯电动,134800,轿车,510.0,135.0,7,6.17
752,成都,10-20万,长途,"动力,品牌,舒适性,空间",59,S01,零跑,纯电动,129800,跑车,510.0,170.0,8,5.56
753,成都,10-20万,越野,"性价比,品牌,智能化,续航",4,宋PLUS DM-i,比亚迪,插电混动,174800,SUV,110.0,145.0,1,9.16
754,成都,10-20万,越野,"性价比,品牌,智能化,续航",7,博越L,吉利,燃油,148200,SUV,0,160.0,2,8.44
755,成都,10-20万,越野,"性价比,品牌,智能化,续航",9,银河L7,吉利,插电混动,162200,SUV,115.0,120.0,3,8.17
756,成都,10-20万,越野,"性价比,品牌,智能化,续航",12,UNI-K,长安,燃油,167400,SUV,0,233.0,4,7.69
757,成都,10-20万,越野,"性价比,品牌,智能化,续航",14,深蓝S7,长安,增程,183900,SUV,200.0,160.0,5,6.86
758,成都,10-20万,越野,"性价比,品牌,智能化,续航",16,哈弗H6,长城,燃油,129350,SUV,0,135.0,6,6.44
759,成都,10-20万,越野,"性价比,品牌,智能化,续航",17,哈弗枭龙MAX,长城,插电混动,159800,SUV,81.0,150.0,7,6.05
760,成都,10-20万,越野,"性价比,品牌,智能化,续航",22,瑞虎8 PRO,奇瑞,燃油,156400,SUV,0,187.0,8,5.6
761,成都,20-30万,通勤,"动力,品牌,续航,空间",3,汉EV,比亚迪,纯电动,274800,轿车,605.0,180.0,1,8.83
762,成都,20-30万,通勤,"动力,品牌,续航,空间",5,海豹,比亚迪,纯电动,229800,轿车,550.0,230.0,2,8.47
763,成都,20-30万,通勤,"动力,品牌,续航,空间",18,坦克300,长城,燃油,254800,SUV,0,167.0,3,7.84
764,成都,20-30万,通勤,"动力,品牌,续航,空间",24,星途揽月,奇瑞,燃油,208900,SUV,0,192.0,4,7.5
765,成都,20-30万,通勤,"动力,品牌,续航,空间",35,L6,理想,增程,299800,SUV,130.0,85.0,5,6.82
766,成都,20-30万,通勤,"动力,品牌,续航,空间",36,G6,小鹏,纯电动,236900,SUV,580.0,218.0,6,6.34
767,成都,20-30万,通勤,"动力,品牌,续航,空间",38,P7i,小鹏,纯电动,256900,轿车,706.0,203.0,7,5.8
768,成都,20-30万,通勤,"动力,品牌,续航,空间",41,M5,问界,增程,294800,SUV,200.0,142.0,8,5.67
769,成都,20-30万,家用,"动力,舒适性,续航,性价比",3,汉EV,比亚迪,纯电动,274800,轿车,605.0,180.0,1,9.0
770,成都,20-30万,家用,"动力,舒适性,续航,性价比",5,海豹,比亚迪,纯电动,229800,轿车,550.0,230.0,2,8.43
771,成都,20-30万,家用,"动力,舒适性,续航,性价比",18,坦克300,长城,燃油,254800,SUV,0,167.0,3,8.13
772,成都,20-30万,家用,"动力,舒适性,续航,性价比",24,星途揽月,奇瑞,燃油,208900,SUV,0,192.0,4,7.45
773,成都,20-30万,家用,"动力,舒适性,续航,性价比",35,L6,理想,增程,299800,SUV,130.0,85.0,5,7.17
774,成都,20-30万,家用,"动力,舒适性,续航,性价比",36,G6,小鹏,纯电动,236900,SUV,580.0,218.0,6,6.51
775,成都,20-30万,家用,"动力,舒适性,续航,性价比",38,P7i,小鹏,纯电动,256900,轿车,706.0,203.0,7,6.13
776,成都,20-30万,家用,"动力,舒适性,续航,性价比",41,M5,问界,增程,294800,SUV,200.0,142.0,8,5.39
777,成都,20-30万,商务,"舒适性,性价比,空间,价格",3,汉EV,比亚迪,纯电动,274800,轿车,605.0,180.0,1,8.89
778,成都,20-30万,商务,"舒适性,性价比,空间,价格",5,海豹,比亚迪,纯电动,229800,轿车,550.0,230.0,2,8.56
779,成都,20-30万,商务,"舒适性,性价比,空间,价格",38,P7i,小鹏,纯电动,256900,轿车,706.0,203.0,3,7.86
780,成都,20-30万,商务,"舒适性,性价比,空间,价格",47,007,极氪,纯电动,264000,轿车,688.0,229.0,4,7.58
781,成都,20-30万,商务,"舒适性,性价比,空间,价格",66,SU7,小米,纯电动,257900,轿车,700.0,220.0,5,7.1
782,成都,20-30万,商务,"舒适性,性价比,空间,价格",76,凯美瑞,丰田,燃油,208300,轿车,0,152.0,6,6.59
783,成都,20-30万,商务,"舒适性,性价比,空间,价格",80,亚洲龙,丰田,油电混动,239800,轿车,0,131.0,7,6.16
784,成都,20-30万,商务,"舒适性,性价比,空间,价格",81,雅阁,本田,油电混动,209800,轿车,0,143.0,8,5.69
785,成都,20-30万,长途,"续航,空间,性价比,价格",69,YU7,小米,纯电动,289900,SUV,830.0,320.0,1,9.08
786,成都,20-30万,长途,"续航,空间,性价比,价格",38,P7i,小鹏,纯电动,256900,轿车,706.0,203.0,2,8.42
787,成都,20-30万,长途,"续航,空间,性价比,价格",66,SU7,小米,纯电动,257900,轿车,700.0,220.0,3,8.1
788,成都,20-30万,长途,"续航,空间,性价比,价格",47,007,极氪,纯电动,264000,轿车,688.0,229.0,4,7.42
789,成都,20-30万,长途,"续航,空间,性价比,价格",48,X,极氪,纯电动,219000,SUV,670.0,200.0,5,6.88
790,成都,20-30万,长途,"续航,空间,性价比,价格",49,X YOU,极氪,纯电动,264000,SUV,670.0,200.0,6,6.56
791,成都,20-30万,长途,"续航,空间,性价比,价格",42,M5 EV,问界,纯电动,279800,SUV,620.0,165.0,7,6.18
792,成都,20-30万,长途,"续航,空间,性价比,价格",3,汉EV,比亚迪,纯电动,274800,轿车,605.0,180.0,8,5.38
793,成都,20-30万,越野,"价格,性价比,动力,品牌",18,坦克300,长城,燃油,254800,SUV,0,167.0,1,8.88
794,成都,20-30万,越野,"价格,性价比,动力,品牌",24,星途揽月,奇瑞,燃油,208900,SUV,0,192.0,2,8.63
795,成都,20-30万,越野,"价格,性价比,动力,品牌",35,L6,理想,增程,299800,SUV,130.0,85.0,3,8.07
796,成都,20-30万,越野,"价格,性价比,动力,品牌",36,G6,小鹏,纯电动,236900,SUV,580.0,218.0,4,7.33
797,成都,20-30万,越野,"价格,性价比,动力,品牌",41,M5,问界,增程,294800,SUV,200.0,142.0,5,6.98
798,成都,20-30万,越野,"价格,性价比,动力,品牌",42,M5 EV,问界,纯电动,279800,SUV,620.0,165.0,6,6.35
799,成都,20-30万,越野,"价格,性价比,动力,品牌",48,X,极氪,纯电动,219000,SUV,670.0,200.0,7,6.18
800,成都,20-30万,越野,"价格,性价比,动力,品牌",49,X YOU,极氪,纯电动,264000,SUV,670.0,200.0,8,5.56
801,成都,30万以上,通勤,"价格,舒适性,智能化,动力",10,极氪001,吉利,纯电动,319000,轿车,741.0,310.0,1,8.94
802,成都,30万以上,通勤,"价格,舒适性,智能化,动力",19,坦克500,长城,油电混动,365000,SUV,0,180.0,2,8.45
803,成都,30万以上,通勤,"价格,舒适性,智能化,动力",26,ET5,蔚来,纯电动,323300,轿车,550.0,300.0,3,7.92
804,成都,30万以上,通勤,"价格,舒适性,智能化,动力",27,ET7,蔚来,纯电动,497000,轿车,675.0,360.0,4,7.55
805,成都,30万以上,通勤,"价格,舒适性,智能化,动力",28,ES6,蔚来,纯电动,402000,SUV,625.0,400.0,5,7.17
806,成都,30万以上,通勤,"价格,舒适性,智能化,动力",29,ES8,蔚来,纯电动,587000,SUV,580.0,400.0,6,6.55
807,成都,30万以上,通勤,"价格,舒适性,智能化,动力",30,全新蔚来ES6,蔚来,纯电动,402000,SUV,625.0,400.0,7,6.04
808,成都,30万以上,通勤,"价格,舒适性,智能化,动力",31,L7,理想,增程,349800,SUV,210.0,110.0,8,5.57
809,成都,30万以上,家用,"价格,空间,动力,舒适性",10,极氪001,吉利,纯电动,319000,轿车,741.0,310.0,1,8.81
810,成都,30万以上,家用,"价格,空间,动力,舒适性",19,坦克500,长城,油电混动,365000,SUV,0,180.0,2,8.58
811,成都,30万以上,家用,"价格,空间,动力,舒适性",26,ET5,蔚来,纯电动,323300,轿车,550.0,300.0,3,8.14
812,成都,30万以上,家用,"价格,空间,动力,舒适性",27,ET7,蔚来,纯电动,497000,轿车,675.0,360.0,4,7.45
813,成都,30万以上,家用,"价格,空间,动力,舒适性",28,ES6,蔚来,纯电动,402000,SUV,625.0,400.0,5,7.02
814,成都,30万以上,家用,"价格,空间,动力,舒适性",29,ES8,蔚来,纯电动,587000,SUV,580.0,400.0,6,6.34
815,成都,30万以上,家用,"价格,空间,动力,舒适性",30,全新蔚来ES6,蔚来,纯电动,402000,SUV,625.0,400.0,7,6.08
816,成都,30万以上,家用,"价格,空间,动力,舒适性",31,L7,理想,增程,349800,SUV,210.0,110.0,8,5.55
817,成都,30万以上,商务,"舒适性,性价比,空间,价格",10,极氪001,吉利,纯电动,319000,轿车,741.0,310.0,1,8.95
818,成都,30万以上,商务,"舒适性,性价比,空间,价格",26,ET5,蔚来,纯电动,323300,轿车,550.0,300.0,2,8.69
819,成都,30万以上,商务,"舒适性,性价比,空间,价格",27,ET7,蔚来,纯电动,497000,轿车,675.0,360.0,3,8.1
820,成都,30万以上,商务,"舒适性,性价比,空间,价格",34,MEGA,理想,纯电动,579800,MPV,700.0,230.0,4,7.33
821,成都,30万以上,商务,"舒适性,性价比,空间,价格",39,X9,小鹏,纯电动,389900,MPV,702.0,230.0,5,6.9
822,成都,30万以上,商务,"舒适性,性价比,空间,价格",44,M8,问界,增程,379800,MPV,200.0,140.0,6,6.34
823,成都,30万以上,商务,"舒适性,性价比,空间,价格",46,001,极氪,纯电动,319000,轿车,741.0,310.0,7,5.9
824,成都,30万以上,商务,"舒适性,性价比,空间,价格",50,001 FR,极氪,纯电动,789000,轿车,550.0,1247.0,8,5.63
825,成都,30万以上,长途,"续航,空间,品牌,动力",70,YU7 Pro,小米,纯电动,364900,SUV,830.0,320.0,1,8.9
826,成都,30万以上,长途,"续航,空间,品牌,动力",10,极氪001,吉利,纯电动,319000,轿车,741.0,310.0,2,8.69
827,成都,30万以上,长途,"续航,空间,品牌,动力",46,001,极氪,纯电动,319000,轿车,741.0,310.0,3,7.81
828,成都,30万以上,长途,"续航,空间,品牌,动力",128,Model S,特斯拉,纯电动,853900,轿车,715.0,371.0,4,7.42
829,成都,30万以上,长途,"续航,空间,品牌,动力",37,G9,小鹏,纯电动,389900,SUV,702.0,316.0,5,7.11
830,成都,30万以上,长途,"续航,空间,品牌,动力",39,X9,小鹏,纯电动,389900,MPV,702.0,230.0,6,6.64
831,成都,30万以上,长途,"续航,空间,品牌,动力",34,MEGA,理想,纯电动,579800,MPV,700.0,230.0,7,5.89
832,成都,30万以上,长途,"续航,空间,品牌,动力",67,SU7 Max,小米,纯电动,334900,轿车,700.0,425.0,8,5.46
833,成都,30万以上,越野,"价格,舒适性,续航,智能化",19,坦克500,长城,油电混动,365000,SUV,0,180.0,1,9.15
834,成都,30万以上,越野,"价格,舒适性,续航,智能化",28,ES6,蔚来,纯电动,402000,SUV,625.0,400.0,2,8.61
835,成都,30万以上,越野,"价格,舒适性,续航,智能化",29,ES8,蔚来,纯电动,587000,SUV,580.0,400.0,3,8.17
836,成都,30万以上,越野,"价格,舒适性,续航,智能化",30,全新蔚来ES6,蔚来,纯电动,402000,SUV,625.0,400.0,4,7.48
837,成都,30万以上,越野,"价格,舒适性,续航,智能化",31,L7,理想,增程,349800,SUV,210.0,110.0,5,7.0
838,成都,30万以上,越野,"价格,舒适性,续航,智能化",32,L8,理想,增程,369800,SUV,210.0,110.0,6,6.49
839,成都,30万以上,越野,"价格,舒适性,续航,智能化",33,L9,理想,增程,444800,SUV,210.0,110.0,7,6.08
840,成都,30万以上,越野,"价格,舒适性,续航,智能化",37,G9,小鹏,纯电动,389900,SUV,702.0,316.0,8,5.46
841,重庆,5-10万,通勤,"价格,动力,智能化,性价比",15,逸动PLUS,长安,燃油,92400,轿车,0,118.0,1,9.08
842,重庆,5-10万,通勤,"价格,动力,智能化,性价比",58,T03,零跑,纯电动,79800,轿车,403.0,95.0,2,8.5
843,重庆,5-10万,通勤,"价格,动力,智能化,性价比",61,S,哪吒,纯电动,79800,轿车,318.0,70.0,3,8.16
844,重庆,5-10万,通勤,"价格,动力,智能化,性价比",64,AYA,哪吒,纯电动,74800,轿车,318.0,70.0,4,7.42
845,重庆,5-10万,家用,"动力,价格,性价比,智能化",15,逸动PLUS,长安,燃油,92400,轿车,0,118.0,1,8.93
846,重庆,5-10万,家用,"动力,价格,性价比,智能化",58,T03,零跑,纯电动,79800,轿车,403.0,95.0,2,8.34
847,重庆,5-10万,家用,"动力,价格,性价比,智能化",61,S,哪吒,纯电动,79800,轿车,318.0,70.0,3,7.86
848,重庆,5-10万,家用,"动力,价格,性价比,智能化",64,AYA,哪吒,纯电动,74800,轿车,318.0,70.0,4,7.63
849,重庆,5-10万,商务,"空间,性价比,品牌,续航",15,逸动PLUS,长安,燃油,92400,轿车,0,118.0,1,8.8
850,重庆,5-10万,商务,"空间,性价比,品牌,续航",58,T03,零跑,纯电动,79800,轿车,403.0,95.0,2,8.61
851,重庆,5-10万,商务,"空间,性价比,品牌,续航",61,S,哪吒,纯电动,79800,轿车,318.0,70.0,3,8.12
852,重庆,5-10万,商务,"空间,性价比,品牌,续航",64,AYA,哪吒,纯电动,74800,轿车,318.0,70.0,4,7.66
853,重庆,5-10万,长途,"品牌,价格,动力,续航",58,T03,零跑,纯电动,79800,轿车,403.0,95.0,1,8.89
854,重庆,5-10万,长途,"品牌,价格,动力,续航",61,S,哪吒,纯电动,79800,轿车,318.0,70.0,2,8.65
855,重庆,5-10万,长途,"品牌,价格,动力,续航",64,AYA,哪吒,纯电动,74800,轿车,318.0,70.0,3,8.03
856,重庆,5-10万,长途,"品牌,价格,动力,续航",15,逸动PLUS,长安,燃油,92400,轿车,0,118.0,4,7.5
857,重庆,5-10万,越野,"性价比,品牌,舒适性,价格",15,逸动PLUS,长安,燃油,92400,轿车,0,118.0,1,8.84
858,重庆,5-10万,越野,"性价比,品牌,舒适性,价格",58,T03,零跑,纯电动,79800,轿车,403.0,95.0,2,8.36
859,重庆,5-10万,越野,"性价比,品牌,舒适性,价格",61,S,哪吒,纯电动,79800,轿车,318.0,70.0,3,8.1
860,重庆,5-10万,越野,"性价比,品牌,舒适性,价格",64,AYA,哪吒,纯电动,74800,轿车,318.0,70.0,4,7.68
861,重庆,10-20万,通勤,"价格,空间,品牌,动力",1,秦PLUS,比亚迪,插电混动,139800,轿车,120.0,132.0,1,9.12
862,重庆,10-20万,通勤,"价格,空间,品牌,动力",2,秦PLUS EV,比亚迪,纯电动,134800,轿车,510.0,135.0,2,8.47
863,重庆,10-20万,通勤,"价格,空间,品牌,动力",4,宋PLUS DM-i,比亚迪,插电混动,174800,SUV,110.0,145.0,3,8.08
864,重庆,10-20万,通勤,"价格,空间,品牌,动力",6,星瑞,吉利,燃油,131700,轿车,0,140.0,4,7.66
865,重庆,10-20万,通勤,"价格,空间,品牌,动力",7,博越L,吉利,燃油,148200,SUV,0,160.0,5,6.95
866,重庆,10-20万,通勤,"价格,空间,品牌,动力",8,帝豪L Hi·P,吉利,插电混动,160800,轿车,100.0,135.0,6,6.52
867,重庆,10-20万,通勤,"价格,空间,品牌,动力",9,银河L7,吉利,插电混动,162200,SUV,115.0,120.0,7,5.97
868,重庆,10-20万,通勤,"价格,空间,品牌,动力",11,UNI-V,长安,燃油,124400,轿车,0,138.0,8,5.31
869,重庆,10-20万,家用,"品牌,智能化,舒适性,空间",1,秦PLUS,比亚迪,插电混动,139800,轿车,120.0,132.0,1,8.83
870,重庆,10-20万,家用,"品牌,智能化,舒适性,空间",2,秦PLUS EV,比亚迪,纯电动,134800,轿车,510.0,135.0,2,8.33
871,重庆,10-20万,家用,"品牌,智能化,舒适性,空间",4,宋PLUS DM-i,比亚迪,插电混动,174800,SUV,110.0,145.0,3,8.15
872,重庆,10-20万,家用,"品牌,智能化,舒适性,空间",6,星瑞,吉利,燃油,131700,轿车,0,140.0,4,7.57
873,重庆,10-20万,家用,"品牌,智能化,舒适性,空间",7,博越L,吉利,燃油,148200,SUV,0,160.0,5,6.99
874,重庆,10-20万,家用,"品牌,智能化,舒适性,空间",8,帝豪L Hi·P,吉利,插电混动,160800,轿车,100.0,135.0,6,6.5
875,重庆,10-20万,家用,"品牌,智能化,舒适性,空间",9,银河L7,吉利,插电混动,162200,SUV,115.0,120.0,7,5.9
876,重庆,10-20万,家用,"品牌,智能化,舒适性,空间",11,UNI-V,长安,燃油,124400,轿车,0,138.0,8,5.67
877,重庆,10-20万,商务,"动力,价格,品牌,续航",1,秦PLUS,比亚迪,插电混动,139800,轿车,120.0,132.0,1,8.83
878,重庆,10-20万,商务,"动力,价格,品牌,续航",2,秦PLUS EV,比亚迪,纯电动,134800,轿车,510.0,135.0,2,8.37
879,重庆,10-20万,商务,"动力,价格,品牌,续航",6,星瑞,吉利,燃油,131700,轿车,0,140.0,3,7.88
880,重庆,10-20万,商务,"动力,价格,品牌,续航",8,帝豪L Hi·P,吉利,插电混动,160800,轿车,100.0,135.0,4,7.56
881,重庆,10-20万,商务,"动力,价格,品牌,续航",11,UNI-V,长安,燃油,124400,轿车,0,138.0,5,7.02
882,重庆,10-20万,商务,"动力,价格,品牌,续航",13,深蓝SL03,长安,纯电动,169400,轿车,570.0,190.0,6,6.52
883,重庆,10-20万,商务,"动力,价格,品牌,续航",20,欧拉好猫,长城,纯电动,134800,轿车,401.0,105.0,7,5.99
884,重庆,10-20万,商务,"动力,价格,品牌,续航",21,艾瑞泽8,奇瑞,燃油,122900,轿车,0,156.0,8,5.69
885,重庆,10-20万,长途,"动力,智能化,空间,价格",56,C01,零跑,纯电动,179800,轿车,717.0,200.0,1,9.02
886,重庆,10-20万,长途,"动力,智能化,空间,价格",57,C11,零跑,纯电动,189800,SUV,650.0,200.0,2,8.39
887,重庆,10-20万,长途,"动力,智能化,空间,价格",63,GT,哪吒,纯电动,179800,轿车,580.0,170.0,3,7.86
888,重庆,10-20万,长途,"动力,智能化,空间,价格",13,深蓝SL03,长安,纯电动,169400,轿车,570.0,190.0,4,7.35
889,重庆,10-20万,长途,"动力,智能化,空间,价格",60,C10,零跑,纯电动,148800,SUV,520.0,160.0,5,7.08
890,重庆,10-20万,长途,"动力,智能化,空间,价格",40,Mona M03,小鹏,纯电动,154800,轿车,515.0,170.0,6,6.3
891,重庆,10-20万,长途,"动力,智能化,空间,价格",2,秦PLUS EV,比亚迪,纯电动,134800,轿车,510.0,135.0,7,5.82
892,重庆,10-20万,长途,"动力,智能化,空间,价格",59,S01,零跑,纯电动,129800,跑车,510.0,170.0,8,5.62
893,重庆,10-20万,越野,"续航,智能化,舒适性,动力",4,宋PLUS DM-i,比亚迪,插电混动,174800,SUV,110.0,145.0,1,9.03
894,重庆,10-20万,越野,"续航,智能化,舒适性,动力",7,博越L,吉利,燃油,148200,SUV,0,160.0,2,8.3
895,重庆,10-20万,越野,"续航,智能化,舒适性,动力",9,银河L7,吉利,插电混动,162200,SUV,115.0,120.0,3,8.15
896,重庆,10-20万,越野,"续航,智能化,舒适性,动力",12,UNI-K,长安,燃油,167400,SUV,0,233.0,4,7.35
897,重庆,10-20万,越野,"续航,智能化,舒适性,动力",14,深蓝S7,长安,增程,183900,SUV,200.0,160.0,5,7.17
898,重庆,10-20万,越野,"续航,智能化,舒适性,动力",16,哈弗H6,长城,燃油,129350,SUV,0,135.0,6,6.64
899,重庆,10-20万,越野,"续航,智能化,舒适性,动力",17,哈弗枭龙MAX,长城,插电混动,159800,SUV,81.0,150.0,7,6.12
900,重庆,10-20万,越野,"续航,智能化,舒适性,动力",22,瑞虎8 PRO,奇瑞,燃油,156400,SUV,0,187.0,8,5.38
901,重庆,20-30万,通勤,"性价比,空间,品牌,续航",3,汉EV,比亚迪,纯电动,274800,轿车,605.0,180.0,1,8.84
902,重庆,20-30万,通勤,"性价比,空间,品牌,续航",5,海豹,比亚迪,纯电动,229800,轿车,550.0,230.0,2,8.46
903,重庆,20-30万,通勤,"性价比,空间,品牌,续航",18,坦克300,长城,燃油,254800,SUV,0,167.0,3,8.05
904,重庆,20-30万,通勤,"性价比,空间,品牌,续航",24,星途揽月,奇瑞,燃油,208900,SUV,0,192.0,4,7.52
905,重庆,20-30万,通勤,"性价比,空间,品牌,续航",35,L6,理想,增程,299800,SUV,130.0,85.0,5,7.12
906,重庆,20-30万,通勤,"性价比,空间,品牌,续航",36,G6,小鹏,纯电动,236900,SUV,580.0,218.0,6,6.36
907,重庆,20-30万,通勤,"性价比,空间,品牌,续航",38,P7i,小鹏,纯电动,256900,轿车,706.0,203.0,7,5.85
908,重庆,20-30万,通勤,"性价比,空间,品牌,续航",41,M5,问界,增程,294800,SUV,200.0,142.0,8,5.5
909,重庆,20-30万,家用,"续航,空间,智能化,价格",3,汉EV,比亚迪,纯电动,274800,轿车,605.0,180.0,1,9.03
910,重庆,20-30万,家用,"续航,空间,智能化,价格",5,海豹,比亚迪,纯电动,229800,轿车,550.0,230.0,2,8.4
911,重庆,20-30万,家用,"续航,空间,智能化,价格",18,坦克300,长城,燃油,254800,SUV,0,167.0,3,8.1
912,重庆,20-30万,家用,"续航,空间,智能化,价格",24,星途揽月,奇瑞,燃油,208900,SUV,0,192.0,4,7.64
913,重庆,20-30万,家用,"续航,空间,智能化,价格",35,L6,理想,增程,299800,SUV,130.0,85.0,5,6.94
914,重庆,20-30万,家用,"续航,空间,智能化,价格",36,G6,小鹏,纯电动,236900,SUV,580.0,218.0,6,6.39
915,重庆,20-30万,家用,"续航,空间,智能化,价格",38,P7i,小鹏,纯电动,256900,轿车,706.0,203.0,7,5.9
916,重庆,20-30万,家用,"续航,空间,智能化,价格",41,M5,问界,增程,294800,SUV,200.0,142.0,8,5.32
917,重庆,20-30万,商务,"品牌,价格,动力,空间",3,汉EV,比亚迪,纯电动,274800,轿车,605.0,180.0,1,8.81
918,重庆,20-30万,商务,"品牌,价格,动力,空间",5,海豹,比亚迪,纯电动,229800,轿车,550.0,230.0,2,8.57
919,重庆,20-30万,商务,"品牌,价格,动力,空间",38,P7i,小鹏,纯电动,256900,轿车,706.0,203.0,3,8.17
920,重庆,20-30万,商务,"品牌,价格,动力,空间",47,007,极氪,纯电动,264000,轿车,688.0,229.0,4,7.46
921,重庆,20-30万,商务,"品牌,价格,动力,空间",66,SU7,小米,纯电动,257900,轿车,700.0,220.0,5,7.04
922,重庆,20-30万,商务,"品牌,价格,动力,空间",76,凯美瑞,丰田,燃油,208300,轿车,0,152.0,6,6.65
923,重庆,20-30万,商务,"品牌,价格,动力,空间",80,亚洲龙,丰田,油电混动,239800,轿车,0,131.0,7,6.1
924,重庆,20-30万,商务,"品牌,价格,动力,空间",81,雅阁,本田,油电混动,209800,轿车,0,143.0,8,5.35
925,重庆,20-30万,长途,"品牌,舒适性,性价比,续航",69,YU7,小米,纯电动,289900,SUV,830.0,320.0,1,8.9
926,重庆,20-30万,长途,"品牌,舒适性,性价比,续航",38,P7i,小鹏,纯电动,256900,轿车,706.0,203.0,2,8.51
927,重庆,20-30万,长途,"品牌,舒适性,性价比,续航",66,SU7,小米,纯电动,257900,轿车,700.0,220.0,3,8.0
928,重庆,20-30万,长途,"品牌,舒适性,性价比,续航",47,007,极氪,纯电动,264000,轿车,688.0,229.0,4,7.33
929,重庆,20-30万,长途,"品牌,舒适性,性价比,续航",48,X,极氪,纯电动,219000,SUV,670.0,200.0,5,7.04
930,重庆,20-30万,长途,"品牌,舒适性,性价比,续航",49,X YOU,极氪,纯电动,264000,SUV,670.0,200.0,6,6.47
931,重庆,20-30万,长途,"品牌,舒适性,性价比,续航",42,M5 EV,问界,纯电动,279800,SUV,620.0,165.0,7,6.02
932,重庆,20-30万,长途,"品牌,舒适性,性价比,续航",3,汉EV,比亚迪,纯电动,274800,轿车,605.0,180.0,8,5.58
933,重庆,20-30万,越野,"动力,品牌,舒适性,价格",18,坦克300,长城,燃油,254800,SUV,0,167.0,1,8.95
934,重庆,20-30万,越野,"动力,品牌,舒适性,价格",24,星途揽月,奇瑞,燃油,208900,SUV,0,192.0,2,8.46
935,重庆,20-30万,越野,"动力,品牌,舒适性,价格",35,L6,理想,增程,299800,SUV,130.0,85.0,3,7.99
936,重庆,20-30万,越野,"动力,品牌,舒适性,价格",36,G6,小鹏,纯电动,236900,SUV,580.0,218.0,4,7.62
937,重庆,20-30万,越野,"动力,品牌,舒适性,价格",41,M5,问界,增程,294800,SUV,200.0,142.0,5,7.17
938,重庆,20-30万,越野,"动力,品牌,舒适性,价格",42,M5 EV,问界,纯电动,279800,SUV,620.0,165.0,6,6.42
939,重庆,20-30万,越野,"动力,品牌,舒适性,价格",48,X,极氪,纯电动,219000,SUV,670.0,200.0,7,6.01
940,重庆,20-30万,越野,"动力,品牌,舒适性,价格",49,X YOU,极氪,纯电动,264000,SUV,670.0,200.0,8,5.43
941,重庆,30万以上,通勤,"智能化,品牌,空间,性价比",10,极氪001,吉利,纯电动,319000,轿车,741.0,310.0,1,9.0
942,重庆,30万以上,通勤,"智能化,品牌,空间,性价比",19,坦克500,长城,油电混动,365000,SUV,0,180.0,2,8.6
943,重庆,30万以上,通勤,"智能化,品牌,空间,性价比",26,ET5,蔚来,纯电动,323300,轿车,550.0,300.0,3,8.14
944,重庆,30万以上,通勤,"智能化,品牌,空间,性价比",27,ET7,蔚来,纯电动,497000,轿车,675.0,360.0,4,7.54
945,重庆,30万以上,通勤,"智能化,品牌,空间,性价比",28,ES6,蔚来,纯电动,402000,SUV,625.0,400.0,5,7.02
946,重庆,30万以上,通勤,"智能化,品牌,空间,性价比",29,ES8,蔚来,纯电动,587000,SUV,580.0,400.0,6,6.57
947,重庆,30万以上,通勤,"智能化,品牌,空间,性价比",30,全新蔚来ES6,蔚来,纯电动,402000,SUV,625.0,400.0,7,6.04
948,重庆,30万以上,通勤,"智能化,品牌,空间,性价比",31,L7,理想,增程,349800,SUV,210.0,110.0,8,5.61
949,重庆,30万以上,家用,"动力,空间,性价比,价格",10,极氪001,吉利,纯电动,319000,轿车,741.0,310.0,1,9.08
950,重庆,30万以上,家用,"动力,空间,性价比,价格",19,坦克500,长城,油电混动,365000,SUV,0,180.0,2,8.69
951,重庆,30万以上,家用,"动力,空间,性价比,价格",26,ET5,蔚来,纯电动,323300,轿车,550.0,300.0,3,8.01
952,重庆,30万以上,家用,"动力,空间,性价比,价格",27,ET7,蔚来,纯电动,497000,轿车,675.0,360.0,4,7.55
953,重庆,30万以上,家用,"动力,空间,性价比,价格",28,ES6,蔚来,纯电动,402000,SUV,625.0,400.0,5,6.83
954,重庆,30万以上,家用,"动力,空间,性价比,价格",29,ES8,蔚来,纯电动,587000,SUV,580.0,400.0,6,6.55
955,重庆,30万以上,家用,"动力,空间,性价比,价格",30,全新蔚来ES6,蔚来,纯电动,402000,SUV,625.0,400.0,7,6.17
956,重庆,30万以上,家用,"动力,空间,性价比,价格",31,L7,理想,增程,349800,SUV,210.0,110.0,8,5.65
957,重庆,30万以上,商务,"空间,动力,品牌,续航",10,极氪001,吉利,纯电动,319000,轿车,741.0,310.0,1,9.03
958,重庆,30万以上,商务,"空间,动力,品牌,续航",26,ET5,蔚来,纯电动,323300,轿车,550.0,300.0,2,8.44
959,重庆,30万以上,商务,"空间,动力,品牌,续航",27,ET7,蔚来,纯电动,497000,轿车,675.0,360.0,3,7.92
960,重庆,30万以上,商务,"空间,动力,品牌,续航",34,MEGA,理想,纯电动,579800,MPV,700.0,230.0,4,7.63
961,重庆,30万以上,商务,"空间,动力,品牌,续航",39,X9,小鹏,纯电动,389900,MPV,702.0,230.0,5,7.01
962,重庆,30万以上,商务,"空间,动力,品牌,续航",44,M8,问界,增程,379800,MPV,200.0,140.0,6,6.46
963,重庆,30万以上,商务,"空间,动力,品牌,续航",46,001,极氪,纯电动,319000,轿车,741.0,310.0,7,5.91
964,重庆,30万以上,商务,"空间,动力,品牌,续航",50,001 FR,极氪,纯电动,789000,轿车,550.0,1247.0,8,5.47
965,重庆,30万以上,长途,"空间,品牌,智能化,续航",70,YU7 Pro,小米,纯电动,364900,SUV,830.0,320.0,1,9.12
966,重庆,30万以上,长途,"空间,品牌,智能化,续航",10,极氪001,吉利,纯电动,319000,轿车,741.0,310.0,2,8.58
967,重庆,30万以上,长途,"空间,品牌,智能化,续航",46,001,极氪,纯电动,319000,轿车,741.0,310.0,3,7.88
968,重庆,30万以上,长途,"空间,品牌,智能化,续航",128,Model S,特斯拉,纯电动,853900,轿车,715.0,371.0,4,7.57
969,重庆,30万以上,长途,"空间,品牌,智能化,续航",37,G9,小鹏,纯电动,389900,SUV,702.0,316.0,5,7.09
970,重庆,30万以上,长途,"空间,品牌,智能化,续航",39,X9,小鹏,纯电动,389900,MPV,702.0,230.0,6,6.52
971,重庆,30万以上,长途,"空间,品牌,智能化,续航",34,MEGA,理想,纯电动,579800,MPV,700.0,230.0,7,5.88
972,重庆,30万以上,长途,"空间,品牌,智能化,续航",67,SU7 Max,小米,纯电动,334900,轿车,700.0,425.0,8,5.49
973,重庆,30万以上,越野,"动力,价格,舒适性,性价比",19,坦克500,长城,油电混动,365000,SUV,0,180.0,1,9.06
974,重庆,30万以上,越野,"动力,价格,舒适性,性价比",28,ES6,蔚来,纯电动,402000,SUV,625.0,400.0,2,8.38
975,重庆,30万以上,越野,"动力,价格,舒适性,性价比",29,ES8,蔚来,纯电动,587000,SUV,580.0,400.0,3,8.12
976,重庆,30万以上,越野,"动力,价格,舒适性,性价比",30,全新蔚来ES6,蔚来,纯电动,402000,SUV,625.0,400.0,4,7.63
977,重庆,30万以上,越野,"动力,价格,舒适性,性价比",31,L7,理想,增程,349800,SUV,210.0,110.0,5,6.87
978,重庆,30万以上,越野,"动力,价格,舒适性,性价比",32,L8,理想,增程,369800,SUV,210.0,110.0,6,6.56
979,重庆,30万以上,越野,"动力,价格,舒适性,性价比",33,L9,理想,增程,444800,SUV,210.0,110.0,7,6.0
980,重庆,30万以上,越野,"动力,价格,舒适性,性价比",37,G9,小鹏,纯电动,389900,SUV,702.0,316.0,8,5.4
981,武汉,5-10万,通勤,"性价比,舒适性,动力,智能化",15,逸动PLUS,长安,燃油,92400,轿车,0,118.0,1,8.98
982,武汉,5-10万,通勤,"性价比,舒适性,动力,智能化",58,T03,零跑,纯电动,79800,轿车,403.0,95.0,2,8.44
983,武汉,5-10万,通勤,"性价比,舒适性,动力,智能化",61,S,哪吒,纯电动,79800,轿车,318.0,70.0,3,7.9
984,武汉,5-10万,通勤,"性价比,舒适性,动力,智能化",64,AYA,哪吒,纯电动,74800,轿车,318.0,70.0,4,7.33
985,武汉,5-10万,家用,"续航,空间,智能化,品牌",15,逸动PLUS,长安,燃油,92400,轿车,0,118.0,1,8.8
986,武汉,5-10万,家用,"续航,空间,智能化,品牌",58,T03,零跑,纯电动,79800,轿车,403.0,95.0,2,8.38
987,武汉,5-10万,家用,"续航,空间,智能化,品牌",61,S,哪吒,纯电动,79800,轿车,318.0,70.0,3,8.17
988,武汉,5-10万,家用,"续航,空间,智能化,品牌",64,AYA,哪吒,纯电动,74800,轿车,318.0,70.0,4,7.67
989,武汉,5-10万,商务,"性价比,智能化,品牌,动力",15,逸动PLUS,长安,燃油,92400,轿车,0,118.0,1,9.0
990,武汉,5-10万,商务,"性价比,智能化,品牌,动力",58,T03,零跑,纯电动,79800,轿车,403.0,95.0,2,8.47
991,武汉,5-10万,商务,"性价比,智能化,品牌,动力",61,S,哪吒,纯电动,79800,轿车,318.0,70.0,3,7.91
992,武汉,5-10万,商务,"性价比,智能化,品牌,动力",64,AYA,哪吒,纯电动,74800,轿车,318.0,70.0,4,7.69
993,武汉,5-10万,长途,"性价比,智能化,价格,空间",58,T03,零跑,纯电动,79800,轿车,403.0,95.0,1,8.97
994,武汉,5-10万,长途,"性价比,智能化,价格,空间",61,S,哪吒,纯电动,79800,轿车,318.0,70.0,2,8.43
995,武汉,5-10万,长途,"性价比,智能化,价格,空间",64,AYA,哪吒,纯电动,74800,轿车,318.0,70.0,3,7.86
996,武汉,5-10万,长途,"性价比,智能化,价格,空间",15,逸动PLUS,长安,燃油,92400,轿车,0,118.0,4,7.35
997,武汉,5-10万,越野,"价格,性价比,品牌,动力",15,逸动PLUS,长安,燃油,92400,轿车,0,118.0,1,8.84
998,武汉,5-10万,越野,"价格,性价比,品牌,动力",58,T03,零跑,纯电动,79800,轿车,403.0,95.0,2,8.51
999,武汉,5-10万,越野,"价格,性价比,品牌,动力",61,S,哪吒,纯电动,79800,轿车,318.0,70.0,3,7.85
1000,武汉,5-10万,越野,"价格,性价比,品牌,动力",64,AYA,哪吒,纯电动,74800,轿车,318.0,70.0,4,7.34
1001,武汉,10-20万,通勤,"品牌,续航,价格,智能化",1,秦PLUS,比亚迪,插电混动,139800,轿车,120.0,132.0,1,8.82
1002,武汉,10-20万,通勤,"品牌,续航,价格,智能化",2,秦PLUS EV,比亚迪,纯电动,134800,轿车,510.0,135.0,2,8.34
1003,武汉,10-20万,通勤,"品牌,续航,价格,智能化",4,宋PLUS DM-i,比亚迪,插电混动,174800,SUV,110.0,145.0,3,8.19
1004,武汉,10-20万,通勤,"品牌,续航,价格,智能化",6,星瑞,吉利,燃油,131700,轿车,0,140.0,4,7.59
1005,武汉,10-20万,通勤,"品牌,续航,价格,智能化",7,博越L,吉利,燃油,148200,SUV,0,160.0,5,6.91
1006,武汉,10-20万,通勤,"品牌,续航,价格,智能化",8,帝豪L Hi·P,吉利,插电混动,160800,轿车,100.0,135.0,6,6.4
1007,武汉,10-20万,通勤,"品牌,续航,价格,智能化",9,银河L7,吉利,插电混动,162200,SUV,115.0,120.0,7,5.89
1008,武汉,10-20万,通勤,"品牌,续航,价格,智能化",11,UNI-V,长安,燃油,124400,轿车,0,138.0,8,5.54
1009,武汉,10-20万,家用,"智能化,性价比,动力,续航",1,秦PLUS,比亚迪,插电混动,139800,轿车,120.0,132.0,1,8.86
1010,武汉,10-20万,家用,"智能化,性价比,动力,续航",2,秦PLUS EV,比亚迪,纯电动,134800,轿车,510.0,135.0,2,8.52
1011,武汉,10-20万,家用,"智能化,性价比,动力,续航",4,宋PLUS DM-i,比亚迪,插电混动,174800,SUV,110.0,145.0,3,7.93
1012,武汉,10-20万,家用,"智能化,性价比,动力,续航",6,星瑞,吉利,燃油,131700,轿车,0,140.0,4,7.39
1013,武汉,10-20万,家用,"智能化,性价比,动力,续航",7,博越L,吉利,燃油,148200,SUV,0,160.0,5,7.12
1014,武汉,10-20万,家用,"智能化,性价比,动力,续航",8,帝豪L Hi·P,吉利,插电混动,160800,轿车,100.0,135.0,6,6.63
1015,武汉,10-20万,家用,"智能化,性价比,动力,续航",9,银河L7,吉利,插电混动,162200,SUV,115.0,120.0,7,5.88
1016,武汉,10-20万,家用,"智能化,性价比,动力,续航",11,UNI-V,长安,燃油,124400,轿车,0,138.0,8,5.55
1017,武汉,10-20万,商务,"动力,价格,智能化,舒适性",1,秦PLUS,比亚迪,插电混动,139800,轿车,120.0,132.0,1,9.19
1018,武汉,10-20万,商务,"动力,价格,智能化,舒适性",2,秦PLUS EV,比亚迪,纯电动,134800,轿车,510.0,135.0,2,8.41
1019,武汉,10-20万,商务,"动力,价格,智能化,舒适性",6,星瑞,吉利,燃油,131700,轿车,0,140.0,3,7.99
1020,武汉,10-20万,商务,"动力,价格,智能化,舒适性",8,帝豪L Hi·P,吉利,插电混动,160800,轿车,100.0,135.0,4,7.34
1021,武汉,10-20万,商务,"动力,价格,智能化,舒适性",11,UNI-V,长安,燃油,124400,轿车,0,138.0,5,7.14
1022,武汉,10-20万,商务,"动力,价格,智能化,舒适性",13,深蓝SL03,长安,纯电动,169400,轿车,570.0,190.0,6,6.39
1023,武汉,10-20万,商务,"动力,价格,智能化,舒适性",20,欧拉好猫,长城,纯电动,134800,轿车,401.0,105.0,7,5.98
1024,武汉,10-20万,商务,"动力,价格,智能化,舒适性",21,艾瑞泽8,奇瑞,燃油,122900,轿车,0,156.0,8,5.37
1025,武汉,10-20万,长途,"动力,续航,性价比,价格",56,C01,零跑,纯电动,179800,轿车,717.0,200.0,1,8.8
1026,武汉,10-20万,长途,"动力,续航,性价比,价格",57,C11,零跑,纯电动,189800,SUV,650.0,200.0,2,8.57
1027,武汉,10-20万,长途,"动力,续航,性价比,价格",63,GT,哪吒,纯电动,179800,轿车,580.0,170.0,3,7.97
1028,武汉,10-20万,长途,"动力,续航,性价比,价格",13,深蓝SL03,长安,纯电动,169400,轿车,570.0,190.0,4,7.64
1029,武汉,10-20万,长途,"动力,续航,性价比,价格",60,C10,零跑,纯电动,148800,SUV,520.0,160.0,5,7.14
1030,武汉,10-20万,长途,"动力,续航,性价比,价格",40,Mona M03,小鹏,纯电动,154800,轿车,515.0,170.0,6,6.48
1031,武汉,10-20万,长途,"动力,续航,性价比,价格",2,秦PLUS EV,比亚迪,纯电动,134800,轿车,510.0,135.0,7,5.89
1032,武汉,10-20万,长途,"动力,续航,性价比,价格",59,S01,零跑,纯电动,129800,跑车,510.0,170.0,8,5.64
1033,武汉,10-20万,越野,"品牌,舒适性,空间,性价比",4,宋PLUS DM-i,比亚迪,插电混动,174800,SUV,110.0,145.0,1,8.86
1034,武汉,10-20万,越野,"品牌,舒适性,空间,性价比",7,博越L,吉利,燃油,148200,SUV,0,160.0,2,8.66
1035,武汉,10-20万,越野,"品牌,舒适性,空间,性价比",9,银河L7,吉利,插电混动,162200,SUV,115.0,120.0,3,8.14
1036,武汉,10-20万,越野,"品牌,舒适性,空间,性价比",12,UNI-K,长安,燃油,167400,SUV,0,233.0,4,7.6
1037,武汉,10-20万,越野,"品牌,舒适性,空间,性价比",14,深蓝S7,长安,增程,183900,SUV,200.0,160.0,5,6.81
1038,武汉,10-20万,越野,"品牌,舒适性,空间,性价比",16,哈弗H6,长城,燃油,129350,SUV,0,135.0,6,6.61
1039,武汉,10-20万,越野,"品牌,舒适性,空间,性价比",17,哈弗枭龙MAX,长城,插电混动,159800,SUV,81.0,150.0,7,5.88
1040,武汉,10-20万,越野,"品牌,舒适性,空间,性价比",22,瑞虎8 PRO,奇瑞,燃油,156400,SUV,0,187.0,8,5.57
1041,武汉,20-30万,通勤,"品牌,性价比,智能化,动力",3,汉EV,比亚迪,纯电动,274800,轿车,605.0,180.0,1,8.93
1042,武汉,20-30万,通勤,"品牌,性价比,智能化,动力",5,海豹,比亚迪,纯电动,229800,轿车,550.0,230.0,2,8.5
1043,武汉,20-30万,通勤,"品牌,性价比,智能化,动力",18,坦克300,长城,燃油,254800,SUV,0,167.0,3,8.05
1044,武汉,20-30万,通勤,"品牌,性价比,智能化,动力",24,星途揽月,奇瑞,燃油,208900,SUV,0,192.0,4,7.64
1045,武汉,20-30万,通勤,"品牌,性价比,智能化,动力",35,L6,理想,增程,299800,SUV,130.0,85.0,5,7.04
1046,武汉,20-30万,通勤,"品牌,性价比,智能化,动力",36,G6,小鹏,纯电动,236900,SUV,580.0,218.0,6,6.45
1047,武汉,20-30万,通勤,"品牌,性价比,智能化,动力",38,P7i,小鹏,纯电动,256900,轿车,706.0,203.0,7,6.08
1048,武汉,20-30万,通勤,"品牌,性价比,智能化,动力",41,M5,问界,增程,294800,SUV,200.0,142.0,8,5.54
1049,武汉,20-30万,家用,"品牌,续航,空间,性价比",3,汉EV,比亚迪,纯电动,274800,轿车,605.0,180.0,1,8.89
1050,武汉,20-30万,家用,"品牌,续航,空间,性价比",5,海豹,比亚迪,纯电动,229800,轿车,550.0,230.0,2,8.44
1051,武汉,20-30万,家用,"品牌,续航,空间,性价比",18,坦克300,长城,燃油,254800,SUV,0,167.0,3,7.91
1052,武汉,20-30万,家用,"品牌,续航,空间,性价比",24,星途揽月,奇瑞,燃油,208900,SUV,0,192.0,4,7.59
1053,武汉,20-30万,家用,"品牌,续航,空间,性价比",35,L6,理想,增程,299800,SUV,130.0,85.0,5,7.16
1054,武汉,20-30万,家用,"品牌,续航,空间,性价比",36,G6,小鹏,纯电动,236900,SUV,580.0,218.0,6,6.45
1055,武汉,20-30万,家用,"品牌,续航,空间,性价比",38,P7i,小鹏,纯电动,256900,轿车,706.0,203.0,7,6.15
1056,武汉,20-30万,家用,"品牌,续航,空间,性价比",41,M5,问界,增程,294800,SUV,200.0,142.0,8,5.68
1057,武汉,20-30万,商务,"空间,舒适性,品牌,价格",3,汉EV,比亚迪,纯电动,274800,轿车,605.0,180.0,1,8.98
1058,武汉,20-30万,商务,"空间,舒适性,品牌,价格",5,海豹,比亚迪,纯电动,229800,轿车,550.0,230.0,2,8.62
1059,武汉,20-30万,商务,"空间,舒适性,品牌,价格",38,P7i,小鹏,纯电动,256900,轿车,706.0,203.0,3,7.96
1060,武汉,20-30万,商务,"空间,舒适性,品牌,价格",47,007,极氪,纯电动,264000,轿车,688.0,229.0,4,7.44
1061,武汉,20-30万,商务,"空间,舒适性,品牌,价格",66,SU7,小米,纯电动,257900,轿车,700.0,220.0,5,6.95
1062,武汉,20-30万,商务,"空间,舒适性,品牌,价格",76,凯美瑞,丰田,燃油,208300,轿车,0,152.0,6,6.5
1063,武汉,20-30万,商务,"空间,舒适性,品牌,价格",80,亚洲龙,丰田,油电混动,239800,轿车,0,131.0,7,6.09
1064,武汉,20-30万,商务,"空间,舒适性,品牌,价格",81,雅阁,本田,油电混动,209800,轿车,0,143.0,8,5.66
1065,武汉,20-30万,长途,"续航,空间,动力,舒适性",69,YU7,小米,纯电动,289900,SUV,830.0,320.0,1,8.89
1066,武汉,20-30万,长途,"续航,空间,动力,舒适性",38,P7i,小鹏,纯电动,256900,轿车,706.0,203.0,2,8.45
1067,武汉,20-30万,长途,"续航,空间,动力,舒适性",66,SU7,小米,纯电动,257900,轿车,700.0,220.0,3,8.2
1068,武汉,20-30万,长途,"续航,空间,动力,舒适性",47,007,极氪,纯电动,264000,轿车,688.0,229.0,4,7.49
1069,武汉,20-30万,长途,"续航,空间,动力,舒适性",48,X,极氪,纯电动,219000,SUV,670.0,200.0,5,6.87
1070,武汉,20-30万,长途,"续航,空间,动力,舒适性",49,X YOU,极氪,纯电动,264000,SUV,670.0,200.0,6,6.64
1071,武汉,20-30万,长途,"续航,空间,动力,舒适性",42,M5 EV,问界,纯电动,279800,SUV,620.0,165.0,7,6.06
1072,武汉,20-30万,长途,"续航,空间,动力,舒适性",3,汉EV,比亚迪,纯电动,274800,轿车,605.0,180.0,8,5.54
1073,武汉,20-30万,越野,"空间,品牌,价格,性价比",18,坦克300,长城,燃油,254800,SUV,0,167.0,1,8.95
1074,武汉,20-30万,越野,"空间,品牌,价格,性价比",24,星途揽月,奇瑞,燃油,208900,SUV,0,192.0,2,8.6
1075,武汉,20-30万,越野,"空间,品牌,价格,性价比",35,L6,理想,增程,299800,SUV,130.0,85.0,3,7.84
1076,武汉,20-30万,越野,"空间,品牌,价格,性价比",36,G6,小鹏,纯电动,236900,SUV,580.0,218.0,4,7.67
1077,武汉,20-30万,越野,"空间,品牌,价格,性价比",41,M5,问界,增程,294800,SUV,200.0,142.0,5,6.84
1078,武汉,20-30万,越野,"空间,品牌,价格,性价比",42,M5 EV,问界,纯电动,279800,SUV,620.0,165.0,6,6.58
1079,武汉,20-30万,越野,"空间,品牌,价格,性价比",48,X,极氪,纯电动,219000,SUV,670.0,200.0,7,5.82
1080,武汉,20-30万,越野,"空间,品牌,价格,性价比",49,X YOU,极氪,纯电动,264000,SUV,670.0,200.0,8,5.33
1081,武汉,30万以上,通勤,"智能化,空间,续航,动力",10,极氪001,吉利,纯电动,319000,轿车,741.0,310.0,1,8.86
1082,武汉,30万以上,通勤,"智能化,空间,续航,动力",19,坦克500,长城,油电混动,365000,SUV,0,180.0,2,8.47
1083,武汉,30万以上,通勤,"智能化,空间,续航,动力",26,ET5,蔚来,纯电动,323300,轿车,550.0,300.0,3,8.15
1084,武汉,30万以上,通勤,"智能化,空间,续航,动力",27,ET7,蔚来,纯电动,497000,轿车,675.0,360.0,4,7.37
1085,武汉,30万以上,通勤,"智能化,空间,续航,动力",28,ES6,蔚来,纯电动,402000,SUV,625.0,400.0,5,6.96
1086,武汉,30万以上,通勤,"智能化,空间,续航,动力",29,ES8,蔚来,纯电动,587000,SUV,580.0,400.0,6,6.37
1087,武汉,30万以上,通勤,"智能化,空间,续航,动力",30,全新蔚来ES6,蔚来,纯电动,402000,SUV,625.0,400.0,7,5.83
1088,武汉,30万以上,通勤,"智能化,空间,续航,动力",31,L7,理想,增程,349800,SUV,210.0,110.0,8,5.65
1089,武汉,30万以上,家用,"价格,智能化,舒适性,续航",10,极氪001,吉利,纯电动,319000,轿车,741.0,310.0,1,8.92
1090,武汉,30万以上,家用,"价格,智能化,舒适性,续航",19,坦克500,长城,油电混动,365000,SUV,0,180.0,2,8.49
1091,武汉,30万以上,家用,"价格,智能化,舒适性,续航",26,ET5,蔚来,纯电动,323300,轿车,550.0,300.0,3,7.97
1092,武汉,30万以上,家用,"价格,智能化,舒适性,续航",27,ET7,蔚来,纯电动,497000,轿车,675.0,360.0,4,7.37
1093,武汉,30万以上,家用,"价格,智能化,舒适性,续航",28,ES6,蔚来,纯电动,402000,SUV,625.0,400.0,5,6.81
1094,武汉,30万以上,家用,"价格,智能化,舒适性,续航",29,ES8,蔚来,纯电动,587000,SUV,580.0,400.0,6,6.68
1095,武汉,30万以上,家用,"价格,智能化,舒适性,续航",30,全新蔚来ES6,蔚来,纯电动,402000,SUV,625.0,400.0,7,6.04
1096,武汉,30万以上,家用,"价格,智能化,舒适性,续航",31,L7,理想,增程,349800,SUV,210.0,110.0,8,5.33
1097,武汉,30万以上,商务,"续航,动力,性价比,智能化",10,极氪001,吉利,纯电动,319000,轿车,741.0,310.0,1,8.85
1098,武汉,30万以上,商务,"续航,动力,性价比,智能化",26,ET5,蔚来,纯电动,323300,轿车,550.0,300.0,2,8.49
1099,武汉,30万以上,商务,"续航,动力,性价比,智能化",27,ET7,蔚来,纯电动,497000,轿车,675.0,360.0,3,8.1
1100,武汉,30万以上,商务,"续航,动力,性价比,智能化",34,MEGA,理想,纯电动,579800,MPV,700.0,230.0,4,7.59
1101,武汉,30万以上,商务,"续航,动力,性价比,智能化",39,X9,小鹏,纯电动,389900,MPV,702.0,230.0,5,6.86
1102,武汉,30万以上,商务,"续航,动力,性价比,智能化",44,M8,问界,增程,379800,MPV,200.0,140.0,6,6.67
1103,武汉,30万以上,商务,"续航,动力,性价比,智能化",46,001,极氪,纯电动,319000,轿车,741.0,310.0,7,5.9
1104,武汉,30万以上,商务,"续航,动力,性价比,智能化",50,001 FR,极氪,纯电动,789000,轿车,550.0,1247.0,8,5.3
1105,武汉,30万以上,长途,"动力,品牌,性价比,智能化",70,YU7 Pro,小米,纯电动,364900,SUV,830.0,320.0,1,9.13
1106,武汉,30万以上,长途,"动力,品牌,性价比,智能化",10,极氪001,吉利,纯电动,319000,轿车,741.0,310.0,2,8.5
1107,武汉,30万以上,长途,"动力,品牌,性价比,智能化",46,001,极氪,纯电动,319000,轿车,741.0,310.0,3,8.16
1108,武汉,30万以上,长途,"动力,品牌,性价比,智能化",128,Model S,特斯拉,纯电动,853900,轿车,715.0,371.0,4,7.46
1109,武汉,30万以上,长途,"动力,品牌,性价比,智能化",37,G9,小鹏,纯电动,389900,SUV,702.0,316.0,5,6.87
1110,武汉,30万以上,长途,"动力,品牌,性价比,智能化",39,X9,小鹏,纯电动,389900,MPV,702.0,230.0,6,6.49
1111,武汉,30万以上,长途,"动力,品牌,性价比,智能化",34,MEGA,理想,纯电动,579800,MPV,700.0,230.0,7,6.14
1112,武汉,30万以上,长途,"动力,品牌,性价比,智能化",67,SU7 Max,小米,纯电动,334900,轿车,700.0,425.0,8,5.4
1113,武汉,30万以上,越野,"舒适性,智能化,动力,空间",19,坦克500,长城,油电混动,365000,SUV,0,180.0,1,8.9
1114,武汉,30万以上,越野,"舒适性,智能化,动力,空间",28,ES6,蔚来,纯电动,402000,SUV,625.0,400.0,2,8.37
1115,武汉,30万以上,越野,"舒适性,智能化,动力,空间",29,ES8,蔚来,纯电动,587000,SUV,580.0,400.0,3,7.84
1116,武汉,30万以上,越野,"舒适性,智能化,动力,空间",30,全新蔚来ES6,蔚来,纯电动,402000,SUV,625.0,400.0,4,7.4
1117,武汉,30万以上,越野,"舒适性,智能化,动力,空间",31,L7,理想,增程,349800,SUV,210.0,110.0,5,7.06
1118,武汉,30万以上,越野,"舒适性,智能化,动力,空间",32,L8,理想,增程,369800,SUV,210.0,110.0,6,6.6
1119,武汉,30万以上,越野,"舒适性,智能化,动力,空间",33,L9,理想,增程,444800,SUV,210.0,110.0,7,5.83
1120,武汉,30万以上,越野,"舒适性,智能化,动力,空间",37,G9,小鹏,纯电动,389900,SUV,702.0,316.0,8,5.45
1121,西安,5-10万,通勤,"价格,动力,空间,智能化",15,逸动PLUS,长安,燃油,92400,轿车,0,118.0,1,9.12
1122,西安,5-10万,通勤,"价格,动力,空间,智能化",58,T03,零跑,纯电动,79800,轿车,403.0,95.0,2,8.57
1123,西安,5-10万,通勤,"价格,动力,空间,智能化",61,S,哪吒,纯电动,79800,轿车,318.0,70.0,3,7.96
1124,西安,5-10万,通勤,"价格,动力,空间,智能化",64,AYA,哪吒,纯电动,74800,轿车,318.0,70.0,4,7.52
1125,西安,5-10万,家用,"品牌,智能化,空间,性价比",15,逸动PLUS,长安,燃油,92400,轿车,0,118.0,1,8.94
1126,西安,5-10万,家用,"品牌,智能化,空间,性价比",58,T03,零跑,纯电动,79800,轿车,403.0,95.0,2,8.54
1127,西安,5-10万,家用,"品牌,智能化,空间,性价比",61,S,哪吒,纯电动,79800,轿车,318.0,70.0,3,8.09
1128,西安,5-10万,家用,"品牌,智能化,空间,性价比",64,AYA,哪吒,纯电动,74800,轿车,318.0,70.0,4,7.6
1129,西安,5-10万,商务,"智能化,性价比,空间,续航",15,逸动PLUS,长安,燃油,92400,轿车,0,118.0,1,9.0
1130,西安,5-10万,商务,"智能化,性价比,空间,续航",58,T03,零跑,纯电动,79800,轿车,403.0,95.0,2,8.5
1131,西安,5-10万,商务,"智能化,性价比,空间,续航",61,S,哪吒,纯电动,79800,轿车,318.0,70.0,3,8.12
1132,西安,5-10万,商务,"智能化,性价比,空间,续航",64,AYA,哪吒,纯电动,74800,轿车,318.0,70.0,4,7.38
1133,西安,5-10万,长途,"舒适性,品牌,动力,价格",58,T03,零跑,纯电动,79800,轿车,403.0,95.0,1,9.04
1134,西安,5-10万,长途,"舒适性,品牌,动力,价格",61,S,哪吒,纯电动,79800,轿车,318.0,70.0,2,8.46
1135,西安,5-10万,长途,"舒适性,品牌,动力,价格",64,AYA,哪吒,纯电动,74800,轿车,318.0,70.0,3,7.95
1136,西安,5-10万,长途,"舒适性,品牌,动力,价格",15,逸动PLUS,长安,燃油,92400,轿车,0,118.0,4,7.45
1137,西安,5-10万,越野,"舒适性,空间,续航,价格",15,逸动PLUS,长安,燃油,92400,轿车,0,118.0,1,8.89
1138,西安,5-10万,越野,"舒适性,空间,续航,价格",58,T03,零跑,纯电动,79800,轿车,403.0,95.0,2,8.61
1139,西安,5-10万,越野,"舒适性,空间,续航,价格",61,S,哪吒,纯电动,79800,轿车,318.0,70.0,3,8.1
1140,西安,5-10万,越野,"舒适性,空间,续航,价格",64,AYA,哪吒,纯电动,74800,轿车,318.0,70.0,4,7.48
1141,西安,10-20万,通勤,"动力,舒适性,性价比,空间",1,秦PLUS,比亚迪,插电混动,139800,轿车,120.0,132.0,1,8.9
1142,西安,10-20万,通勤,"动力,舒适性,性价比,空间",2,秦PLUS EV,比亚迪,纯电动,134800,轿车,510.0,135.0,2,8.31
1143,西安,10-20万,通勤,"动力,舒适性,性价比,空间",4,宋PLUS DM-i,比亚迪,插电混动,174800,SUV,110.0,145.0,3,7.89
1144,西安,10-20万,通勤,"动力,舒适性,性价比,空间",6,星瑞,吉利,燃油,131700,轿车,0,140.0,4,7.48
1145,西安,10-20万,通勤,"动力,舒适性,性价比,空间",7,博越L,吉利,燃油,148200,SUV,0,160.0,5,6.99
1146,西安,10-20万,通勤,"动力,舒适性,性价比,空间",8,帝豪L Hi·P,吉利,插电混动,160800,轿车,100.0,135.0,6,6.49
1147,西安,10-20万,通勤,"动力,舒适性,性价比,空间",9,银河L7,吉利,插电混动,162200,SUV,115.0,120.0,7,5.99
1148,西安,10-20万,通勤,"动力,舒适性,性价比,空间",11,UNI-V,长安,燃油,124400,轿车,0,138.0,8,5.65
1149,西安,10-20万,家用,"性价比,续航,空间,价格",1,秦PLUS,比亚迪,插电混动,139800,轿车,120.0,132.0,1,8.9
1150,西安,10-20万,家用,"性价比,续航,空间,价格",2,秦PLUS EV,比亚迪,纯电动,134800,轿车,510.0,135.0,2,8.36
1151,西安,10-20万,家用,"性价比,续航,空间,价格",4,宋PLUS DM-i,比亚迪,插电混动,174800,SUV,110.0,145.0,3,8.06
1152,西安,10-20万,家用,"性价比,续航,空间,价格",6,星瑞,吉利,燃油,131700,轿车,0,140.0,4,7.34
1153,西安,10-20万,家用,"性价比,续航,空间,价格",7,博越L,吉利,燃油,148200,SUV,0,160.0,5,6.95
1154,西安,10-20万,家用,"性价比,续航,空间,价格",8,帝豪L Hi·P,吉利,插电混动,160800,轿车,100.0,135.0,6,6.44
1155,西安,10-20万,家用,"性价比,续航,空间,价格",9,银河L7,吉利,插电混动,162200,SUV,115.0,120.0,7,6.16
1156,西安,10-20万,家用,"性价比,续航,空间,价格",11,UNI-V,长安,燃油,124400,轿车,0,138.0,8,5.65
1157,西安,10-20万,商务,"品牌,价格,智能化,动力",1,秦PLUS,比亚迪,插电混动,139800,轿车,120.0,132.0,1,8.94
1158,西安,10-20万,商务,"品牌,价格,智能化,动力",2,秦PLUS EV,比亚迪,纯电动,134800,轿车,510.0,135.0,2,8.51
1159,西安,10-20万,商务,"品牌,价格,智能化,动力",6,星瑞,吉利,燃油,131700,轿车,0,140.0,3,7.99
1160,西安,10-20万,商务,"品牌,价格,智能化,动力",8,帝豪L Hi·P,吉利,插电混动,160800,轿车,100.0,135.0,4,7.67
1161,西安,10-20万,商务,"品牌,价格,智能化,动力",11,UNI-V,长安,燃油,124400,轿车,0,138.0,5,7.15
1162,西安,10-20万,商务,"品牌,价格,智能化,动力",13,深蓝SL03,长安,纯电动,169400,轿车,570.0,190.0,6,6.49
1163,西安,10-20万,商务,"品牌,价格,智能化,动力",20,欧拉好猫,长城,纯电动,134800,轿车,401.0,105.0,7,5.94
1164,西安,10-20万,商务,"品牌,价格,智能化,动力",21,艾瑞泽8,奇瑞,燃油,122900,轿车,0,156.0,8,5.38
1165,西安,10-20万,长途,"动力,价格,品牌,续航",56,C01,零跑,纯电动,179800,轿车,717.0,200.0,1,9.1
1166,西安,10-20万,长途,"动力,价格,品牌,续航",57,C11,零跑,纯电动,189800,SUV,650.0,200.0,2,8.52
1167,西安,10-20万,长途,"动力,价格,品牌,续航",63,GT,哪吒,纯电动,179800,轿车,580.0,170.0,3,7.82
1168,西安,10-20万,长途,"动力,价格,品牌,续航",13,深蓝SL03,长安,纯电动,169400,轿车,570.0,190.0,4,7.5
1169,西安,10-20万,长途,"动力,价格,品牌,续航",60,C10,零跑,纯电动,148800,SUV,520.0,160.0,5,7.05
1170,西安,10-20万,长途,"动力,价格,品牌,续航",40,Mona M03,小鹏,纯电动,154800,轿车,515.0,170.0,6,6.45
1171,西安,10-20万,长途,"动力,价格,品牌,续航",2,秦PLUS EV,比亚迪,纯电动,134800,轿车,510.0,135.0,7,5.98
1172,西安,10-20万,长途,"动力,价格,品牌,续航",59,S01,零跑,纯电动,129800,跑车,510.0,170.0,8,5.43
1173,西安,10-20万,越野,"性价比,动力,智能化,品牌",4,宋PLUS DM-i,比亚迪,插电混动,174800,SUV,110.0,145.0,1,8.91
1174,西安,10-20万,越野,"性价比,动力,智能化,品牌",7,博越L,吉利,燃油,148200,SUV,0,160.0,2,8.32
1175,西安,10-20万,越野,"性价比,动力,智能化,品牌",9,银河L7,吉利,插电混动,162200,SUV,115.0,120.0,3,8.01
1176,西安,10-20万,越野,"性价比,动力,智能化,品牌",12,UNI-K,长安,燃油,167400,SUV,0,233.0,4,7.35
1177,西安,10-20万,越野,"性价比,动力,智能化,品牌",14,深蓝S7,长安,增程,183900,SUV,200.0,160.0,5,6.98
1178,西安,10-20万,越野,"性价比,动力,智能化,品牌",16,哈弗H6,长城,燃油,129350,SUV,0,135.0,6,6.5
1179,西安,10-20万,越野,"性价比,动力,智能化,品牌",17,哈弗枭龙MAX,长城,插电混动,159800,SUV,81.0,150.0,7,6.11
1180,西安,10-20万,越野,"性价比,动力,智能化,品牌",22,瑞虎8 PRO,奇瑞,燃油,156400,SUV,0,187.0,8,5.31
1181,西安,20-30万,通勤,"续航,性价比,空间,动力",3,汉EV,比亚迪,纯电动,274800,轿车,605.0,180.0,1,9.06
1182,西安,20-30万,通勤,"续航,性价比,空间,动力",5,海豹,比亚迪,纯电动,229800,轿车,550.0,230.0,2,8.48
1183,西安,20-30万,通勤,"续航,性价比,空间,动力",18,坦克300,长城,燃油,254800,SUV,0,167.0,3,8.09
1184,西安,20-30万,通勤,"续航,性价比,空间,动力",24,星途揽月,奇瑞,燃油,208900,SUV,0,192.0,4,7.41
1185,西安,20-30万,通勤,"续航,性价比,空间,动力",35,L6,理想,增程,299800,SUV,130.0,85.0,5,6.86
1186,西安,20-30万,通勤,"续航,性价比,空间,动力",36,G6,小鹏,纯电动,236900,SUV,580.0,218.0,6,6.67
1187,西安,20-30万,通勤,"续航,性价比,空间,动力",38,P7i,小鹏,纯电动,256900,轿车,706.0,203.0,7,5.84
1188,西安,20-30万,通勤,"续航,性价比,空间,动力",41,M5,问界,增程,294800,SUV,200.0,142.0,8,5.45
1189,西安,20-30万,家用,"品牌,续航,价格,舒适性",3,汉EV,比亚迪,纯电动,274800,轿车,605.0,180.0,1,8.92
1190,西安,20-30万,家用,"品牌,续航,价格,舒适性",5,海豹,比亚迪,纯电动,229800,轿车,550.0,230.0,2,8.68
1191,西安,20-30万,家用,"品牌,续航,价格,舒适性",18,坦克300,长城,燃油,254800,SUV,0,167.0,3,7.88
1192,西安,20-30万,家用,"品牌,续航,价格,舒适性",24,星途揽月,奇瑞,燃油,208900,SUV,0,192.0,4,7.53
1193,西安,20-30万,家用,"品牌,续航,价格,舒适性",35,L6,理想,增程,299800,SUV,130.0,85.0,5,6.97
1194,西安,20-30万,家用,"品牌,续航,价格,舒适性",36,G6,小鹏,纯电动,236900,SUV,580.0,218.0,6,6.63
1195,西安,20-30万,家用,"品牌,续航,价格,舒适性",38,P7i,小鹏,纯电动,256900,轿车,706.0,203.0,7,5.86
1196,西安,20-30万,家用,"品牌,续航,价格,舒适性",41,M5,问界,增程,294800,SUV,200.0,142.0,8,5.52
1197,西安,20-30万,商务,"智能化,续航,价格,舒适性",3,汉EV,比亚迪,纯电动,274800,轿车,605.0,180.0,1,8.87
1198,西安,20-30万,商务,"智能化,续航,价格,舒适性",5,海豹,比亚迪,纯电动,229800,轿车,550.0,230.0,2,8.31
1199,西安,20-30万,商务,"智能化,续航,价格,舒适性",38,P7i,小鹏,纯电动,256900,轿车,706.0,203.0,3,8.09
1200,西安,20-30万,商务,"智能化,续航,价格,舒适性",47,007,极氪,纯电动,264000,轿车,688.0,229.0,4,7.61
1201,西安,20-30万,商务,"智能化,续航,价格,舒适性",66,SU7,小米,纯电动,257900,轿车,700.0,220.0,5,6.89
1202,西安,20-30万,商务,"智能化,续航,价格,舒适性",76,凯美瑞,丰田,燃油,208300,轿车,0,152.0,6,6.67
1203,西安,20-30万,商务,"智能化,续航,价格,舒适性",80,亚洲龙,丰田,油电混动,239800,轿车,0,131.0,7,5.87
1204,西安,20-30万,商务,"智能化,续航,价格,舒适性",81,雅阁,本田,油电混动,209800,轿车,0,143.0,8,5.57
1205,西安,20-30万,长途,"续航,价格,舒适性,空间",69,YU7,小米,纯电动,289900,SUV,830.0,320.0,1,9.12
1206,西安,20-30万,长途,"续航,价格,舒适性,空间",38,P7i,小鹏,纯电动,256900,轿车,706.0,203.0,2,8.44
1207,西安,20-30万,长途,"续航,价格,舒适性,空间",66,SU7,小米,纯电动,257900,轿车,700.0,220.0,3,8.09
1208,西安,20-30万,长途,"续航,价格,舒适性,空间",47,007,极氪,纯电动,264000,轿车,688.0,229.0,4,7.45
1209,西安,20-30万,长途,"续航,价格,舒适性,空间",48,X,极氪,纯电动,219000,SUV,670.0,200.0,5,6.99
1210,西安,20-30万,长途,"续航,价格,舒适性,空间",49,X YOU,极氪,纯电动,264000,SUV,670.0,200.0,6,6.68
1211,西安,20-30万,长途,"续航,价格,舒适性,空间",42,M5 EV,问界,纯电动,279800,SUV,620.0,165.0,7,6.03
1212,西安,20-30万,长途,"续航,价格,舒适性,空间",3,汉EV,比亚迪,纯电动,274800,轿车,605.0,180.0,8,5.52
1213,西安,20-30万,越野,"舒适性,性价比,品牌,动力",18,坦克300,长城,燃油,254800,SUV,0,167.0,1,9.01
1214,西安,20-30万,越野,"舒适性,性价比,品牌,动力",24,星途揽月,奇瑞,燃油,208900,SUV,0,192.0,2,8.57
1215,西安,20-30万,越野,"舒适性,性价比,品牌,动力",35,L6,理想,增程,299800,SUV,130.0,85.0,3,8.13
1216,西安,20-30万,越野,"舒适性,性价比,品牌,动力",36,G6,小鹏,纯电动,236900,SUV,580.0,218.0,4,7.54
1217,西安,20-30万,越野,"舒适性,性价比,品牌,动力",41,M5,问界,增程,294800,SUV,200.0,142.0,5,7.07
1218,西安,20-30万,越野,"舒适性,性价比,品牌,动力",42,M5 EV,问界,纯电动,279800,SUV,620.0,165.0,6,6.62
1219,西安,20-30万,越野,"舒适性,性价比,品牌,动力",48,X,极氪,纯电动,219000,SUV,670.0,200.0,7,6.11
1220,西安,20-30万,越野,"舒适性,性价比,品牌,动力",49,X YOU,极氪,纯电动,264000,SUV,670.0,200.0,8,5.4
1221,西安,30万以上,通勤,"价格,空间,品牌,动力",10,极氪001,吉利,纯电动,319000,轿车,741.0,310.0,1,8.93
1222,西安,30万以上,通勤,"价格,空间,品牌,动力",19,坦克500,长城,油电混动,365000,SUV,0,180.0,2,8.5
1223,西安,30万以上,通勤,"价格,空间,品牌,动力",26,ET5,蔚来,纯电动,323300,轿车,550.0,300.0,3,8.0
1224,西安,30万以上,通勤,"价格,空间,品牌,动力",27,ET7,蔚来,纯电动,497000,轿车,675.0,360.0,4,7.59
1225,西安,30万以上,通勤,"价格,空间,品牌,动力",28,ES6,蔚来,纯电动,402000,SUV,625.0,400.0,5,6.96
1226,西安,30万以上,通勤,"价格,空间,品牌,动力",29,ES8,蔚来,纯电动,587000,SUV,580.0,400.0,6,6.68
1227,西安,30万以上,通勤,"价格,空间,品牌,动力",30,全新蔚来ES6,蔚来,纯电动,402000,SUV,625.0,400.0,7,5.92
1228,西安,30万以上,通勤,"价格,空间,品牌,动力",31,L7,理想,增程,349800,SUV,210.0,110.0,8,5.65
1229,西安,30万以上,家用,"续航,品牌,性价比,智能化",10,极氪001,吉利,纯电动,319000,轿车,741.0,310.0,1,8.89
1230,西安,30万以上,家用,"续航,品牌,性价比,智能化",19,坦克500,长城,油电混动,365000,SUV,0,180.0,2,8.61
1231,西安,30万以上,家用,"续航,品牌,性价比,智能化",26,ET5,蔚来,纯电动,323300,轿车,550.0,300.0,3,8.15
1232,西安,30万以上,家用,"续航,品牌,性价比,智能化",27,ET7,蔚来,纯电动,497000,轿车,675.0,360.0,4,7.4
1233,西安,30万以上,家用,"续航,品牌,性价比,智能化",28,ES6,蔚来,纯电动,402000,SUV,625.0,400.0,5,7.16
1234,西安,30万以上,家用,"续航,品牌,性价比,智能化",29,ES8,蔚来,纯电动,587000,SUV,580.0,400.0,6,6.67
1235,西安,30万以上,家用,"续航,品牌,性价比,智能化",30,全新蔚来ES6,蔚来,纯电动,402000,SUV,625.0,400.0,7,6.08
1236,西安,30万以上,家用,"续航,品牌,性价比,智能化",31,L7,理想,增程,349800,SUV,210.0,110.0,8,5.5
1237,西安,30万以上,商务,"品牌,舒适性,空间,性价比",10,极氪001,吉利,纯电动,319000,轿车,741.0,310.0,1,9.03
1238,西安,30万以上,商务,"品牌,舒适性,空间,性价比",26,ET5,蔚来,纯电动,323300,轿车,550.0,300.0,2,8.42
1239,西安,30万以上,商务,"品牌,舒适性,空间,性价比",27,ET7,蔚来,纯电动,497000,轿车,675.0,360.0,3,7.9
1240,西安,30万以上,商务,"品牌,舒适性,空间,性价比",34,MEGA,理想,纯电动,579800,MPV,700.0,230.0,4,7.55
1241,西安,30万以上,商务,"品牌,舒适性,空间,性价比",39,X9,小鹏,纯电动,389900,MPV,702.0,230.0,5,7.18
1242,西安,30万以上,商务,"品牌,舒适性,空间,性价比",44,M8,问界,增程,379800,MPV,200.0,140.0,6,6.57
1243,西安,30万以上,商务,"品牌,舒适性,空间,性价比",46,001,极氪,纯电动,319000,轿车,741.0,310.0,7,6.11
1244,西安,30万以上,商务,"品牌,舒适性,空间,性价比",50,001 FR,极氪,纯电动,789000,轿车,550.0,1247.0,8,5.67
1245,西安,30万以上,长途,"价格,空间,品牌,舒适性",70,YU7 Pro,小米,纯电动,364900,SUV,830.0,320.0,1,8.86
1246,西安,30万以上,长途,"价格,空间,品牌,舒适性",10,极氪001,吉利,纯电动,319000,轿车,741.0,310.0,2,8.49
1247,西安,30万以上,长途,"价格,空间,品牌,舒适性",46,001,极氪,纯电动,319000,轿车,741.0,310.0,3,7.81
1248,西安,30万以上,长途,"价格,空间,品牌,舒适性",128,Model S,特斯拉,纯电动,853900,轿车,715.0,371.0,4,7.68
1249,西安,30万以上,长途,"价格,空间,品牌,舒适性",37,G9,小鹏,纯电动,389900,SUV,702.0,316.0,5,6.85
1250,西安,30万以上,长途,"价格,空间,品牌,舒适性",39,X9,小鹏,纯电动,389900,MPV,702.0,230.0,6,6.39
1251,西安,30万以上,长途,"价格,空间,品牌,舒适性",34,MEGA,理想,纯电动,579800,MPV,700.0,230.0,7,6.15
1252,西安,30万以上,长途,"价格,空间,品牌,舒适性",67,SU7 Max,小米,纯电动,334900,轿车,700.0,425.0,8,5.5
1253,西安,30万以上,越野,"品牌,智能化,续航,空间",19,坦克500,长城,油电混动,365000,SUV,0,180.0,1,8.97
1254,西安,30万以上,越野,"品牌,智能化,续航,空间",28,ES6,蔚来,纯电动,402000,SUV,625.0,400.0,2,8.39
1255,西安,30万以上,越野,"品牌,智能化,续航,空间",29,ES8,蔚来,纯电动,587000,SUV,580.0,400.0,3,7.9
1256,西安,30万以上,越野,"品牌,智能化,续航,空间",30,全新蔚来ES6,蔚来,纯电动,402000,SUV,625.0,400.0,4,7.62
1257,西安,30万以上,越野,"品牌,智能化,续航,空间",31,L7,理想,增程,349800,SUV,210.0,110.0,5,6.93
1258,西安,30万以上,越野,"品牌,智能化,续航,空间",32,L8,理想,增程,369800,SUV,210.0,110.0,6,6.54
1259,西安,30万以上,越野,"品牌,智能化,续航,空间",33,L9,理想,增程,444800,SUV,210.0,110.0,7,6.04
1260,西安,30万以上,越野,"品牌,智能化,续航,空间",37,G9,小鹏,纯电动,389900,SUV,702.0,316.0,8,5.64
1261,南京,5-10万,通勤,"续航,价格,品牌,舒适性",15,逸动PLUS,长安,燃油,92400,轿车,0,118.0,1,8.86
1262,南京,5-10万,通勤,"续航,价格,品牌,舒适性",58,T03,零跑,纯电动,79800,轿车,403.0,95.0,2,8.47
1263,南京,5-10万,通勤,"续航,价格,品牌,舒适性",61,S,哪吒,纯电动,79800,轿车,318.0,70.0,3,8.16
1264,南京,5-10万,通勤,"续航,价格,品牌,舒适性",64,AYA,哪吒,纯电动,74800,轿车,318.0,70.0,4,7.67
1265,南京,5-10万,家用,"动力,价格,品牌,空间",15,逸动PLUS,长安,燃油,92400,轿车,0,118.0,1,8.87
1266,南京,5-10万,家用,"动力,价格,品牌,空间",58,T03,零跑,纯电动,79800,轿车,403.0,95.0,2,8.35
1267,南京,5-10万,家用,"动力,价格,品牌,空间",61,S,哪吒,纯电动,79800,轿车,318.0,70.0,3,8.19
1268,南京,5-10万,家用,"动力,价格,品牌,空间",64,AYA,哪吒,纯电动,74800,轿车,318.0,70.0,4,7.45
1269,南京,5-10万,商务,"舒适性,性价比,智能化,价格",15,逸动PLUS,长安,燃油,92400,轿车,0,118.0,1,8.82
1270,南京,5-10万,商务,"舒适性,性价比,智能化,价格",58,T03,零跑,纯电动,79800,轿车,403.0,95.0,2,8.66
1271,南京,5-10万,商务,"舒适性,性价比,智能化,价格",61,S,哪吒,纯电动,79800,轿车,318.0,70.0,3,7.93
1272,南京,5-10万,商务,"舒适性,性价比,智能化,价格",64,AYA,哪吒,纯电动,74800,轿车,318.0,70.0,4,7.32
1273,南京,5-10万,长途,"续航,价格,智能化,品牌",58,T03,零跑,纯电动,79800,轿车,403.0,95.0,1,9.13
1274,南京,5-10万,长途,"续航,价格,智能化,品牌",61,S,哪吒,纯电动,79800,轿车,318.0,70.0,2,8.38
1275,南京,5-10万,长途,"续航,价格,智能化,品牌",64,AYA,哪吒,纯电动,74800,轿车,318.0,70.0,3,7.87
1276,南京,5-10万,长途,"续航,价格,智能化,品牌",15,逸动PLUS,长安,燃油,92400,轿车,0,118.0,4,7.46
1277,南京,5-10万,越野,"性价比,价格,动力,智能化",15,逸动PLUS,长安,燃油,92400,轿车,0,118.0,1,8.92
1278,南京,5-10万,越野,"性价比,价格,动力,智能化",58,T03,零跑,纯电动,79800,轿车,403.0,95.0,2,8.63
1279,南京,5-10万,越野,"性价比,价格,动力,智能化",61,S,哪吒,纯电动,79800,轿车,318.0,70.0,3,7.83
1280,南京,5-10万,越野,"性价比,价格,动力,智能化",64,AYA,哪吒,纯电动,74800,轿车,318.0,70.0,4,7.55
1281,南京,10-20万,通勤,"动力,价格,空间,智能化",1,秦PLUS,比亚迪,插电混动,139800,轿车,120.0,132.0,1,9.14
1282,南京,10-20万,通勤,"动力,价格,空间,智能化",2,秦PLUS EV,比亚迪,纯电动,134800,轿车,510.0,135.0,2,8.36
1283,南京,10-20万,通勤,"动力,价格,空间,智能化",4,宋PLUS DM-i,比亚迪,插电混动,174800,SUV,110.0,145.0,3,8.11
1284,南京,10-20万,通勤,"动力,价格,空间,智能化",6,星瑞,吉利,燃油,131700,轿车,0,140.0,4,7.51
1285,南京,10-20万,通勤,"动力,价格,空间,智能化",7,博越L,吉利,燃油,148200,SUV,0,160.0,5,7.0
1286,南京,10-20万,通勤,"动力,价格,空间,智能化",8,帝豪L Hi·P,吉利,插电混动,160800,轿车,100.0,135.0,6,6.39
1287,南京,10-20万,通勤,"动力,价格,空间,智能化",9,银河L7,吉利,插电混动,162200,SUV,115.0,120.0,7,5.91
1288,南京,10-20万,通勤,"动力,价格,空间,智能化",11,UNI-V,长安,燃油,124400,轿车,0,138.0,8,5.46
1289,南京,10-20万,家用,"舒适性,性价比,续航,空间",1,秦PLUS,比亚迪,插电混动,139800,轿车,120.0,132.0,1,9.12
1290,南京,10-20万,家用,"舒适性,性价比,续航,空间",2,秦PLUS EV,比亚迪,纯电动,134800,轿车,510.0,135.0,2,8.44
1291,南京,10-20万,家用,"舒适性,性价比,续航,空间",4,宋PLUS DM-i,比亚迪,插电混动,174800,SUV,110.0,145.0,3,8.0
1292,南京,10-20万,家用,"舒适性,性价比,续航,空间",6,星瑞,吉利,燃油,131700,轿车,0,140.0,4,7.42
1293,南京,10-20万,家用,"舒适性,性价比,续航,空间",7,博越L,吉利,燃油,148200,SUV,0,160.0,5,7.08
1294,南京,10-20万,家用,"舒适性,性价比,续航,空间",8,帝豪L Hi·P,吉利,插电混动,160800,轿车,100.0,135.0,6,6.46
1295,南京,10-20万,家用,"舒适性,性价比,续航,空间",9,银河L7,吉利,插电混动,162200,SUV,115.0,120.0,7,6.12
1296,南京,10-20万,家用,"舒适性,性价比,续航,空间",11,UNI-V,长安,燃油,124400,轿车,0,138.0,8,5.39
1297,南京,10-20万,商务,"智能化,舒适性,动力,续航",1,秦PLUS,比亚迪,插电混动,139800,轿车,120.0,132.0,1,8.9
1298,南京,10-20万,商务,"智能化,舒适性,动力,续航",2,秦PLUS EV,比亚迪,纯电动,134800,轿车,510.0,135.0,2,8.36
1299,南京,10-20万,商务,"智能化,舒适性,动力,续航",6,星瑞,吉利,燃油,131700,轿车,0,140.0,3,7.86
1300,南京,10-20万,商务,"智能化,舒适性,动力,续航",8,帝豪L Hi·P,吉利,插电混动,160800,轿车,100.0,135.0,4,7.33
1301,南京,10-20万,商务,"智能化,舒适性,动力,续航",11,UNI-V,长安,燃油,124400,轿车,0,138.0,5,7.04
1302,南京,10-20万,商务,"智能化,舒适性,动力,续航",13,深蓝SL03,长安,纯电动,169400,轿车,570.0,190.0,6,6.35
1303,南京,10-20万,商务,"智能化,舒适性,动力,续航",20,欧拉好猫,长城,纯电动,134800,轿车,401.0,105.0,7,5.84
1304,南京,10-20万,商务,"智能化,舒适性,动力,续航",21,艾瑞泽8,奇瑞,燃油,122900,轿车,0,156.0,8,5.48
1305,南京,10-20万,长途,"动力,舒适性,价格,性价比",56,C01,零跑,纯电动,179800,轿车,717.0,200.0,1,9.11
1306,南京,10-20万,长途,"动力,舒适性,价格,性价比",57,C11,零跑,纯电动,189800,SUV,650.0,200.0,2,8.58
1307,南京,10-20万,长途,"动力,舒适性,价格,性价比",63,GT,哪吒,纯电动,179800,轿车,580.0,170.0,3,8.03
1308,南京,10-20万,长途,"动力,舒适性,价格,性价比",13,深蓝SL03,长安,纯电动,169400,轿车,570.0,190.0,4,7.59
1309,南京,10-20万,长途,"动力,舒适性,价格,性价比",60,C10,零跑,纯电动,148800,SUV,520.0,160.0,5,6.97
1310,南京,10-20万,长途,"动力,舒适性,价格,性价比",40,Mona M03,小鹏,纯电动,154800,轿车,515.0,170.0,6,6.35
1311,南京,10-20万,长途,"动力,舒适性,价格,性价比",2,秦PLUS EV,比亚迪,纯电动,134800,轿车,510.0,135.0,7,6.06
1312,南京,10-20万,长途,"动力,舒适性,价格,性价比",59,S01,零跑,纯电动,129800,跑车,510.0,170.0,8,5.68
1313,南京,10-20万,越野,"智能化,舒适性,续航,空间",4,宋PLUS DM-i,比亚迪,插电混动,174800,SUV,110.0,145.0,1,9.06
1314,南京,10-20万,越野,"智能化,舒适性,续航,空间",7,博越L,吉利,燃油,148200,SUV,0,160.0,2,8.45
1315,南京,10-20万,越野,"智能化,舒适性,续航,空间",9,银河L7,吉利,插电混动,162200,SUV,115.0,120.0,3,7.96
1316,南京,10-20万,越野,"智能化,舒适性,续航,空间",12,UNI-K,长安,燃油,167400,SUV,0,233.0,4,7.44
1317,南京,10-20万,越野,"智能化,舒适性,续航,空间",14,深蓝S7,长安,增程,183900,SUV,200.0,160.0,5,6.82
1318,南京,10-20万,越野,"智能化,舒适性,续航,空间",16,哈弗H6,长城,燃油,129350,SUV,0,135.0,6,6.64
1319,南京,10-20万,越野,"智能化,舒适性,续航,空间",17,哈弗枭龙MAX,长城,插电混动,159800,SUV,81.0,150.0,7,6.12
1320,南京,10-20万,越野,"智能化,舒适性,续航,空间",22,瑞虎8 PRO,奇瑞,燃油,156400,SUV,0,187.0,8,5.46
1321,南京,20-30万,通勤,"性价比,空间,舒适性,品牌",3,汉EV,比亚迪,纯电动,274800,轿车,605.0,180.0,1,9.11
1322,南京,20-30万,通勤,"性价比,空间,舒适性,品牌",5,海豹,比亚迪,纯电动,229800,轿车,550.0,230.0,2,8.65
1323,南京,20-30万,通勤,"性价比,空间,舒适性,品牌",18,坦克300,长城,燃油,254800,SUV,0,167.0,3,7.98
1324,南京,20-30万,通勤,"性价比,空间,舒适性,品牌",24,星途揽月,奇瑞,燃油,208900,SUV,0,192.0,4,7.63
1325,南京,20-30万,通勤,"性价比,空间,舒适性,品牌",35,L6,理想,增程,299800,SUV,130.0,85.0,5,7.1
1326,南京,20-30万,通勤,"性价比,空间,舒适性,品牌",36,G6,小鹏,纯电动,236900,SUV,580.0,218.0,6,6.58
1327,南京,20-30万,通勤,"性价比,空间,舒适性,品牌",38,P7i,小鹏,纯电动,256900,轿车,706.0,203.0,7,6.06
1328,南京,20-30万,通勤,"性价比,空间,舒适性,品牌",41,M5,问界,增程,294800,SUV,200.0,142.0,8,5.68
1329,南京,20-30万,家用,"动力,价格,续航,性价比",3,汉EV,比亚迪,纯电动,274800,轿车,605.0,180.0,1,8.97
1330,南京,20-30万,家用,"动力,价格,续航,性价比",5,海豹,比亚迪,纯电动,229800,轿车,550.0,230.0,2,8.49
1331,南京,20-30万,家用,"动力,价格,续航,性价比",18,坦克300,长城,燃油,254800,SUV,0,167.0,3,8.2
1332,南京,20-30万,家用,"动力,价格,续航,性价比",24,星途揽月,奇瑞,燃油,208900,SUV,0,192.0,4,7.36
1333,南京,20-30万,家用,"动力,价格,续航,性价比",35,L6,理想,增程,299800,SUV,130.0,85.0,5,7.15
1334,南京,20-30万,家用,"动力,价格,续航,性价比",36,G6,小鹏,纯电动,236900,SUV,580.0,218.0,6,6.4
1335,南京,20-30万,家用,"动力,价格,续航,性价比",38,P7i,小鹏,纯电动,256900,轿车,706.0,203.0,7,6.04
1336,南京,20-30万,家用,"动力,价格,续航,性价比",41,M5,问界,增程,294800,SUV,200.0,142.0,8,5.68
1337,南京,20-30万,商务,"空间,舒适性,续航,性价比",3,汉EV,比亚迪,纯电动,274800,轿车,605.0,180.0,1,8.82
1338,南京,20-30万,商务,"空间,舒适性,续航,性价比",5,海豹,比亚迪,纯电动,229800,轿车,550.0,230.0,2,8.3
1339,南京,20-30万,商务,"空间,舒适性,续航,性价比",38,P7i,小鹏,纯电动,256900,轿车,706.0,203.0,3,7.94
1340,南京,20-30万,商务,"空间,舒适性,续航,性价比",47,007,极氪,纯电动,264000,轿车,688.0,229.0,4,7.44
1341,南京,20-30万,商务,"空间,舒适性,续航,性价比",66,SU7,小米,纯电动,257900,轿车,700.0,220.0,5,7.05
1342,南京,20-30万,商务,"空间,舒适性,续航,性价比",76,凯美瑞,丰田,燃油,208300,轿车,0,152.0,6,6.43
1343,南京,20-30万,商务,"空间,舒适性,续航,性价比",80,亚洲龙,丰田,油电混动,239800,轿车,0,131.0,7,5.84
1344,南京,20-30万,商务,"空间,舒适性,续航,性价比",81,雅阁,本田,油电混动,209800,轿车,0,143.0,8,5.61
1345,南京,20-30万,长途,"空间,续航,品牌,动力",69,YU7,小米,纯电动,289900,SUV,830.0,320.0,1,9.07
1346,南京,20-30万,长途,"空间,续航,品牌,动力",38,P7i,小鹏,纯电动,256900,轿车,706.0,203.0,2,8.64
1347,南京,20-30万,长途,"空间,续航,品牌,动力",66,SU7,小米,纯电动,257900,轿车,700.0,220.0,3,8.1
1348,南京,20-30万,长途,"空间,续航,品牌,动力",47,007,极氪,纯电动,264000,轿车,688.0,229.0,4,7.41
1349,南京,20-30万,长途,"空间,续航,品牌,动力",48,X,极氪,纯电动,219000,SUV,670.0,200.0,5,6.96
1350,南京,20-30万,长途,"空间,续航,品牌,动力",49,X YOU,极氪,纯电动,264000,SUV,670.0,200.0,6,6.51
1351,南京,20-30万,长途,"空间,续航,品牌,动力",42,M5 EV,问界,纯电动,279800,SUV,620.0,165.0,7,6.04
1352,南京,20-30万,长途,"空间,续航,品牌,动力",3,汉EV,比亚迪,纯电动,274800,轿车,605.0,180.0,8,5.67
1353,南京,20-30万,越野,"空间,性价比,舒适性,价格",18,坦克300,长城,燃油,254800,SUV,0,167.0,1,8.98
1354,南京,20-30万,越野,"空间,性价比,舒适性,价格",24,星途揽月,奇瑞,燃油,208900,SUV,0,192.0,2,8.59
1355,南京,20-30万,越野,"空间,性价比,舒适性,价格",35,L6,理想,增程,299800,SUV,130.0,85.0,3,8.02
1356,南京,20-30万,越野,"空间,性价比,舒适性,价格",36,G6,小鹏,纯电动,236900,SUV,580.0,218.0,4,7.52
1357,南京,20-30万,越野,"空间,性价比,舒适性,价格",41,M5,问界,增程,294800,SUV,200.0,142.0,5,7.1
1358,南京,20-30万,越野,"空间,性价比,舒适性,价格",42,M5 EV,问界,纯电动,279800,SUV,620.0,165.0,6,6.32
1359,南京,20-30万,越野,"空间,性价比,舒适性,价格",48,X,极氪,纯电动,219000,SUV,670.0,200.0,7,5.93
1360,南京,20-30万,越野,"空间,性价比,舒适性,价格",49,X YOU,极氪,纯电动,264000,SUV,670.0,200.0,8,5.46
1361,南京,30万以上,通勤,"续航,空间,品牌,舒适性",10,极氪001,吉利,纯电动,319000,轿车,741.0,310.0,1,9.17
1362,南京,30万以上,通勤,"续航,空间,品牌,舒适性",19,坦克500,长城,油电混动,365000,SUV,0,180.0,2,8.54
1363,南京,30万以上,通勤,"续航,空间,品牌,舒适性",26,ET5,蔚来,纯电动,323300,轿车,550.0,300.0,3,7.89
1364,南京,30万以上,通勤,"续航,空间,品牌,舒适性",27,ET7,蔚来,纯电动,497000,轿车,675.0,360.0,4,7.43
1365,南京,30万以上,通勤,"续航,空间,品牌,舒适性",28,ES6,蔚来,纯电动,402000,SUV,625.0,400.0,5,7.04
1366,南京,30万以上,通勤,"续航,空间,品牌,舒适性",29,ES8,蔚来,纯电动,587000,SUV,580.0,400.0,6,6.48
1367,南京,30万以上,通勤,"续航,空间,品牌,舒适性",30,全新蔚来ES6,蔚来,纯电动,402000,SUV,625.0,400.0,7,5.92
1368,南京,30万以上,通勤,"续航,空间,品牌,舒适性",31,L7,理想,增程,349800,SUV,210.0,110.0,8,5.56
1369,南京,30万以上,家用,"价格,品牌,续航,智能化",10,极氪001,吉利,纯电动,319000,轿车,741.0,310.0,1,8.9
1370,南京,30万以上,家用,"价格,品牌,续航,智能化",19,坦克500,长城,油电混动,365000,SUV,0,180.0,2,8.41
1371,南京,30万以上,家用,"价格,品牌,续航,智能化",26,ET5,蔚来,纯电动,323300,轿车,550.0,300.0,3,8.01
1372,南京,30万以上,家用,"价格,品牌,续航,智能化",27,ET7,蔚来,纯电动,497000,轿车,675.0,360.0,4,7.32
1373,南京,30万以上,家用,"价格,品牌,续航,智能化",28,ES6,蔚来,纯电动,402000,SUV,625.0,400.0,5,7.18
1374,南京,30万以上,家用,"价格,品牌,续航,智能化",29,ES8,蔚来,纯电动,587000,SUV,580.0,400.0,6,6.48
1375,南京,30万以上,家用,"价格,品牌,续航,智能化",30,全新蔚来ES6,蔚来,纯电动,402000,SUV,625.0,400.0,7,5.96
1376,南京,30万以上,家用,"价格,品牌,续航,智能化",31,L7,理想,增程,349800,SUV,210.0,110.0,8,5.47
1377,南京,30万以上,商务,"续航,品牌,动力,智能化",10,极氪001,吉利,纯电动,319000,轿车,741.0,310.0,1,9.13
1378,南京,30万以上,商务,"续航,品牌,动力,智能化",26,ET5,蔚来,纯电动,323300,轿车,550.0,300.0,2,8.52
1379,南京,30万以上,商务,"续航,品牌,动力,智能化",27,ET7,蔚来,纯电动,497000,轿车,675.0,360.0,3,7.97
1380,南京,30万以上,商务,"续航,品牌,动力,智能化",34,MEGA,理想,纯电动,579800,MPV,700.0,230.0,4,7.5
1381,南京,30万以上,商务,"续航,品牌,动力,智能化",39,X9,小鹏,纯电动,389900,MPV,702.0,230.0,5,7.18
1382,南京,30万以上,商务,"续航,品牌,动力,智能化",44,M8,问界,增程,379800,MPV,200.0,140.0,6,6.62
1383,南京,30万以上,商务,"续航,品牌,动力,智能化",46,001,极氪,纯电动,319000,轿车,741.0,310.0,7,6.06
1384,南京,30万以上,商务,"续航,品牌,动力,智能化",50,001 FR,极氪,纯电动,789000,轿车,550.0,1247.0,8,5.42
1385,南京,30万以上,长途,"价格,空间,智能化,续航",70,YU7 Pro,小米,纯电动,364900,SUV,830.0,320.0,1,9.01
1386,南京,30万以上,长途,"价格,空间,智能化,续航",10,极氪001,吉利,纯电动,319000,轿车,741.0,310.0,2,8.52
1387,南京,30万以上,长途,"价格,空间,智能化,续航",46,001,极氪,纯电动,319000,轿车,741.0,310.0,3,8.11
1388,南京,30万以上,长途,"价格,空间,智能化,续航",128,Model S,特斯拉,纯电动,853900,轿车,715.0,371.0,4,7.64
1389,南京,30万以上,长途,"价格,空间,智能化,续航",37,G9,小鹏,纯电动,389900,SUV,702.0,316.0,5,7.17
1390,南京,30万以上,长途,"价格,空间,智能化,续航",39,X9,小鹏,纯电动,389900,MPV,702.0,230.0,6,6.46
1391,南京,30万以上,长途,"价格,空间,智能化,续航",34,MEGA,理想,纯电动,579800,MPV,700.0,230.0,7,6.09
1392,南京,30万以上,长途,"价格,空间,智能化,续航",67,SU7 Max,小米,纯电动,334900,轿车,700.0,425.0,8,5.37
1393,南京,30万以上,越野,"空间,价格,舒适性,性价比",19,坦克500,长城,油电混动,365000,SUV,0,180.0,1,8.83
1394,南京,30万以上,越野,"空间,价格,舒适性,性价比",28,ES6,蔚来,纯电动,402000,SUV,625.0,400.0,2,8.56
1395,南京,30万以上,越野,"空间,价格,舒适性,性价比",29,ES8,蔚来,纯电动,587000,SUV,580.0,400.0,3,8.18
1396,南京,30万以上,越野,"空间,价格,舒适性,性价比",30,全新蔚来ES6,蔚来,纯电动,402000,SUV,625.0,400.0,4,7.31
1397,南京,30万以上,越野,"空间,价格,舒适性,性价比",31,L7,理想,增程,349800,SUV,210.0,110.0,5,6.85
1398,南京,30万以上,越野,"空间,价格,舒适性,性价比",32,L8,理想,增程,369800,SUV,210.0,110.0,6,6.6
1399,南京,30万以上,越野,"空间,价格,舒适性,性价比",33,L9,理想,增程,444800,SUV,210.0,110.0,7,5.9
1400,南京,30万以上,越野,"空间,价格,舒适性,性价比",37,G9,小鹏,纯电动,389900,SUV,702.0,316.0,8,5.56
1401,天津,5-10万,通勤,"智能化,空间,续航,品牌",15,逸动PLUS,长安,燃油,92400,轿车,0,118.0,1,8.88
1402,天津,5-10万,通勤,"智能化,空间,续航,品牌",58,T03,零跑,纯电动,79800,轿车,403.0,95.0,2,8.37
1403,天津,5-10万,通勤,"智能化,空间,续航,品牌",61,S,哪吒,纯电动,79800,轿车,318.0,70.0,3,7.84
1404,天津,5-10万,通勤,"智能化,空间,续航,品牌",64,AYA,哪吒,纯电动,74800,轿车,318.0,70.0,4,7.67
1405,天津,5-10万,家用,"智能化,性价比,舒适性,品牌",15,逸动PLUS,长安,燃油,92400,轿车,0,118.0,1,9.06
1406,天津,5-10万,家用,"智能化,性价比,舒适性,品牌",58,T03,零跑,纯电动,79800,轿车,403.0,95.0,2,8.33
1407,天津,5-10万,家用,"智能化,性价比,舒适性,品牌",61,S,哪吒,纯电动,79800,轿车,318.0,70.0,3,7.86
1408,天津,5-10万,家用,"智能化,性价比,舒适性,品牌",64,AYA,哪吒,纯电动,74800,轿车,318.0,70.0,4,7.35
1409,天津,5-10万,商务,"价格,续航,性价比,动力",15,逸动PLUS,长安,燃油,92400,轿车,0,118.0,1,9.19
1410,天津,5-10万,商务,"价格,续航,性价比,动力",58,T03,零跑,纯电动,79800,轿车,403.0,95.0,2,8.35
1411,天津,5-10万,商务,"价格,续航,性价比,动力",61,S,哪吒,纯电动,79800,轿车,318.0,70.0,3,7.98
1412,天津,5-10万,商务,"价格,续航,性价比,动力",64,AYA,哪吒,纯电动,74800,轿车,318.0,70.0,4,7.35
1413,天津,5-10万,长途,"性价比,智能化,价格,空间",58,T03,零跑,纯电动,79800,轿车,403.0,95.0,1,9.07
1414,天津,5-10万,长途,"性价比,智能化,价格,空间",61,S,哪吒,纯电动,79800,轿车,318.0,70.0,2,8.41
1415,天津,5-10万,长途,"性价比,智能化,价格,空间",64,AYA,哪吒,纯电动,74800,轿车,318.0,70.0,3,7.83
1416,天津,5-10万,长途,"性价比,智能化,价格,空间",15,逸动PLUS,长安,燃油,92400,轿车,0,118.0,4,7.62
1417,天津,5-10万,越野,"舒适性,续航,空间,品牌",15,逸动PLUS,长安,燃油,92400,轿车,0,118.0,1,9.02
1418,天津,5-10万,越野,"舒适性,续航,空间,品牌",58,T03,零跑,纯电动,79800,轿车,403.0,95.0,2,8.4
1419,天津,5-10万,越野,"舒适性,续航,空间,品牌",61,S,哪吒,纯电动,79800,轿车,318.0,70.0,3,7.81
1420,天津,5-10万,越野,"舒适性,续航,空间,品牌",64,AYA,哪吒,纯电动,74800,轿车,318.0,70.0,4,7.67
1421,天津,10-20万,通勤,"续航,价格,性价比,舒适性",1,秦PLUS,比亚迪,插电混动,139800,轿车,120.0,132.0,1,8.94
1422,天津,10-20万,通勤,"续航,价格,性价比,舒适性",2,秦PLUS EV,比亚迪,纯电动,134800,轿车,510.0,135.0,2,8.51
1423,天津,10-20万,通勤,"续航,价格,性价比,舒适性",4,宋PLUS DM-i,比亚迪,插电混动,174800,SUV,110.0,145.0,3,8.08
1424,天津,10-20万,通勤,"续航,价格,性价比,舒适性",6,星瑞,吉利,燃油,131700,轿车,0,140.0,4,7.38
1425,天津,10-20万,通勤,"续航,价格,性价比,舒适性",7,博越L,吉利,燃油,148200,SUV,0,160.0,5,7.2
1426,天津,10-20万,通勤,"续航,价格,性价比,舒适性",8,帝豪L Hi·P,吉利,插电混动,160800,轿车,100.0,135.0,6,6.6
1427,天津,10-20万,通勤,"续航,价格,性价比,舒适性",9,银河L7,吉利,插电混动,162200,SUV,115.0,120.0,7,5.94
1428,天津,10-20万,通勤,"续航,价格,性价比,舒适性",11,UNI-V,长安,燃油,124400,轿车,0,138.0,8,5.44
1429,天津,10-20万,家用,"品牌,性价比,空间,价格",1,秦PLUS,比亚迪,插电混动,139800,轿车,120.0,132.0,1,9.12
1430,天津,10-20万,家用,"品牌,性价比,空间,价格",2,秦PLUS EV,比亚迪,纯电动,134800,轿车,510.0,135.0,2,8.61
1431,天津,10-20万,家用,"品牌,性价比,空间,价格",4,宋PLUS DM-i,比亚迪,插电混动,174800,SUV,110.0,145.0,3,7.96
1432,天津,10-20万,家用,"品牌,性价比,空间,价格",6,星瑞,吉利,燃油,131700,轿车,0,140.0,4,7.37
1433,天津,10-20万,家用,"品牌,性价比,空间,价格",7,博越L,吉利,燃油,148200,SUV,0,160.0,5,7.05
1434,天津,10-20万,家用,"品牌,性价比,空间,价格",8,帝豪L Hi·P,吉利,插电混动,160800,轿车,100.0,135.0,6,6.49
1435,天津,10-20万,家用,"品牌,性价比,空间,价格",9,银河L7,吉利,插电混动,162200,SUV,115.0,120.0,7,6.03
1436,天津,10-20万,家用,"品牌,性价比,空间,价格",11,UNI-V,长安,燃油,124400,轿车,0,138.0,8,5.58
1437,天津,10-20万,商务,"空间,品牌,舒适性,性价比",1,秦PLUS,比亚迪,插电混动,139800,轿车,120.0,132.0,1,9.02
1438,天津,10-20万,商务,"空间,品牌,舒适性,性价比",2,秦PLUS EV,比亚迪,纯电动,134800,轿车,510.0,135.0,2,8.48
1439,天津,10-20万,商务,"空间,品牌,舒适性,性价比",6,星瑞,吉利,燃油,131700,轿车,0,140.0,3,7.93
1440,天津,10-20万,商务,"空间,品牌,舒适性,性价比",8,帝豪L Hi·P,吉利,插电混动,160800,轿车,100.0,135.0,4,7.45
1441,天津,10-20万,商务,"空间,品牌,舒适性,性价比",11,UNI-V,长安,燃油,124400,轿车,0,138.0,5,7.16
1442,天津,10-20万,商务,"空间,品牌,舒适性,性价比",13,深蓝SL03,长安,纯电动,169400,轿车,570.0,190.0,6,6.31
1443,天津,10-20万,商务,"空间,品牌,舒适性,性价比",20,欧拉好猫,长城,纯电动,134800,轿车,401.0,105.0,7,5.88
1444,天津,10-20万,商务,"空间,品牌,舒适性,性价比",21,艾瑞泽8,奇瑞,燃油,122900,轿车,0,156.0,8,5.53
1445,天津,10-20万,长途,"价格,舒适性,动力,品牌",56,C01,零跑,纯电动,179800,轿车,717.0,200.0,1,8.97
1446,天津,10-20万,长途,"价格,舒适性,动力,品牌",57,C11,零跑,纯电动,189800,SUV,650.0,200.0,2,8.64
1447,天津,10-20万,长途,"价格,舒适性,动力,品牌",63,GT,哪吒,纯电动,179800,轿车,580.0,170.0,3,8.19
1448,天津,10-20万,长途,"价格,舒适性,动力,品牌",13,深蓝SL03,长安,纯电动,169400,轿车,570.0,190.0,4,7.64
1449,天津,10-20万,长途,"价格,舒适性,动力,品牌",60,C10,零跑,纯电动,148800,SUV,520.0,160.0,5,6.83
1450,天津,10-20万,长途,"价格,舒适性,动力,品牌",40,Mona M03,小鹏,纯电动,154800,轿车,515.0,170.0,6,6.64
1451,天津,10-20万,长途,"价格,舒适性,动力,品牌",2,秦PLUS EV,比亚迪,纯电动,134800,轿车,510.0,135.0,7,6.04
1452,天津,10-20万,长途,"价格,舒适性,动力,品牌",59,S01,零跑,纯电动,129800,跑车,510.0,170.0,8,5.52
1453,天津,10-20万,越野,"续航,智能化,性价比,空间",4,宋PLUS DM-i,比亚迪,插电混动,174800,SUV,110.0,145.0,1,9.0
1454,天津,10-20万,越野,"续航,智能化,性价比,空间",7,博越L,吉利,燃油,148200,SUV,0,160.0,2,8.7
1455,天津,10-20万,越野,"续航,智能化,性价比,空间",9,银河L7,吉利,插电混动,162200,SUV,115.0,120.0,3,8.09
1456,天津,10-20万,越野,"续航,智能化,性价比,空间",12,UNI-K,长安,燃油,167400,SUV,0,233.0,4,7.44
1457,天津,10-20万,越野,"续航,智能化,性价比,空间",14,深蓝S7,长安,增程,183900,SUV,200.0,160.0,5,7.05
1458,天津,10-20万,越野,"续航,智能化,性价比,空间",16,哈弗H6,长城,燃油,129350,SUV,0,135.0,6,6.31
1459,天津,10-20万,越野,"续航,智能化,性价比,空间",17,哈弗枭龙MAX,长城,插电混动,159800,SUV,81.0,150.0,7,6.13
1460,天津,10-20万,越野,"续航,智能化,性价比,空间",22,瑞虎8 PRO,奇瑞,燃油,156400,SUV,0,187.0,8,5.43
1461,天津,20-30万,通勤,"智能化,性价比,空间,动力",3,汉EV,比亚迪,纯电动,274800,轿车,605.0,180.0,1,8.82
1462,天津,20-30万,通勤,"智能化,性价比,空间,动力",5,海豹,比亚迪,纯电动,229800,轿车,550.0,230.0,2,8.34
1463,天津,20-30万,通勤,"智能化,性价比,空间,动力",18,坦克300,长城,燃油,254800,SUV,0,167.0,3,8.18
1464,天津,20-30万,通勤,"智能化,性价比,空间,动力",24,星途揽月,奇瑞,燃油,208900,SUV,0,192.0,4,7.57
1465,天津,20-30万,通勤,"智能化,性价比,空间,动力",35,L6,理想,增程,299800,SUV,130.0,85.0,5,7.2
1466,天津,20-30万,通勤,"智能化,性价比,空间,动力",36,G6,小鹏,纯电动,236900,SUV,580.0,218.0,6,6.58
1467,天津,20-30万,通勤,"智能化,性价比,空间,动力",38,P7i,小鹏,纯电动,256900,轿车,706.0,203.0,7,6.13
1468,天津,20-30万,通勤,"智能化,性价比,空间,动力",41,M5,问界,增程,294800,SUV,200.0,142.0,8,5.7
1469,天津,20-30万,家用,"智能化,动力,空间,价格",3,汉EV,比亚迪,纯电动,274800,轿车,605.0,180.0,1,9.19
1470,天津,20-30万,家用,"智能化,动力,空间,价格",5,海豹,比亚迪,纯电动,229800,轿车,550.0,230.0,2,8.45
1471,天津,20-30万,家用,"智能化,动力,空间,价格",18,坦克300,长城,燃油,254800,SUV,0,167.0,3,8.0
1472,天津,20-30万,家用,"智能化,动力,空间,价格",24,星途揽月,奇瑞,燃油,208900,SUV,0,192.0,4,7.6
1473,天津,20-30万,家用,"智能化,动力,空间,价格",35,L6,理想,增程,299800,SUV,130.0,85.0,5,6.96
1474,天津,20-30万,家用,"智能化,动力,空间,价格",36,G6,小鹏,纯电动,236900,SUV,580.0,218.0,6,6.31
1475,天津,20-30万,家用,"智能化,动力,空间,价格",38,P7i,小鹏,纯电动,256900,轿车,706.0,203.0,7,5.91
1476,天津,20-30万,家用,"智能化,动力,空间,价格",41,M5,问界,增程,294800,SUV,200.0,142.0,8,5.37
1477,天津,20-30万,商务,"续航,品牌,性价比,智能化",3,汉EV,比亚迪,纯电动,274800,轿车,605.0,180.0,1,9.04
1478,天津,20-30万,商务,"续航,品牌,性价比,智能化",5,海豹,比亚迪,纯电动,229800,轿车,550.0,230.0,2,8.64
1479,天津,20-30万,商务,"续航,品牌,性价比,智能化",38,P7i,小鹏,纯电动,256900,轿车,706.0,203.0,3,7.95
1480,天津,20-30万,商务,"续航,品牌,性价比,智能化",47,007,极氪,纯电动,264000,轿车,688.0,229.0,4,7.34
1481,天津,20-30万,商务,"续航,品牌,性价比,智能化",66,SU7,小米,纯电动,257900,轿车,700.0,220.0,5,6.91
1482,天津,20-30万,商务,"续航,品牌,性价比,智能化",76,凯美瑞,丰田,燃油,208300,轿车,0,152.0,6,6.43
1483,天津,20-30万,商务,"续航,品牌,性价比,智能化",80,亚洲龙,丰田,油电混动,239800,轿车,0,131.0,7,6.16
1484,天津,20-30万,商务,"续航,品牌,性价比,智能化",81,雅阁,本田,油电混动,209800,轿车,0,143.0,8,5.37
1485,天津,20-30万,长途,"空间,智能化,价格,续航",69,YU7,小米,纯电动,289900,SUV,830.0,320.0,1,8.82
1486,天津,20-30万,长途,"空间,智能化,价格,续航",38,P7i,小鹏,纯电动,256900,轿车,706.0,203.0,2,8.42
1487,天津,20-30万,长途,"空间,智能化,价格,续航",66,SU7,小米,纯电动,257900,轿车,700.0,220.0,3,8.1
1488,天津,20-30万,长途,"空间,智能化,价格,续航",47,007,极氪,纯电动,264000,轿车,688.0,229.0,4,7.6
1489,天津,20-30万,长途,"空间,智能化,价格,续航",48,X,极氪,纯电动,219000,SUV,670.0,200.0,5,7.17
1490,天津,20-30万,长途,"空间,智能化,价格,续航",49,X YOU,极氪,纯电动,264000,SUV,670.0,200.0,6,6.33
1491,天津,20-30万,长途,"空间,智能化,价格,续航",42,M5 EV,问界,纯电动,279800,SUV,620.0,165.0,7,6.09
1492,天津,20-30万,长途,"空间,智能化,价格,续航",3,汉EV,比亚迪,纯电动,274800,轿车,605.0,180.0,8,5.67
1493,天津,20-30万,越野,"智能化,性价比,舒适性,动力",18,坦克300,长城,燃油,254800,SUV,0,167.0,1,8.84
1494,天津,20-30万,越野,"智能化,性价比,舒适性,动力",24,星途揽月,奇瑞,燃油,208900,SUV,0,192.0,2,8.46
1495,天津,20-30万,越野,"智能化,性价比,舒适性,动力",35,L6,理想,增程,299800,SUV,130.0,85.0,3,8.17
1496,天津,20-30万,越野,"智能化,性价比,舒适性,动力",36,G6,小鹏,纯电动,236900,SUV,580.0,218.0,4,7.42
1497,天津,20-30万,越野,"智能化,性价比,舒适性,动力",41,M5,问界,增程,294800,SUV,200.0,142.0,5,7.15
1498,天津,20-30万,越野,"智能化,性价比,舒适性,动力",42,M5 EV,问界,纯电动,279800,SUV,620.0,165.0,6,6.34
1499,天津,20-30万,越野,"智能化,性价比,舒适性,动力",48,X,极氪,纯电动,219000,SUV,670.0,200.0,7,5.93
1500,天津,20-30万,越野,"智能化,性价比,舒适性,动力",49,X YOU,极氪,纯电动,264000,SUV,670.0,200.0,8,5.6
1501,天津,30万以上,通勤,"动力,价格,品牌,智能化",10,极氪001,吉利,纯电动,319000,轿车,741.0,310.0,1,8.8
1502,天津,30万以上,通勤,"动力,价格,品牌,智能化",19,坦克500,长城,油电混动,365000,SUV,0,180.0,2,8.66
1503,天津,30万以上,通勤,"动力,价格,品牌,智能化",26,ET5,蔚来,纯电动,323300,轿车,550.0,300.0,3,7.82
1504,天津,30万以上,通勤,"动力,价格,品牌,智能化",27,ET7,蔚来,纯电动,497000,轿车,675.0,360.0,4,7.62
1505,天津,30万以上,通勤,"动力,价格,品牌,智能化",28,ES6,蔚来,纯电动,402000,SUV,625.0,400.0,5,6.96
1506,天津,30万以上,通勤,"动力,价格,品牌,智能化",29,ES8,蔚来,纯电动,587000,SUV,580.0,400.0,6,6.34
1507,天津,30万以上,通勤,"动力,价格,品牌,智能化",30,全新蔚来ES6,蔚来,纯电动,402000,SUV,625.0,400.0,7,5.86
1508,天津,30万以上,通勤,"动力,价格,品牌,智能化",31,L7,理想,增程,349800,SUV,210.0,110.0,8,5.68
1509,天津,30万以上,家用,"空间,价格,动力,续航",10,极氪001,吉利,纯电动,319000,轿车,741.0,310.0,1,8.87
1510,天津,30万以上,家用,"空间,价格,动力,续航",19,坦克500,长城,油电混动,365000,SUV,0,180.0,2,8.67
1511,天津,30万以上,家用,"空间,价格,动力,续航",26,ET5,蔚来,纯电动,323300,轿车,550.0,300.0,3,8.08
1512,天津,30万以上,家用,"空间,价格,动力,续航",27,ET7,蔚来,纯电动,497000,轿车,675.0,360.0,4,7.34
1513,天津,30万以上,家用,"空间,价格,动力,续航",28,ES6,蔚来,纯电动,402000,SUV,625.0,400.0,5,7.12
1514,天津,30万以上,家用,"空间,价格,动力,续航",29,ES8,蔚来,纯电动,587000,SUV,580.0,400.0,6,6.49
1515,天津,30万以上,家用,"空间,价格,动力,续航",30,全新蔚来ES6,蔚来,纯电动,402000,SUV,625.0,400.0,7,6.09
1516,天津,30万以上,家用,"空间,价格,动力,续航",31,L7,理想,增程,349800,SUV,210.0,110.0,8,5.35
1517,天津,30万以上,商务,"空间,性价比,价格,智能化",10,极氪001,吉利,纯电动,319000,轿车,741.0,310.0,1,9.15
1518,天津,30万以上,商务,"空间,性价比,价格,智能化",26,ET5,蔚来,纯电动,323300,轿车,550.0,300.0,2,8.53
1519,天津,30万以上,商务,"空间,性价比,价格,智能化",27,ET7,蔚来,纯电动,497000,轿车,675.0,360.0,3,8.09
1520,天津,30万以上,商务,"空间,性价比,价格,智能化",34,MEGA,理想,纯电动,579800,MPV,700.0,230.0,4,7.64
1521,天津,30万以上,商务,"空间,性价比,价格,智能化",39,X9,小鹏,纯电动,389900,MPV,702.0,230.0,5,7.0
1522,天津,30万以上,商务,"空间,性价比,价格,智能化",44,M8,问界,增程,379800,MPV,200.0,140.0,6,6.4
1523,天津,30万以上,商务,"空间,性价比,价格,智能化",46,001,极氪,纯电动,319000,轿车,741.0,310.0,7,5.97
1524,天津,30万以上,商务,"空间,性价比,价格,智能化",50,001 FR,极氪,纯电动,789000,轿车,550.0,1247.0,8,5.55
1525,天津,30万以上,长途,"品牌,续航,智能化,动力",70,YU7 Pro,小米,纯电动,364900,SUV,830.0,320.0,1,8.94
1526,天津,30万以上,长途,"品牌,续航,智能化,动力",10,极氪001,吉利,纯电动,319000,轿车,741.0,310.0,2,8.46
1527,天津,30万以上,长途,"品牌,续航,智能化,动力",46,001,极氪,纯电动,319000,轿车,741.0,310.0,3,8.04
1528,天津,30万以上,长途,"品牌,续航,智能化,动力",128,Model S,特斯拉,纯电动,853900,轿车,715.0,371.0,4,7.66
1529,天津,30万以上,长途,"品牌,续航,智能化,动力",37,G9,小鹏,纯电动,389900,SUV,702.0,316.0,5,6.92
1530,天津,30万以上,长途,"品牌,续航,智能化,动力",39,X9,小鹏,纯电动,389900,MPV,702.0,230.0,6,6.4
1531,天津,30万以上,长途,"品牌,续航,智能化,动力",34,MEGA,理想,纯电动,579800,MPV,700.0,230.0,7,6.14
1532,天津,30万以上,长途,"品牌,续航,智能化,动力",67,SU7 Max,小米,纯电动,334900,轿车,700.0,425.0,8,5.35
1533,天津,30万以上,越野,"品牌,动力,舒适性,智能化",19,坦克500,长城,油电混动,365000,SUV,0,180.0,1,9.0
1534,天津,30万以上,越野,"品牌,动力,舒适性,智能化",28,ES6,蔚来,纯电动,402000,SUV,625.0,400.0,2,8.69
1535,天津,30万以上,越野,"品牌,动力,舒适性,智能化",29,ES8,蔚来,纯电动,587000,SUV,580.0,400.0,3,7.96
1536,天津,30万以上,越野,"品牌,动力,舒适性,智能化",30,全新蔚来ES6,蔚来,纯电动,402000,SUV,625.0,400.0,4,7.38
1537,天津,30万以上,越野,"品牌,动力,舒适性,智能化",31,L7,理想,增程,349800,SUV,210.0,110.0,5,6.9
1538,天津,30万以上,越野,"品牌,动力,舒适性,智能化",32,L8,理想,增程,369800,SUV,210.0,110.0,6,6.35
1539,天津,30万以上,越野,"品牌,动力,舒适性,智能化",33,L9,理想,增程,444800,SUV,210.0,110.0,7,5.87
1540,天津,30万以上,越野,"品牌,动力,舒适性,智能化",37,G9,小鹏,纯电动,389900,SUV,702.0,316.0,8,5.56
1541,苏州,5-10万,通勤,"续航,舒适性,性价比,品牌",15,逸动PLUS,长安,燃油,92400,轿车,0,118.0,1,9.08
1542,苏州,5-10万,通勤,"续航,舒适性,性价比,品牌",58,T03,零跑,纯电动,79800,轿车,403.0,95.0,2,8.39
1543,苏州,5-10万,通勤,"续航,舒适性,性价比,品牌",61,S,哪吒,纯电动,79800,轿车,318.0,70.0,3,7.9
1544,苏州,5-10万,通勤,"续航,舒适性,性价比,品牌",64,AYA,哪吒,纯电动,74800,轿车,318.0,70.0,4,7.32
1545,苏州,5-10万,家用,"续航,舒适性,空间,性价比",15,逸动PLUS,长安,燃油,92400,轿车,0,118.0,1,9.19
1546,苏州,5-10万,家用,"续航,舒适性,空间,性价比",58,T03,零跑,纯电动,79800,轿车,403.0,95.0,2,8.41
1547,苏州,5-10万,家用,"续航,舒适性,空间,性价比",61,S,哪吒,纯电动,79800,轿车,318.0,70.0,3,7.85
1548,苏州,5-10万,家用,"续航,舒适性,空间,性价比",64,AYA,哪吒,纯电动,74800,轿车,318.0,70.0,4,7.3
1549,苏州,5-10万,商务,"空间,舒适性,价格,品牌",15,逸动PLUS,长安,燃油,92400,轿车,0,118.0,1,8.97
1550,苏州,5-10万,商务,"空间,舒适性,价格,品牌",58,T03,零跑,纯电动,79800,轿车,403.0,95.0,2,8.44
1551,苏州,5-10万,商务,"空间,舒适性,价格,品牌",61,S,哪吒,纯电动,79800,轿车,318.0,70.0,3,7.98
1552,苏州,5-10万,商务,"空间,舒适性,价格,品牌",64,AYA,哪吒,纯电动,74800,轿车,318.0,70.0,4,7.36
1553,苏州,5-10万,长途,"续航,品牌,动力,舒适性",58,T03,零跑,纯电动,79800,轿车,403.0,95.0,1,9.19
1554,苏州,5-10万,长途,"续航,品牌,动力,舒适性",61,S,哪吒,纯电动,79800,轿车,318.0,70.0,2,8.45
1555,苏州,5-10万,长途,"续航,品牌,动力,舒适性",64,AYA,哪吒,纯电动,74800,轿车,318.0,70.0,3,8.01
1556,苏州,5-10万,长途,"续航,品牌,动力,舒适性",15,逸动PLUS,长安,燃油,92400,轿车,0,118.0,4,7.41
1557,苏州,5-10万,越野,"空间,品牌,舒适性,续航",15,逸动PLUS,长安,燃油,92400,轿车,0,118.0,1,8.88
1558,苏州,5-10万,越野,"空间,品牌,舒适性,续航",58,T03,零跑,纯电动,79800,轿车,403.0,95.0,2,8.44
1559,苏州,5-10万,越野,"空间,品牌,舒适性,续航",61,S,哪吒,纯电动,79800,轿车,318.0,70.0,3,8.15
1560,苏州,5-10万,越野,"空间,品牌,舒适性,续航",64,AYA,哪吒,纯电动,74800,轿车,318.0,70.0,4,7.64
1561,苏州,10-20万,通勤,"空间,性价比,品牌,动力",1,秦PLUS,比亚迪,插电混动,139800,轿车,120.0,132.0,1,8.97
1562,苏州,10-20万,通勤,"空间,性价比,品牌,动力",2,秦PLUS EV,比亚迪,纯电动,134800,轿车,510.0,135.0,2,8.4
1563,苏州,10-20万,通勤,"空间,性价比,品牌,动力",4,宋PLUS DM-i,比亚迪,插电混动,174800,SUV,110.0,145.0,3,7.97
1564,苏州,10-20万,通勤,"空间,性价比,品牌,动力",6,星瑞,吉利,燃油,131700,轿车,0,140.0,4,7.36
1565,苏州,10-20万,通勤,"空间,性价比,品牌,动力",7,博越L,吉利,燃油,148200,SUV,0,160.0,5,7.11
1566,苏州,10-20万,通勤,"空间,性价比,品牌,动力",8,帝豪L Hi·P,吉利,插电混动,160800,轿车,100.0,135.0,6,6.63
1567,苏州,10-20万,通勤,"空间,性价比,品牌,动力",9,银河L7,吉利,插电混动,162200,SUV,115.0,120.0,7,6.1
1568,苏州,10-20万,通勤,"空间,性价比,品牌,动力",11,UNI-V,长安,燃油,124400,轿车,0,138.0,8,5.51
1569,苏州,10-20万,家用,"空间,性价比,价格,动力",1,秦PLUS,比亚迪,插电混动,139800,轿车,120.0,132.0,1,8.86
1570,苏州,10-20万,家用,"空间,性价比,价格,动力",2,秦PLUS EV,比亚迪,纯电动,134800,轿车,510.0,135.0,2,8.41
1571,苏州,10-20万,家用,"空间,性价比,价格,动力",4,宋PLUS DM-i,比亚迪,插电混动,174800,SUV,110.0,145.0,3,7.97
1572,苏州,10-20万,家用,"空间,性价比,价格,动力",6,星瑞,吉利,燃油,131700,轿车,0,140.0,4,7.31
1573,苏州,10-20万,家用,"空间,性价比,价格,动力",7,博越L,吉利,燃油,148200,SUV,0,160.0,5,7.11
1574,苏州,10-20万,家用,"空间,性价比,价格,动力",8,帝豪L Hi·P,吉利,插电混动,160800,轿车,100.0,135.0,6,6.51
1575,苏州,10-20万,家用,"空间,性价比,价格,动力",9,银河L7,吉利,插电混动,162200,SUV,115.0,120.0,7,6.03
1576,苏州,10-20万,家用,"空间,性价比,价格,动力",11,UNI-V,长安,燃油,124400,轿车,0,138.0,8,5.44
1577,苏州,10-20万,商务,"空间,性价比,续航,动力",1,秦PLUS,比亚迪,插电混动,139800,轿车,120.0,132.0,1,9.14
1578,苏州,10-20万,商务,"空间,性价比,续航,动力",2,秦PLUS EV,比亚迪,纯电动,134800,轿车,510.0,135.0,2,8.69
1579,苏州,10-20万,商务,"空间,性价比,续航,动力",6,星瑞,吉利,燃油,131700,轿车,0,140.0,3,7.91
1580,苏州,10-20万,商务,"空间,性价比,续航,动力",8,帝豪L Hi·P,吉利,插电混动,160800,轿车,100.0,135.0,4,7.49
1581,苏州,10-20万,商务,"空间,性价比,续航,动力",11,UNI-V,长安,燃油,124400,轿车,0,138.0,5,6.98
1582,苏州,10-20万,商务,"空间,性价比,续航,动力",13,深蓝SL03,长安,纯电动,169400,轿车,570.0,190.0,6,6.35
1583,苏州,10-20万,商务,"空间,性价比,续航,动力",20,欧拉好猫,长城,纯电动,134800,轿车,401.0,105.0,7,6.11
1584,苏州,10-20万,商务,"空间,性价比,续航,动力",21,艾瑞泽8,奇瑞,燃油,122900,轿车,0,156.0,8,5.56
1585,苏州,10-20万,长途,"品牌,续航,智能化,舒适性",56,C01,零跑,纯电动,179800,轿车,717.0,200.0,1,9.06
1586,苏州,10-20万,长途,"品牌,续航,智能化,舒适性",57,C11,零跑,纯电动,189800,SUV,650.0,200.0,2,8.36
1587,苏州,10-20万,长途,"品牌,续航,智能化,舒适性",63,GT,哪吒,纯电动,179800,轿车,580.0,170.0,3,7.91
1588,苏州,10-20万,长途,"品牌,续航,智能化,舒适性",13,深蓝SL03,长安,纯电动,169400,轿车,570.0,190.0,4,7.45
1589,苏州,10-20万,长途,"品牌,续航,智能化,舒适性",60,C10,零跑,纯电动,148800,SUV,520.0,160.0,5,6.9
1590,苏州,10-20万,长途,"品牌,续航,智能化,舒适性",40,Mona M03,小鹏,纯电动,154800,轿车,515.0,170.0,6,6.34
1591,苏州,10-20万,长途,"品牌,续航,智能化,舒适性",2,秦PLUS EV,比亚迪,纯电动,134800,轿车,510.0,135.0,7,6.14
1592,苏州,10-20万,长途,"品牌,续航,智能化,舒适性",59,S01,零跑,纯电动,129800,跑车,510.0,170.0,8,5.51
1593,苏州,10-20万,越野,"智能化,舒适性,空间,价格",4,宋PLUS DM-i,比亚迪,插电混动,174800,SUV,110.0,145.0,1,8.83
1594,苏州,10-20万,越野,"智能化,舒适性,空间,价格",7,博越L,吉利,燃油,148200,SUV,0,160.0,2,8.68
1595,苏州,10-20万,越野,"智能化,舒适性,空间,价格",9,银河L7,吉利,插电混动,162200,SUV,115.0,120.0,3,7.84
1596,苏州,10-20万,越野,"智能化,舒适性,空间,价格",12,UNI-K,长安,燃油,167400,SUV,0,233.0,4,7.66
1597,苏州,10-20万,越野,"智能化,舒适性,空间,价格",14,深蓝S7,长安,增程,183900,SUV,200.0,160.0,5,6.9
1598,苏州,10-20万,越野,"智能化,舒适性,空间,价格",16,哈弗H6,长城,燃油,129350,SUV,0,135.0,6,6.4
1599,苏州,10-20万,越野,"智能化,舒适性,空间,价格",17,哈弗枭龙MAX,长城,插电混动,159800,SUV,81.0,150.0,7,6.18
1600,苏州,10-20万,越野,"智能化,舒适性,空间,价格",22,瑞虎8 PRO,奇瑞,燃油,156400,SUV,0,187.0,8,5.67
1601,苏州,20-30万,通勤,"动力,舒适性,空间,智能化",3,汉EV,比亚迪,纯电动,274800,轿车,605.0,180.0,1,8.8
1602,苏州,20-30万,通勤,"动力,舒适性,空间,智能化",5,海豹,比亚迪,纯电动,229800,轿车,550.0,230.0,2,8.68
1603,苏州,20-30万,通勤,"动力,舒适性,空间,智能化",18,坦克300,长城,燃油,254800,SUV,0,167.0,3,7.93
1604,苏州,20-30万,通勤,"动力,舒适性,空间,智能化",24,星途揽月,奇瑞,燃油,208900,SUV,0,192.0,4,7.58
1605,苏州,20-30万,通勤,"动力,舒适性,空间,智能化",35,L6,理想,增程,299800,SUV,130.0,85.0,5,7.02
1606,苏州,20-30万,通勤,"动力,舒适性,空间,智能化",36,G6,小鹏,纯电动,236900,SUV,580.0,218.0,6,6.53
1607,苏州,20-30万,通勤,"动力,舒适性,空间,智能化",38,P7i,小鹏,纯电动,256900,轿车,706.0,203.0,7,5.8
1608,苏州,20-30万,通勤,"动力,舒适性,空间,智能化",41,M5,问界,增程,294800,SUV,200.0,142.0,8,5.38
1609,苏州,20-30万,家用,"续航,舒适性,动力,空间",3,汉EV,比亚迪,纯电动,274800,轿车,605.0,180.0,1,8.9
1610,苏州,20-30万,家用,"续航,舒适性,动力,空间",5,海豹,比亚迪,纯电动,229800,轿车,550.0,230.0,2,8.62
1611,苏州,20-30万,家用,"续航,舒适性,动力,空间",18,坦克300,长城,燃油,254800,SUV,0,167.0,3,8.03
1612,苏州,20-30万,家用,"续航,舒适性,动力,空间",24,星途揽月,奇瑞,燃油,208900,SUV,0,192.0,4,7.55
1613,苏州,20-30万,家用,"续航,舒适性,动力,空间",35,L6,理想,增程,299800,SUV,130.0,85.0,5,7.07
1614,苏州,20-30万,家用,"续航,舒适性,动力,空间",36,G6,小鹏,纯电动,236900,SUV,580.0,218.0,6,6.68
1615,苏州,20-30万,家用,"续航,舒适性,动力,空间",38,P7i,小鹏,纯电动,256900,轿车,706.0,203.0,7,6.03
1616,苏州,20-30万,家用,"续航,舒适性,动力,空间",41,M5,问界,增程,294800,SUV,200.0,142.0,8,5.44
1617,苏州,20-30万,商务,"品牌,空间,智能化,续航",3,汉EV,比亚迪,纯电动,274800,轿车,605.0,180.0,1,9.16
1618,苏州,20-30万,商务,"品牌,空间,智能化,续航",5,海豹,比亚迪,纯电动,229800,轿车,550.0,230.0,2,8.43
1619,苏州,20-30万,商务,"品牌,空间,智能化,续航",38,P7i,小鹏,纯电动,256900,轿车,706.0,203.0,3,8.14
1620,苏州,20-30万,商务,"品牌,空间,智能化,续航",47,007,极氪,纯电动,264000,轿车,688.0,229.0,4,7.44
1621,苏州,20-30万,商务,"品牌,空间,智能化,续航",66,SU7,小米,纯电动,257900,轿车,700.0,220.0,5,7.1
1622,苏州,20-30万,商务,"品牌,空间,智能化,续航",76,凯美瑞,丰田,燃油,208300,轿车,0,152.0,6,6.51
1623,苏州,20-30万,商务,"品牌,空间,智能化,续航",80,亚洲龙,丰田,油电混动,239800,轿车,0,131.0,7,6.0
1624,苏州,20-30万,商务,"品牌,空间,智能化,续航",81,雅阁,本田,油电混动,209800,轿车,0,143.0,8,5.47
1625,苏州,20-30万,长途,"价格,舒适性,性价比,品牌",69,YU7,小米,纯电动,289900,SUV,830.0,320.0,1,9.03
1626,苏州,20-30万,长途,"价格,舒适性,性价比,品牌",38,P7i,小鹏,纯电动,256900,轿车,706.0,203.0,2,8.35
1627,苏州,20-30万,长途,"价格,舒适性,性价比,品牌",66,SU7,小米,纯电动,257900,轿车,700.0,220.0,3,7.96
1628,苏州,20-30万,长途,"价格,舒适性,性价比,品牌",47,007,极氪,纯电动,264000,轿车,688.0,229.0,4,7.32
1629,苏州,20-30万,长途,"价格,舒适性,性价比,品牌",48,X,极氪,纯电动,219000,SUV,670.0,200.0,5,6.99
1630,苏州,20-30万,长途,"价格,舒适性,性价比,品牌",49,X YOU,极氪,纯电动,264000,SUV,670.0,200.0,6,6.51
1631,苏州,20-30万,长途,"价格,舒适性,性价比,品牌",42,M5 EV,问界,纯电动,279800,SUV,620.0,165.0,7,6.1
1632,苏州,20-30万,长途,"价格,舒适性,性价比,品牌",3,汉EV,比亚迪,纯电动,274800,轿车,605.0,180.0,8,5.34
1633,苏州,20-30万,越野,"性价比,舒适性,续航,品牌",18,坦克300,长城,燃油,254800,SUV,0,167.0,1,9.1
1634,苏州,20-30万,越野,"性价比,舒适性,续航,品牌",24,星途揽月,奇瑞,燃油,208900,SUV,0,192.0,2,8.39
1635,苏州,20-30万,越野,"性价比,舒适性,续航,品牌",35,L6,理想,增程,299800,SUV,130.0,85.0,3,7.84
1636,苏州,20-30万,越野,"性价比,舒适性,续航,品牌",36,G6,小鹏,纯电动,236900,SUV,580.0,218.0,4,7.4
1637,苏州,20-30万,越野,"性价比,舒适性,续航,品牌",41,M5,问界,增程,294800,SUV,200.0,142.0,5,7.17
1638,苏州,20-30万,越野,"性价比,舒适性,续航,品牌",42,M5 EV,问界,纯电动,279800,SUV,620.0,165.0,6,6.46
1639,苏州,20-30万,越野,"性价比,舒适性,续航,品牌",48,X,极氪,纯电动,219000,SUV,670.0,200.0,7,6.2
1640,苏州,20-30万,越野,"性价比,舒适性,续航,品牌",49,X YOU,极氪,纯电动,264000,SUV,670.0,200.0,8,5.56
1641,苏州,30万以上,通勤,"性价比,续航,价格,动力",10,极氪001,吉利,纯电动,319000,轿车,741.0,310.0,1,9.17
1642,苏州,30万以上,通勤,"性价比,续航,价格,动力",19,坦克500,长城,油电混动,365000,SUV,0,180.0,2,8.54
1643,苏州,30万以上,通勤,"性价比,续航,价格,动力",26,ET5,蔚来,纯电动,323300,轿车,550.0,300.0,3,7.84
1644,苏州,30万以上,通勤,"性价比,续航,价格,动力",27,ET7,蔚来,纯电动,497000,轿车,675.0,360.0,4,7.4
1645,苏州,30万以上,通勤,"性价比,续航,价格,动力",28,ES6,蔚来,纯电动,402000,SUV,625.0,400.0,5,7.04
1646,苏州,30万以上,通勤,"性价比,续航,价格,动力",29,ES8,蔚来,纯电动,587000,SUV,580.0,400.0,6,6.6
1647,苏州,30万以上,通勤,"性价比,续航,价格,动力",30,全新蔚来ES6,蔚来,纯电动,402000,SUV,625.0,400.0,7,6.18
1648,苏州,30万以上,通勤,"性价比,续航,价格,动力",31,L7,理想,增程,349800,SUV,210.0,110.0,8,5.4
1649,苏州,30万以上,家用,"性价比,舒适性,动力,智能化",10,极氪001,吉利,纯电动,319000,轿车,741.0,310.0,1,8.87
1650,苏州,30万以上,家用,"性价比,舒适性,动力,智能化",19,坦克500,长城,油电混动,365000,SUV,0,180.0,2,8.6
1651,苏州,30万以上,家用,"性价比,舒适性,动力,智能化",26,ET5,蔚来,纯电动,323300,轿车,550.0,300.0,3,8.09
1652,苏州,30万以上,家用,"性价比,舒适性,动力,智能化",27,ET7,蔚来,纯电动,497000,轿车,675.0,360.0,4,7.67
1653,苏州,30万以上,家用,"性价比,舒适性,动力,智能化",28,ES6,蔚来,纯电动,402000,SUV,625.0,400.0,5,7.0
1654,苏州,30万以上,家用,"性价比,舒适性,动力,智能化",29,ES8,蔚来,纯电动,587000,SUV,580.0,400.0,6,6.7
1655,苏州,30万以上,家用,"性价比,舒适性,动力,智能化",30,全新蔚来ES6,蔚来,纯电动,402000,SUV,625.0,400.0,7,6.12
1656,苏州,30万以上,家用,"性价比,舒适性,动力,智能化",31,L7,理想,增程,349800,SUV,210.0,110.0,8,5.65
1657,苏州,30万以上,商务,"续航,价格,智能化,舒适性",10,极氪001,吉利,纯电动,319000,轿车,741.0,310.0,1,8.89
1658,苏州,30万以上,商务,"续航,价格,智能化,舒适性",26,ET5,蔚来,纯电动,323300,轿车,550.0,300.0,2,8.53
1659,苏州,30万以上,商务,"续航,价格,智能化,舒适性",27,ET7,蔚来,纯电动,497000,轿车,675.0,360.0,3,7.8
1660,苏州,30万以上,商务,"续航,价格,智能化,舒适性",34,MEGA,理想,纯电动,579800,MPV,700.0,230.0,4,7.58
1661,苏州,30万以上,商务,"续航,价格,智能化,舒适性",39,X9,小鹏,纯电动,389900,MPV,702.0,230.0,5,7.17
1662,苏州,30万以上,商务,"续航,价格,智能化,舒适性",44,M8,问界,增程,379800,MPV,200.0,140.0,6,6.6
1663,苏州,30万以上,商务,"续航,价格,智能化,舒适性",46,001,极氪,纯电动,319000,轿车,741.0,310.0,7,6.02
1664,苏州,30万以上,商务,"续航,价格,智能化,舒适性",50,001 FR,极氪,纯电动,789000,轿车,550.0,1247.0,8,5.37
1665,苏州,30万以上,长途,"续航,舒适性,智能化,价格",70,YU7 Pro,小米,纯电动,364900,SUV,830.0,320.0,1,9.07
1666,苏州,30万以上,长途,"续航,舒适性,智能化,价格",10,极氪001,吉利,纯电动,319000,轿车,741.0,310.0,2,8.38
1667,苏州,30万以上,长途,"续航,舒适性,智能化,价格",46,001,极氪,纯电动,319000,轿车,741.0,310.0,3,8.13
1668,苏州,30万以上,长途,"续航,舒适性,智能化,价格",128,Model S,特斯拉,纯电动,853900,轿车,715.0,371.0,4,7.39
1669,苏州,30万以上,长途,"续航,舒适性,智能化,价格",37,G9,小鹏,纯电动,389900,SUV,702.0,316.0,5,6.82
1670,苏州,30万以上,长途,"续航,舒适性,智能化,价格",39,X9,小鹏,纯电动,389900,MPV,702.0,230.0,6,6.37
1671,苏州,30万以上,长途,"续航,舒适性,智能化,价格",34,MEGA,理想,纯电动,579800,MPV,700.0,230.0,7,6.13
1672,苏州,30万以上,长途,"续航,舒适性,智能化,价格",67,SU7 Max,小米,纯电动,334900,轿车,700.0,425.0,8,5.38
1673,苏州,30万以上,越野,"智能化,空间,价格,品牌",19,坦克500,长城,油电混动,365000,SUV,0,180.0,1,8.89
1674,苏州,30万以上,越野,"智能化,空间,价格,品牌",28,ES6,蔚来,纯电动,402000,SUV,625.0,400.0,2,8.35
1675,苏州,30万以上,越野,"智能化,空间,价格,品牌",29,ES8,蔚来,纯电动,587000,SUV,580.0,400.0,3,7.85
1676,苏州,30万以上,越野,"智能化,空间,价格,品牌",30,全新蔚来ES6,蔚来,纯电动,402000,SUV,625.0,400.0,4,7.66
1677,苏州,30万以上,越野,"智能化,空间,价格,品牌",31,L7,理想,增程,349800,SUV,210.0,110.0,5,6.88
1678,苏州,30万以上,越野,"智能化,空间,价格,品牌",32,L8,理想,增程,369800,SUV,210.0,110.0,6,6.55
1679,苏州,30万以上,越野,"智能化,空间,价格,品牌",33,L9,理想,增程,444800,SUV,210.0,110.0,7,6.15
1680,苏州,30万以上,越野,"智能化,空间,价格,品牌",37,G9,小鹏,纯电动,389900,SUV,702.0,316.0,8,5.42
1681,郑州,5-10万,通勤,"品牌,续航,舒适性,价格",15,逸动PLUS,长安,燃油,92400,轿车,0,118.0,1,9.13
1682,郑州,5-10万,通勤,"品牌,续航,舒适性,价格",58,T03,零跑,纯电动,79800,轿车,403.0,95.0,2,8.36
1683,郑州,5-10万,通勤,"品牌,续航,舒适性,价格",61,S,哪吒,纯电动,79800,轿车,318.0,70.0,3,7.95
1684,郑州,5-10万,通勤,"品牌,续航,舒适性,价格",64,AYA,哪吒,纯电动,74800,轿车,318.0,70.0,4,7.37
1685,郑州,5-10万,家用,"价格,智能化,续航,空间",15,逸动PLUS,长安,燃油,92400,轿车,0,118.0,1,8.84
1686,郑州,5-10万,家用,"价格,智能化,续航,空间",58,T03,零跑,纯电动,79800,轿车,403.0,95.0,2,8.61
1687,郑州,5-10万,家用,"价格,智能化,续航,空间",61,S,哪吒,纯电动,79800,轿车,318.0,70.0,3,7.88
1688,郑州,5-10万,家用,"价格,智能化,续航,空间",64,AYA,哪吒,纯电动,74800,轿车,318.0,70.0,4,7.36
1689,郑州,5-10万,商务,"续航,空间,性价比,舒适性",15,逸动PLUS,长安,燃油,92400,轿车,0,118.0,1,8.91
1690,郑州,5-10万,商务,"续航,空间,性价比,舒适性",58,T03,零跑,纯电动,79800,轿车,403.0,95.0,2,8.51
1691,郑州,5-10万,商务,"续航,空间,性价比,舒适性",61,S,哪吒,纯电动,79800,轿车,318.0,70.0,3,8.02
1692,郑州,5-10万,商务,"续航,空间,性价比,舒适性",64,AYA,哪吒,纯电动,74800,轿车,318.0,70.0,4,7.57
1693,郑州,5-10万,长途,"舒适性,空间,续航,智能化",58,T03,零跑,纯电动,79800,轿车,403.0,95.0,1,9.01
1694,郑州,5-10万,长途,"舒适性,空间,续航,智能化",61,S,哪吒,纯电动,79800,轿车,318.0,70.0,2,8.53
1695,郑州,5-10万,长途,"舒适性,空间,续航,智能化",64,AYA,哪吒,纯电动,74800,轿车,318.0,70.0,3,8.18
1696,郑州,5-10万,长途,"舒适性,空间,续航,智能化",15,逸动PLUS,长安,燃油,92400,轿车,0,118.0,4,7.47
1697,郑州,5-10万,越野,"性价比,动力,品牌,舒适性",15,逸动PLUS,长安,燃油,92400,轿车,0,118.0,1,9.04
1698,郑州,5-10万,越野,"性价比,动力,品牌,舒适性",58,T03,零跑,纯电动,79800,轿车,403.0,95.0,2,8.67
1699,郑州,5-10万,越野,"性价比,动力,品牌,舒适性",61,S,哪吒,纯电动,79800,轿车,318.0,70.0,3,8.12
1700,郑州,5-10万,越野,"性价比,动力,品牌,舒适性",64,AYA,哪吒,纯电动,74800,轿车,318.0,70.0,4,7.63
1701,郑州,10-20万,通勤,"空间,性价比,动力,品牌",1,秦PLUS,比亚迪,插电混动,139800,轿车,120.0,132.0,1,9.11
1702,郑州,10-20万,通勤,"空间,性价比,动力,品牌",2,秦PLUS EV,比亚迪,纯电动,134800,轿车,510.0,135.0,2,8.49
1703,郑州,10-20万,通勤,"空间,性价比,动力,品牌",4,宋PLUS DM-i,比亚迪,插电混动,174800,SUV,110.0,145.0,3,7.84
1704,郑州,10-20万,通勤,"空间,性价比,动力,品牌",6,星瑞,吉利,燃油,131700,轿车,0,140.0,4,7.53
1705,郑州,10-20万,通勤,"空间,性价比,动力,品牌",7,博越L,吉利,燃油,148200,SUV,0,160.0,5,7.12
1706,郑州,10-20万,通勤,"空间,性价比,动力,品牌",8,帝豪L Hi·P,吉利,插电混动,160800,轿车,100.0,135.0,6,6.35
1707,郑州,10-20万,通勤,"空间,性价比,动力,品牌",9,银河L7,吉利,插电混动,162200,SUV,115.0,120.0,7,5.82
1708,郑州,10-20万,通勤,"空间,性价比,动力,品牌",11,UNI-V,长安,燃油,124400,轿车,0,138.0,8,5.59
1709,郑州,10-20万,家用,"续航,智能化,空间,舒适性",1,秦PLUS,比亚迪,插电混动,139800,轿车,120.0,132.0,1,9.16
1710,郑州,10-20万,家用,"续航,智能化,空间,舒适性",2,秦PLUS EV,比亚迪,纯电动,134800,轿车,510.0,135.0,2,8.53
1711,郑州,10-20万,家用,"续航,智能化,空间,舒适性",4,宋PLUS DM-i,比亚迪,插电混动,174800,SUV,110.0,145.0,3,8.1
1712,郑州,10-20万,家用,"续航,智能化,空间,舒适性",6,星瑞,吉利,燃油,131700,轿车,0,140.0,4,7.35
1713,郑州,10-20万,家用,"续航,智能化,空间,舒适性",7,博越L,吉利,燃油,148200,SUV,0,160.0,5,7.01
1714,郑州,10-20万,家用,"续航,智能化,空间,舒适性",8,帝豪L Hi·P,吉利,插电混动,160800,轿车,100.0,135.0,6,6.52
1715,郑州,10-20万,家用,"续航,智能化,空间,舒适性",9,银河L7,吉利,插电混动,162200,SUV,115.0,120.0,7,5.89
1716,郑州,10-20万,家用,"续航,智能化,空间,舒适性",11,UNI-V,长安,燃油,124400,轿车,0,138.0,8,5.35
1717,郑州,10-20万,商务,"价格,智能化,品牌,舒适性",1,秦PLUS,比亚迪,插电混动,139800,轿车,120.0,132.0,1,9.15
1718,郑州,10-20万,商务,"价格,智能化,品牌,舒适性",2,秦PLUS EV,比亚迪,纯电动,134800,轿车,510.0,135.0,2,8.4
1719,郑州,10-20万,商务,"价格,智能化,品牌,舒适性",6,星瑞,吉利,燃油,131700,轿车,0,140.0,3,8.02
1720,郑州,10-20万,商务,"价格,智能化,品牌,舒适性",8,帝豪L Hi·P,吉利,插电混动,160800,轿车,100.0,135.0,4,7.44
1721,郑州,10-20万,商务,"价格,智能化,品牌,舒适性",11,UNI-V,长安,燃油,124400,轿车,0,138.0,5,7.02
1722,郑州,10-20万,商务,"价格,智能化,品牌,舒适性",13,深蓝SL03,长安,纯电动,169400,轿车,570.0,190.0,6,6.4
1723,郑州,10-20万,商务,"价格,智能化,品牌,舒适性",20,欧拉好猫,长城,纯电动,134800,轿车,401.0,105.0,7,5.93
1724,郑州,10-20万,商务,"价格,智能化,品牌,舒适性",21,艾瑞泽8,奇瑞,燃油,122900,轿车,0,156.0,8,5.35
1725,郑州,10-20万,长途,"动力,价格,空间,舒适性",56,C01,零跑,纯电动,179800,轿车,717.0,200.0,1,9.14
1726,郑州,10-20万,长途,"动力,价格,空间,舒适性",57,C11,零跑,纯电动,189800,SUV,650.0,200.0,2,8.38
1727,郑州,10-20万,长途,"动力,价格,空间,舒适性",63,GT,哪吒,纯电动,179800,轿车,580.0,170.0,3,8.12
1728,郑州,10-20万,长途,"动力,价格,空间,舒适性",13,深蓝SL03,长安,纯电动,169400,轿车,570.0,190.0,4,7.39
1729,郑州,10-20万,长途,"动力,价格,空间,舒适性",60,C10,零跑,纯电动,148800,SUV,520.0,160.0,5,7.05
1730,郑州,10-20万,长途,"动力,价格,空间,舒适性",40,Mona M03,小鹏,纯电动,154800,轿车,515.0,170.0,6,6.51
1731,郑州,10-20万,长途,"动力,价格,空间,舒适性",2,秦PLUS EV,比亚迪,纯电动,134800,轿车,510.0,135.0,7,6.05
1732,郑州,10-20万,长途,"动力,价格,空间,舒适性",59,S01,零跑,纯电动,129800,跑车,510.0,170.0,8,5.33
1733,郑州,10-20万,越野,"续航,舒适性,动力,空间",4,宋PLUS DM-i,比亚迪,插电混动,174800,SUV,110.0,145.0,1,8.87
1734,郑州,10-20万,越野,"续航,舒适性,动力,空间",7,博越L,吉利,燃油,148200,SUV,0,160.0,2,8.41
1735,郑州,10-20万,越野,"续航,舒适性,动力,空间",9,银河L7,吉利,插电混动,162200,SUV,115.0,120.0,3,8.14
1736,郑州,10-20万,越野,"续航,舒适性,动力,空间",12,UNI-K,长安,燃油,167400,SUV,0,233.0,4,7.31
1737,郑州,10-20万,越野,"续航,舒适性,动力,空间",14,深蓝S7,长安,增程,183900,SUV,200.0,160.0,5,7.11
1738,郑州,10-20万,越野,"续航,舒适性,动力,空间",16,哈弗H6,长城,燃油,129350,SUV,0,135.0,6,6.61
1739,郑州,10-20万,越野,"续航,舒适性,动力,空间",17,哈弗枭龙MAX,长城,插电混动,159800,SUV,81.0,150.0,7,6.11
1740,郑州,10-20万,越野,"续航,舒适性,动力,空间",22,瑞虎8 PRO,奇瑞,燃油,156400,SUV,0,187.0,8,5.58
1741,郑州,20-30万,通勤,"价格,性价比,动力,续航",3,汉EV,比亚迪,纯电动,274800,轿车,605.0,180.0,1,9.1
1742,郑州,20-30万,通勤,"价格,性价比,动力,续航",5,海豹,比亚迪,纯电动,229800,轿车,550.0,230.0,2,8.62
1743,郑州,20-30万,通勤,"价格,性价比,动力,续航",18,坦克300,长城,燃油,254800,SUV,0,167.0,3,8.03
1744,郑州,20-30万,通勤,"价格,性价比,动力,续航",24,星途揽月,奇瑞,燃油,208900,SUV,0,192.0,4,7.33
1745,郑州,20-30万,通勤,"价格,性价比,动力,续航",35,L6,理想,增程,299800,SUV,130.0,85.0,5,6.88
1746,郑州,20-30万,通勤,"价格,性价比,动力,续航",36,G6,小鹏,纯电动,236900,SUV,580.0,218.0,6,6.68
1747,郑州,20-30万,通勤,"价格,性价比,动力,续航",38,P7i,小鹏,纯电动,256900,轿车,706.0,203.0,7,5.84
1748,郑州,20-30万,通勤,"价格,性价比,动力,续航",41,M5,问界,增程,294800,SUV,200.0,142.0,8,5.61
1749,郑州,20-30万,家用,"舒适性,价格,性价比,智能化",3,汉EV,比亚迪,纯电动,274800,轿车,605.0,180.0,1,8.81
1750,郑州,20-30万,家用,"舒适性,价格,性价比,智能化",5,海豹,比亚迪,纯电动,229800,轿车,550.0,230.0,2,8.36
1751,郑州,20-30万,家用,"舒适性,价格,性价比,智能化",18,坦克300,长城,燃油,254800,SUV,0,167.0,3,7.94
1752,郑州,20-30万,家用,"舒适性,价格,性价比,智能化",24,星途揽月,奇瑞,燃油,208900,SUV,0,192.0,4,7.45
1753,郑州,20-30万,家用,"舒适性,价格,性价比,智能化",35,L6,理想,增程,299800,SUV,130.0,85.0,5,6.85
1754,郑州,20-30万,家用,"舒适性,价格,性价比,智能化",36,G6,小鹏,纯电动,236900,SUV,580.0,218.0,6,6.67
1755,郑州,20-30万,家用,"舒适性,价格,性价比,智能化",38,P7i,小鹏,纯电动,256900,轿车,706.0,203.0,7,6.06
1756,郑州,20-30万,家用,"舒适性,价格,性价比,智能化",41,M5,问界,增程,294800,SUV,200.0,142.0,8,5.6
1757,郑州,20-30万,商务,"智能化,续航,价格,性价比",3,汉EV,比亚迪,纯电动,274800,轿车,605.0,180.0,1,9.13
1758,郑州,20-30万,商务,"智能化,续航,价格,性价比",5,海豹,比亚迪,纯电动,229800,轿车,550.0,230.0,2,8.54
1759,郑州,20-30万,商务,"智能化,续航,价格,性价比",38,P7i,小鹏,纯电动,256900,轿车,706.0,203.0,3,8.03
1760,郑州,20-30万,商务,"智能化,续航,价格,性价比",47,007,极氪,纯电动,264000,轿车,688.0,229.0,4,7.49
1761,郑州,20-30万,商务,"智能化,续航,价格,性价比",66,SU7,小米,纯电动,257900,轿车,700.0,220.0,5,7.0
1762,郑州,20-30万,商务,"智能化,续航,价格,性价比",76,凯美瑞,丰田,燃油,208300,轿车,0,152.0,6,6.66
1763,郑州,20-30万,商务,"智能化,续航,价格,性价比",80,亚洲龙,丰田,油电混动,239800,轿车,0,131.0,7,5.83
1764,郑州,20-30万,商务,"智能化,续航,价格,性价比",81,雅阁,本田,油电混动,209800,轿车,0,143.0,8,5.37
1765,郑州,20-30万,长途,"智能化,性价比,品牌,价格",69,YU7,小米,纯电动,289900,SUV,830.0,320.0,1,8.93
1766,郑州,20-30万,长途,"智能化,性价比,品牌,价格",38,P7i,小鹏,纯电动,256900,轿车,706.0,203.0,2,8.49
1767,郑州,20-30万,长途,"智能化,性价比,品牌,价格",66,SU7,小米,纯电动,257900,轿车,700.0,220.0,3,8.0
1768,郑州,20-30万,长途,"智能化,性价比,品牌,价格",47,007,极氪,纯电动,264000,轿车,688.0,229.0,4,7.49
1769,郑州,20-30万,长途,"智能化,性价比,品牌,价格",48,X,极氪,纯电动,219000,SUV,670.0,200.0,5,6.82
1770,郑州,20-30万,长途,"智能化,性价比,品牌,价格",49,X YOU,极氪,纯电动,264000,SUV,670.0,200.0,6,6.32
1771,郑州,20-30万,长途,"智能化,性价比,品牌,价格",42,M5 EV,问界,纯电动,279800,SUV,620.0,165.0,7,6.06
1772,郑州,20-30万,长途,"智能化,性价比,品牌,价格",3,汉EV,比亚迪,纯电动,274800,轿车,605.0,180.0,8,5.65
1773,郑州,20-30万,越野,"品牌,动力,舒适性,性价比",18,坦克300,长城,燃油,254800,SUV,0,167.0,1,8.84
1774,郑州,20-30万,越野,"品牌,动力,舒适性,性价比",24,星途揽月,奇瑞,燃油,208900,SUV,0,192.0,2,8.59
1775,郑州,20-30万,越野,"品牌,动力,舒适性,性价比",35,L6,理想,增程,299800,SUV,130.0,85.0,3,7.91
1776,郑州,20-30万,越野,"品牌,动力,舒适性,性价比",36,G6,小鹏,纯电动,236900,SUV,580.0,218.0,4,7.36
1777,郑州,20-30万,越野,"品牌,动力,舒适性,性价比",41,M5,问界,增程,294800,SUV,200.0,142.0,5,6.95
1778,郑州,20-30万,越野,"品牌,动力,舒适性,性价比",42,M5 EV,问界,纯电动,279800,SUV,620.0,165.0,6,6.35
1779,郑州,20-30万,越野,"品牌,动力,舒适性,性价比",48,X,极氪,纯电动,219000,SUV,670.0,200.0,7,5.97
1780,郑州,20-30万,越野,"品牌,动力,舒适性,性价比",49,X YOU,极氪,纯电动,264000,SUV,670.0,200.0,8,5.62
1781,郑州,30万以上,通勤,"空间,动力,品牌,价格",10,极氪001,吉利,纯电动,319000,轿车,741.0,310.0,1,8.95
1782,郑州,30万以上,通勤,"空间,动力,品牌,价格",19,坦克500,长城,油电混动,365000,SUV,0,180.0,2,8.63
1783,郑州,30万以上,通勤,"空间,动力,品牌,价格",26,ET5,蔚来,纯电动,323300,轿车,550.0,300.0,3,8.11
1784,郑州,30万以上,通勤,"空间,动力,品牌,价格",27,ET7,蔚来,纯电动,497000,轿车,675.0,360.0,4,7.45
1785,郑州,30万以上,通勤,"空间,动力,品牌,价格",28,ES6,蔚来,纯电动,402000,SUV,625.0,400.0,5,6.82
1786,郑州,30万以上,通勤,"空间,动力,品牌,价格",29,ES8,蔚来,纯电动,587000,SUV,580.0,400.0,6,6.59
1787,郑州,30万以上,通勤,"空间,动力,品牌,价格",30,全新蔚来ES6,蔚来,纯电动,402000,SUV,625.0,400.0,7,6.05
1788,郑州,30万以上,通勤,"空间,动力,品牌,价格",31,L7,理想,增程,349800,SUV,210.0,110.0,8,5.32
1789,郑州,30万以上,家用,"空间,续航,性价比,智能化",10,极氪001,吉利,纯电动,319000,轿车,741.0,310.0,1,9.14
1790,郑州,30万以上,家用,"空间,续航,性价比,智能化",19,坦克500,长城,油电混动,365000,SUV,0,180.0,2,8.52
1791,郑州,30万以上,家用,"空间,续航,性价比,智能化",26,ET5,蔚来,纯电动,323300,轿车,550.0,300.0,3,8.05
1792,郑州,30万以上,家用,"空间,续航,性价比,智能化",27,ET7,蔚来,纯电动,497000,轿车,675.0,360.0,4,7.61
1793,郑州,30万以上,家用,"空间,续航,性价比,智能化",28,ES6,蔚来,纯电动,402000,SUV,625.0,400.0,5,6.81
1794,郑州,30万以上,家用,"空间,续航,性价比,智能化",29,ES8,蔚来,纯电动,587000,SUV,580.0,400.0,6,6.55
1795,郑州,30万以上,家用,"空间,续航,性价比,智能化",30,全新蔚来ES6,蔚来,纯电动,402000,SUV,625.0,400.0,7,6.05
1796,郑州,30万以上,家用,"空间,续航,性价比,智能化",31,L7,理想,增程,349800,SUV,210.0,110.0,8,5.68
1797,郑州,30万以上,商务,"动力,续航,价格,舒适性",10,极氪001,吉利,纯电动,319000,轿车,741.0,310.0,1,8.91
1798,郑州,30万以上,商务,"动力,续航,价格,舒适性",26,ET5,蔚来,纯电动,323300,轿车,550.0,300.0,2,8.32
1799,郑州,30万以上,商务,"动力,续航,价格,舒适性",27,ET7,蔚来,纯电动,497000,轿车,675.0,360.0,3,7.85
1800,郑州,30万以上,商务,"动力,续航,价格,舒适性",34,MEGA,理想,纯电动,579800,MPV,700.0,230.0,4,7.46
1801,郑州,30万以上,商务,"动力,续航,价格,舒适性",39,X9,小鹏,纯电动,389900,MPV,702.0,230.0,5,7.13
1802,郑州,30万以上,商务,"动力,续航,价格,舒适性",44,M8,问界,增程,379800,MPV,200.0,140.0,6,6.35
1803,郑州,30万以上,商务,"动力,续航,价格,舒适性",46,001,极氪,纯电动,319000,轿车,741.0,310.0,7,6.02
1804,郑州,30万以上,商务,"动力,续航,价格,舒适性",50,001 FR,极氪,纯电动,789000,轿车,550.0,1247.0,8,5.51
1805,郑州,30万以上,长途,"价格,动力,舒适性,品牌",70,YU7 Pro,小米,纯电动,364900,SUV,830.0,320.0,1,9.18
1806,郑州,30万以上,长途,"价格,动力,舒适性,品牌",10,极氪001,吉利,纯电动,319000,轿车,741.0,310.0,2,8.56
1807,郑州,30万以上,长途,"价格,动力,舒适性,品牌",46,001,极氪,纯电动,319000,轿车,741.0,310.0,3,8.02
1808,郑州,30万以上,长途,"价格,动力,舒适性,品牌",128,Model S,特斯拉,纯电动,853900,轿车,715.0,371.0,4,7.49
1809,郑州,30万以上,长途,"价格,动力,舒适性,品牌",37,G9,小鹏,纯电动,389900,SUV,702.0,316.0,5,7.15
1810,郑州,30万以上,长途,"价格,动力,舒适性,品牌",39,X9,小鹏,纯电动,389900,MPV,702.0,230.0,6,6.4
1811,郑州,30万以上,长途,"价格,动力,舒适性,品牌",34,MEGA,理想,纯电动,579800,MPV,700.0,230.0,7,5.88
1812,郑州,30万以上,长途,"价格,动力,舒适性,品牌",67,SU7 Max,小米,纯电动,334900,轿车,700.0,425.0,8,5.59
1813,郑州,30万以上,越野,"空间,智能化,舒适性,价格",19,坦克500,长城,油电混动,365000,SUV,0,180.0,1,8.96
1814,郑州,30万以上,越野,"空间,智能化,舒适性,价格",28,ES6,蔚来,纯电动,402000,SUV,625.0,400.0,2,8.4
1815,郑州,30万以上,越野,"空间,智能化,舒适性,价格",29,ES8,蔚来,纯电动,587000,SUV,580.0,400.0,3,8.07
1816,郑州,30万以上,越野,"空间,智能化,舒适性,价格",30,全新蔚来ES6,蔚来,纯电动,402000,SUV,625.0,400.0,4,7.36
1817,郑州,30万以上,越野,"空间,智能化,舒适性,价格",31,L7,理想,增程,349800,SUV,210.0,110.0,5,6.96
1818,郑州,30万以上,越野,"空间,智能化,舒适性,价格",32,L8,理想,增程,369800,SUV,210.0,110.0,6,6.57
1819,郑州,30万以上,越野,"空间,智能化,舒适性,价格",33,L9,理想,增程,444800,SUV,210.0,110.0,7,6.09
1820,郑州,30万以上,越野,"空间,智能化,舒适性,价格",37,G9,小鹏,纯电动,389900,SUV,702.0,316.0,8,5.51
1821,长沙,5-10万,通勤,"智能化,空间,动力,续航",15,逸动PLUS,长安,燃油,92400,轿车,0,118.0,1,8.81
1822,长沙,5-10万,通勤,"智能化,空间,动力,续航",58,T03,零跑,纯电动,79800,轿车,403.0,95.0,2,8.65
1823,长沙,5-10万,通勤,"智能化,空间,动力,续航",61,S,哪吒,纯电动,79800,轿车,318.0,70.0,3,8.1
1824,长沙,5-10万,通勤,"智能化,空间,动力,续航",64,AYA,哪吒,纯电动,74800,轿车,318.0,70.0,4,7.35
1825,长沙,5-10万,家用,"品牌,续航,价格,动力",15,逸动PLUS,长安,燃油,92400,轿车,0,118.0,1,9.18
1826,长沙,5-10万,家用,"品牌,续航,价格,动力",58,T03,零跑,纯电动,79800,轿车,403.0,95.0,2,8.4
1827,长沙,5-10万,家用,"品牌,续航,价格,动力",61,S,哪吒,纯电动,79800,轿车,318.0,70.0,3,7.98
1828,长沙,5-10万,家用,"品牌,续航,价格,动力",64,AYA,哪吒,纯电动,74800,轿车,318.0,70.0,4,7.32
1829,长沙,5-10万,商务,"品牌,动力,舒适性,空间",15,逸动PLUS,长安,燃油,92400,轿车,0,118.0,1,8.86
1830,长沙,5-10万,商务,"品牌,动力,舒适性,空间",58,T03,零跑,纯电动,79800,轿车,403.0,95.0,2,8.68
1831,长沙,5-10万,商务,"品牌,动力,舒适性,空间",61,S,哪吒,纯电动,79800,轿车,318.0,70.0,3,7.95
1832,长沙,5-10万,商务,"品牌,动力,舒适性,空间",64,AYA,哪吒,纯电动,74800,轿车,318.0,70.0,4,7.42
1833,长沙,5-10万,长途,"价格,续航,空间,品牌",58,T03,零跑,纯电动,79800,轿车,403.0,95.0,1,9.09
1834,长沙,5-10万,长途,"价格,续航,空间,品牌",61,S,哪吒,纯电动,79800,轿车,318.0,70.0,2,8.45
1835,长沙,5-10万,长途,"价格,续航,空间,品牌",64,AYA,哪吒,纯电动,74800,轿车,318.0,70.0,3,8.02
1836,长沙,5-10万,长途,"价格,续航,空间,品牌",15,逸动PLUS,长安,燃油,92400,轿车,0,118.0,4,7.37
1837,长沙,5-10万,越野,"空间,品牌,舒适性,价格",15,逸动PLUS,长安,燃油,92400,轿车,0,118.0,1,9.07
1838,长沙,5-10万,越野,"空间,品牌,舒适性,价格",58,T03,零跑,纯电动,79800,轿车,403.0,95.0,2,8.49
1839,长沙,5-10万,越野,"空间,品牌,舒适性,价格",61,S,哪吒,纯电动,79800,轿车,318.0,70.0,3,7.92
1840,长沙,5-10万,越野,"空间,品牌,舒适性,价格",64,AYA,哪吒,纯电动,74800,轿车,318.0,70.0,4,7.62
1841,长沙,10-20万,通勤,"智能化,性价比,品牌,舒适性",1,秦PLUS,比亚迪,插电混动,139800,轿车,120.0,132.0,1,9.0
1842,长沙,10-20万,通勤,"智能化,性价比,品牌,舒适性",2,秦PLUS EV,比亚迪,纯电动,134800,轿车,510.0,135.0,2,8.67
1843,长沙,10-20万,通勤,"智能化,性价比,品牌,舒适性",4,宋PLUS DM-i,比亚迪,插电混动,174800,SUV,110.0,145.0,3,8.11
1844,长沙,10-20万,通勤,"智能化,性价比,品牌,舒适性",6,星瑞,吉利,燃油,131700,轿车,0,140.0,4,7.59
1845,长沙,10-20万,通勤,"智能化,性价比,品牌,舒适性",7,博越L,吉利,燃油,148200,SUV,0,160.0,5,6.95
1846,长沙,10-20万,通勤,"智能化,性价比,品牌,舒适性",8,帝豪L Hi·P,吉利,插电混动,160800,轿车,100.0,135.0,6,6.52
1847,长沙,10-20万,通勤,"智能化,性价比,品牌,舒适性",9,银河L7,吉利,插电混动,162200,SUV,115.0,120.0,7,6.0
1848,长沙,10-20万,通勤,"智能化,性价比,品牌,舒适性",11,UNI-V,长安,燃油,124400,轿车,0,138.0,8,5.37
1849,长沙,10-20万,家用,"智能化,动力,舒适性,续航",1,秦PLUS,比亚迪,插电混动,139800,轿车,120.0,132.0,1,8.99
1850,长沙,10-20万,家用,"智能化,动力,舒适性,续航",2,秦PLUS EV,比亚迪,纯电动,134800,轿车,510.0,135.0,2,8.63
1851,长沙,10-20万,家用,"智能化,动力,舒适性,续航",4,宋PLUS DM-i,比亚迪,插电混动,174800,SUV,110.0,145.0,3,7.82
1852,长沙,10-20万,家用,"智能化,动力,舒适性,续航",6,星瑞,吉利,燃油,131700,轿车,0,140.0,4,7.58
1853,长沙,10-20万,家用,"智能化,动力,舒适性,续航",7,博越L,吉利,燃油,148200,SUV,0,160.0,5,6.82
1854,长沙,10-20万,家用,"智能化,动力,舒适性,续航",8,帝豪L Hi·P,吉利,插电混动,160800,轿车,100.0,135.0,6,6.57
1855,长沙,10-20万,家用,"智能化,动力,舒适性,续航",9,银河L7,吉利,插电混动,162200,SUV,115.0,120.0,7,5.82
1856,长沙,10-20万,家用,"智能化,动力,舒适性,续航",11,UNI-V,长安,燃油,124400,轿车,0,138.0,8,5.64
1857,长沙,10-20万,商务,"空间,续航,品牌,舒适性",1,秦PLUS,比亚迪,插电混动,139800,轿车,120.0,132.0,1,9.19
1858,长沙,10-20万,商务,"空间,续航,品牌,舒适性",2,秦PLUS EV,比亚迪,纯电动,134800,轿车,510.0,135.0,2,8.63
1859,长沙,10-20万,商务,"空间,续航,品牌,舒适性",6,星瑞,吉利,燃油,131700,轿车,0,140.0,3,7.88
1860,长沙,10-20万,商务,"空间,续航,品牌,舒适性",8,帝豪L Hi·P,吉利,插电混动,160800,轿车,100.0,135.0,4,7.51
1861,长沙,10-20万,商务,"空间,续航,品牌,舒适性",11,UNI-V,长安,燃油,124400,轿车,0,138.0,5,7.03
1862,长沙,10-20万,商务,"空间,续航,品牌,舒适性",13,深蓝SL03,长安,纯电动,169400,轿车,570.0,190.0,6,6.65
1863,长沙,10-20万,商务,"空间,续航,品牌,舒适性",20,欧拉好猫,长城,纯电动,134800,轿车,401.0,105.0,7,5.85
1864,长沙,10-20万,商务,"空间,续航,品牌,舒适性",21,艾瑞泽8,奇瑞,燃油,122900,轿车,0,156.0,8,5.59
1865,长沙,10-20万,长途,"动力,品牌,价格,舒适性",56,C01,零跑,纯电动,179800,轿车,717.0,200.0,1,8.84
1866,长沙,10-20万,长途,"动力,品牌,价格,舒适性",57,C11,零跑,纯电动,189800,SUV,650.0,200.0,2,8.54
1867,长沙,10-20万,长途,"动力,品牌,价格,舒适性",63,GT,哪吒,纯电动,179800,轿车,580.0,170.0,3,8.01
1868,长沙,10-20万,长途,"动力,品牌,价格,舒适性",13,深蓝SL03,长安,纯电动,169400,轿车,570.0,190.0,4,7.59
1869,长沙,10-20万,长途,"动力,品牌,价格,舒适性",60,C10,零跑,纯电动,148800,SUV,520.0,160.0,5,7.11
1870,长沙,10-20万,长途,"动力,品牌,价格,舒适性",40,Mona M03,小鹏,纯电动,154800,轿车,515.0,170.0,6,6.52
1871,长沙,10-20万,长途,"动力,品牌,价格,舒适性",2,秦PLUS EV,比亚迪,纯电动,134800,轿车,510.0,135.0,7,6.04
1872,长沙,10-20万,长途,"动力,品牌,价格,舒适性",59,S01,零跑,纯电动,129800,跑车,510.0,170.0,8,5.38
1873,长沙,10-20万,越野,"续航,舒适性,品牌,性价比",4,宋PLUS DM-i,比亚迪,插电混动,174800,SUV,110.0,145.0,1,9.0
1874,长沙,10-20万,越野,"续航,舒适性,品牌,性价比",7,博越L,吉利,燃油,148200,SUV,0,160.0,2,8.35
1875,长沙,10-20万,越野,"续航,舒适性,品牌,性价比",9,银河L7,吉利,插电混动,162200,SUV,115.0,120.0,3,8.06
1876,长沙,10-20万,越野,"续航,舒适性,品牌,性价比",12,UNI-K,长安,燃油,167400,SUV,0,233.0,4,7.7
1877,长沙,10-20万,越野,"续航,舒适性,品牌,性价比",14,深蓝S7,长安,增程,183900,SUV,200.0,160.0,5,6.82
1878,长沙,10-20万,越野,"续航,舒适性,品牌,性价比",16,哈弗H6,长城,燃油,129350,SUV,0,135.0,6,6.46
1879,长沙,10-20万,越野,"续航,舒适性,品牌,性价比",17,哈弗枭龙MAX,长城,插电混动,159800,SUV,81.0,150.0,7,5.81
1880,长沙,10-20万,越野,"续航,舒适性,品牌,性价比",22,瑞虎8 PRO,奇瑞,燃油,156400,SUV,0,187.0,8,5.33
1881,长沙,20-30万,通勤,"续航,品牌,智能化,舒适性",3,汉EV,比亚迪,纯电动,274800,轿车,605.0,180.0,1,9.0
1882,长沙,20-30万,通勤,"续航,品牌,智能化,舒适性",5,海豹,比亚迪,纯电动,229800,轿车,550.0,230.0,2,8.68
1883,长沙,20-30万,通勤,"续航,品牌,智能化,舒适性",18,坦克300,长城,燃油,254800,SUV,0,167.0,3,8.2
1884,长沙,20-30万,通勤,"续航,品牌,智能化,舒适性",24,星途揽月,奇瑞,燃油,208900,SUV,0,192.0,4,7.34
1885,长沙,20-30万,通勤,"续航,品牌,智能化,舒适性",35,L6,理想,增程,299800,SUV,130.0,85.0,5,7.18
1886,长沙,20-30万,通勤,"续航,品牌,智能化,舒适性",36,G6,小鹏,纯电动,236900,SUV,580.0,218.0,6,6.64
1887,长沙,20-30万,通勤,"续航,品牌,智能化,舒适性",38,P7i,小鹏,纯电动,256900,轿车,706.0,203.0,7,6.11
1888,长沙,20-30万,通勤,"续航,品牌,智能化,舒适性",41,M5,问界,增程,294800,SUV,200.0,142.0,8,5.59
1889,长沙,20-30万,家用,"价格,性价比,续航,舒适性",3,汉EV,比亚迪,纯电动,274800,轿车,605.0,180.0,1,9.13
1890,长沙,20-30万,家用,"价格,性价比,续航,舒适性",5,海豹,比亚迪,纯电动,229800,轿车,550.0,230.0,2,8.7
1891,长沙,20-30万,家用,"价格,性价比,续航,舒适性",18,坦克300,长城,燃油,254800,SUV,0,167.0,3,7.81
1892,长沙,20-30万,家用,"价格,性价比,续航,舒适性",24,星途揽月,奇瑞,燃油,208900,SUV,0,192.0,4,7.34
1893,长沙,20-30万,家用,"价格,性价比,续航,舒适性",35,L6,理想,增程,299800,SUV,130.0,85.0,5,7.11
1894,长沙,20-30万,家用,"价格,性价比,续航,舒适性",36,G6,小鹏,纯电动,236900,SUV,580.0,218.0,6,6.34
1895,长沙,20-30万,家用,"价格,性价比,续航,舒适性",38,P7i,小鹏,纯电动,256900,轿车,706.0,203.0,7,5.85
1896,长沙,20-30万,家用,"价格,性价比,续航,舒适性",41,M5,问界,增程,294800,SUV,200.0,142.0,8,5.54
1897,长沙,20-30万,商务,"价格,续航,舒适性,空间",3,汉EV,比亚迪,纯电动,274800,轿车,605.0,180.0,1,8.93
1898,长沙,20-30万,商务,"价格,续航,舒适性,空间",5,海豹,比亚迪,纯电动,229800,轿车,550.0,230.0,2,8.55
1899,长沙,20-30万,商务,"价格,续航,舒适性,空间",38,P7i,小鹏,纯电动,256900,轿车,706.0,203.0,3,8.0
1900,长沙,20-30万,商务,"价格,续航,舒适性,空间",47,007,极氪,纯电动,264000,轿车,688.0,229.0,4,7.59
1901,长沙,20-30万,商务,"价格,续航,舒适性,空间",66,SU7,小米,纯电动,257900,轿车,700.0,220.0,5,7.13
1902,长沙,20-30万,商务,"价格,续航,舒适性,空间",76,凯美瑞,丰田,燃油,208300,轿车,0,152.0,6,6.54
1903,长沙,20-30万,商务,"价格,续航,舒适性,空间",80,亚洲龙,丰田,油电混动,239800,轿车,0,131.0,7,6.18
1904,长沙,20-30万,商务,"价格,续航,舒适性,空间",81,雅阁,本田,油电混动,209800,轿车,0,143.0,8,5.66
1905,长沙,20-30万,长途,"价格,智能化,舒适性,续航",69,YU7,小米,纯电动,289900,SUV,830.0,320.0,1,8.96
1906,长沙,20-30万,长途,"价格,智能化,舒适性,续航",38,P7i,小鹏,纯电动,256900,轿车,706.0,203.0,2,8.54
1907,长沙,20-30万,长途,"价格,智能化,舒适性,续航",66,SU7,小米,纯电动,257900,轿车,700.0,220.0,3,7.94
1908,长沙,20-30万,长途,"价格,智能化,舒适性,续航",47,007,极氪,纯电动,264000,轿车,688.0,229.0,4,7.65
1909,长沙,20-30万,长途,"价格,智能化,舒适性,续航",48,X,极氪,纯电动,219000,SUV,670.0,200.0,5,6.83
1910,长沙,20-30万,长途,"价格,智能化,舒适性,续航",49,X YOU,极氪,纯电动,264000,SUV,670.0,200.0,6,6.54
1911,长沙,20-30万,长途,"价格,智能化,舒适性,续航",42,M5 EV,问界,纯电动,279800,SUV,620.0,165.0,7,6.12
1912,长沙,20-30万,长途,"价格,智能化,舒适性,续航",3,汉EV,比亚迪,纯电动,274800,轿车,605.0,180.0,8,5.65
1913,长沙,20-30万,越野,"智能化,价格,性价比,动力",18,坦克300,长城,燃油,254800,SUV,0,167.0,1,8.89
1914,长沙,20-30万,越野,"智能化,价格,性价比,动力",24,星途揽月,奇瑞,燃油,208900,SUV,0,192.0,2,8.46
1915,长沙,20-30万,越野,"智能化,价格,性价比,动力",35,L6,理想,增程,299800,SUV,130.0,85.0,3,7.99
1916,长沙,20-30万,越野,"智能化,价格,性价比,动力",36,G6,小鹏,纯电动,236900,SUV,580.0,218.0,4,7.64
1917,长沙,20-30万,越野,"智能化,价格,性价比,动力",41,M5,问界,增程,294800,SUV,200.0,142.0,5,7.03
1918,长沙,20-30万,越野,"智能化,价格,性价比,动力",42,M5 EV,问界,纯电动,279800,SUV,620.0,165.0,6,6.6
1919,长沙,20-30万,越野,"智能化,价格,性价比,动力",48,X,极氪,纯电动,219000,SUV,670.0,200.0,7,5.96
1920,长沙,20-30万,越野,"智能化,价格,性价比,动力",49,X YOU,极氪,纯电动,264000,SUV,670.0,200.0,8,5.37
1921,长沙,30万以上,通勤,"动力,续航,智能化,舒适性",10,极氪001,吉利,纯电动,319000,轿车,741.0,310.0,1,9.0
1922,长沙,30万以上,通勤,"动力,续航,智能化,舒适性",19,坦克500,长城,油电混动,365000,SUV,0,180.0,2,8.33
1923,长沙,30万以上,通勤,"动力,续航,智能化,舒适性",26,ET5,蔚来,纯电动,323300,轿车,550.0,300.0,3,7.98
1924,长沙,30万以上,通勤,"动力,续航,智能化,舒适性",27,ET7,蔚来,纯电动,497000,轿车,675.0,360.0,4,7.43
1925,长沙,30万以上,通勤,"动力,续航,智能化,舒适性",28,ES6,蔚来,纯电动,402000,SUV,625.0,400.0,5,6.97
1926,长沙,30万以上,通勤,"动力,续航,智能化,舒适性",29,ES8,蔚来,纯电动,587000,SUV,580.0,400.0,6,6.34
1927,长沙,30万以上,通勤,"动力,续航,智能化,舒适性",30,全新蔚来ES6,蔚来,纯电动,402000,SUV,625.0,400.0,7,6.17
1928,长沙,30万以上,通勤,"动力,续航,智能化,舒适性",31,L7,理想,增程,349800,SUV,210.0,110.0,8,5.58
1929,长沙,30万以上,家用,"智能化,续航,性价比,舒适性",10,极氪001,吉利,纯电动,319000,轿车,741.0,310.0,1,8.96
1930,长沙,30万以上,家用,"智能化,续航,性价比,舒适性",19,坦克500,长城,油电混动,365000,SUV,0,180.0,2,8.6
1931,长沙,30万以上,家用,"智能化,续航,性价比,舒适性",26,ET5,蔚来,纯电动,323300,轿车,550.0,300.0,3,8.13
1932,长沙,30万以上,家用,"智能化,续航,性价比,舒适性",27,ET7,蔚来,纯电动,497000,轿车,675.0,360.0,4,7.55
1933,长沙,30万以上,家用,"智能化,续航,性价比,舒适性",28,ES6,蔚来,纯电动,402000,SUV,625.0,400.0,5,7.11
1934,长沙,30万以上,家用,"智能化,续航,性价比,舒适性",29,ES8,蔚来,纯电动,587000,SUV,580.0,400.0,6,6.43
1935,长沙,30万以上,家用,"智能化,续航,性价比,舒适性",30,全新蔚来ES6,蔚来,纯电动,402000,SUV,625.0,400.0,7,6.0
1936,长沙,30万以上,家用,"智能化,续航,性价比,舒适性",31,L7,理想,增程,349800,SUV,210.0,110.0,8,5.46
1937,长沙,30万以上,商务,"品牌,性价比,舒适性,价格",10,极氪001,吉利,纯电动,319000,轿车,741.0,310.0,1,9.01
1938,长沙,30万以上,商务,"品牌,性价比,舒适性,价格",26,ET5,蔚来,纯电动,323300,轿车,550.0,300.0,2,8.34
1939,长沙,30万以上,商务,"品牌,性价比,舒适性,价格",27,ET7,蔚来,纯电动,497000,轿车,675.0,360.0,3,8.1
1940,长沙,30万以上,商务,"品牌,性价比,舒适性,价格",34,MEGA,理想,纯电动,579800,MPV,700.0,230.0,4,7.47
1941,长沙,30万以上,商务,"品牌,性价比,舒适性,价格",39,X9,小鹏,纯电动,389900,MPV,702.0,230.0,5,7.14
1942,长沙,30万以上,商务,"品牌,性价比,舒适性,价格",44,M8,问界,增程,379800,MPV,200.0,140.0,6,6.68
1943,长沙,30万以上,商务,"品牌,性价比,舒适性,价格",46,001,极氪,纯电动,319000,轿车,741.0,310.0,7,6.18
1944,长沙,30万以上,商务,"品牌,性价比,舒适性,价格",50,001 FR,极氪,纯电动,789000,轿车,550.0,1247.0,8,5.65
1945,长沙,30万以上,长途,"价格,智能化,续航,动力",70,YU7 Pro,小米,纯电动,364900,SUV,830.0,320.0,1,8.96
1946,长沙,30万以上,长途,"价格,智能化,续航,动力",10,极氪001,吉利,纯电动,319000,轿车,741.0,310.0,2,8.65
1947,长沙,30万以上,长途,"价格,智能化,续航,动力",46,001,极氪,纯电动,319000,轿车,741.0,310.0,3,7.84
1948,长沙,30万以上,长途,"价格,智能化,续航,动力",128,Model S,特斯拉,纯电动,853900,轿车,715.0,371.0,4,7.65
1949,长沙,30万以上,长途,"价格,智能化,续航,动力",37,G9,小鹏,纯电动,389900,SUV,702.0,316.0,5,6.81
1950,长沙,30万以上,长途,"价格,智能化,续航,动力",39,X9,小鹏,纯电动,389900,MPV,702.0,230.0,6,6.36
1951,长沙,30万以上,长途,"价格,智能化,续航,动力",34,MEGA,理想,纯电动,579800,MPV,700.0,230.0,7,5.98
1952,长沙,30万以上,长途,"价格,智能化,续航,动力",67,SU7 Max,小米,纯电动,334900,轿车,700.0,425.0,8,5.43
1953,长沙,30万以上,越野,"空间,价格,续航,舒适性",19,坦克500,长城,油电混动,365000,SUV,0,180.0,1,8.9
1954,长沙,30万以上,越野,"空间,价格,续航,舒适性",28,ES6,蔚来,纯电动,402000,SUV,625.0,400.0,2,8.44
1955,长沙,30万以上,越野,"空间,价格,续航,舒适性",29,ES8,蔚来,纯电动,587000,SUV,580.0,400.0,3,7.82
1956,长沙,30万以上,越野,"空间,价格,续航,舒适性",30,全新蔚来ES6,蔚来,纯电动,402000,SUV,625.0,400.0,4,7.47
1957,长沙,30万以上,越野,"空间,价格,续航,舒适性",31,L7,理想,增程,349800,SUV,210.0,110.0,5,7.02
1958,长沙,30万以上,越野,"空间,价格,续航,舒适性",32,L8,理想,增程,369800,SUV,210.0,110.0,6,6.47
1959,长沙,30万以上,越野,"空间,价格,续航,舒适性",33,L9,理想,增程,444800,SUV,210.0,110.0,7,5.84
1960,长沙,30万以上,越野,"空间,价格,续航,舒适性",37,G9,小鹏,纯电动,389900,SUV,702.0,316.0,8,5.55
1961,沈阳,5-10万,通勤,"性价比,空间,智能化,续航",15,逸动PLUS,长安,燃油,92400,轿车,0,118.0,1,9.05
1962,沈阳,5-10万,通勤,"性价比,空间,智能化,续航",58,T03,零跑,纯电动,79800,轿车,403.0,95.0,2,8.69
1963,沈阳,5-10万,通勤,"性价比,空间,智能化,续航",61,S,哪吒,纯电动,79800,轿车,318.0,70.0,3,8.13
1964,沈阳,5-10万,通勤,"性价比,空间,智能化,续航",64,AYA,哪吒,纯电动,74800,轿车,318.0,70.0,4,7.42
1965,沈阳,5-10万,家用,"价格,性价比,续航,动力",15,逸动PLUS,长安,燃油,92400,轿车,0,118.0,1,9.16
1966,沈阳,5-10万,家用,"价格,性价比,续航,动力",58,T03,零跑,纯电动,79800,轿车,403.0,95.0,2,8.3
1967,沈阳,5-10万,家用,"价格,性价比,续航,动力",61,S,哪吒,纯电动,79800,轿车,318.0,70.0,3,8.01
1968,沈阳,5-10万,家用,"价格,性价比,续航,动力",64,AYA,哪吒,纯电动,74800,轿车,318.0,70.0,4,7.48
1969,沈阳,5-10万,商务,"空间,动力,品牌,续航",15,逸动PLUS,长安,燃油,92400,轿车,0,118.0,1,8.99
1970,沈阳,5-10万,商务,"空间,动力,品牌,续航",58,T03,零跑,纯电动,79800,轿车,403.0,95.0,2,8.57
1971,沈阳,5-10万,商务,"空间,动力,品牌,续航",61,S,哪吒,纯电动,79800,轿车,318.0,70.0,3,8.02
1972,沈阳,5-10万,商务,"空间,动力,品牌,续航",64,AYA,哪吒,纯电动,74800,轿车,318.0,70.0,4,7.66
1973,沈阳,5-10万,长途,"动力,空间,价格,续航",58,T03,零跑,纯电动,79800,轿车,403.0,95.0,1,8.89
1974,沈阳,5-10万,长途,"动力,空间,价格,续航",61,S,哪吒,纯电动,79800,轿车,318.0,70.0,2,8.45
1975,沈阳,5-10万,长途,"动力,空间,价格,续航",64,AYA,哪吒,纯电动,74800,轿车,318.0,70.0,3,8.09
1976,沈阳,5-10万,长途,"动力,空间,价格,续航",15,逸动PLUS,长安,燃油,92400,轿车,0,118.0,4,7.32
1977,沈阳,5-10万,越野,"舒适性,空间,性价比,价格",15,逸动PLUS,长安,燃油,92400,轿车,0,118.0,1,9.04
1978,沈阳,5-10万,越野,"舒适性,空间,性价比,价格",58,T03,零跑,纯电动,79800,轿车,403.0,95.0,2,8.32
1979,沈阳,5-10万,越野,"舒适性,空间,性价比,价格",61,S,哪吒,纯电动,79800,轿车,318.0,70.0,3,7.95
1980,沈阳,5-10万,越野,"舒适性,空间,性价比,价格",64,AYA,哪吒,纯电动,74800,轿车,318.0,70.0,4,7.53
1981,沈阳,10-20万,通勤,"续航,品牌,动力,舒适性",1,秦PLUS,比亚迪,插电混动,139800,轿车,120.0,132.0,1,9.03
1982,沈阳,10-20万,通勤,"续航,品牌,动力,舒适性",2,秦PLUS EV,比亚迪,纯电动,134800,轿车,510.0,135.0,2,8.67
1983,沈阳,10-20万,通勤,"续航,品牌,动力,舒适性",4,宋PLUS DM-i,比亚迪,插电混动,174800,SUV,110.0,145.0,3,8.09
1984,沈阳,10-20万,通勤,"续航,品牌,动力,舒适性",6,星瑞,吉利,燃油,131700,轿车,0,140.0,4,7.48
1985,沈阳,10-20万,通勤,"续航,品牌,动力,舒适性",7,博越L,吉利,燃油,148200,SUV,0,160.0,5,6.9
1986,沈阳,10-20万,通勤,"续航,品牌,动力,舒适性",8,帝豪L Hi·P,吉利,插电混动,160800,轿车,100.0,135.0,6,6.62
1987,沈阳,10-20万,通勤,"续航,品牌,动力,舒适性",9,银河L7,吉利,插电混动,162200,SUV,115.0,120.0,7,5.96
1988,沈阳,10-20万,通勤,"续航,品牌,动力,舒适性",11,UNI-V,长安,燃油,124400,轿车,0,138.0,8,5.54
1989,沈阳,10-20万,家用,"品牌,性价比,智能化,舒适性",1,秦PLUS,比亚迪,插电混动,139800,轿车,120.0,132.0,1,9.12
1990,沈阳,10-20万,家用,"品牌,性价比,智能化,舒适性",2,秦PLUS EV,比亚迪,纯电动,134800,轿车,510.0,135.0,2,8.65
1991,沈阳,10-20万,家用,"品牌,性价比,智能化,舒适性",4,宋PLUS DM-i,比亚迪,插电混动,174800,SUV,110.0,145.0,3,8.06
1992,沈阳,10-20万,家用,"品牌,性价比,智能化,舒适性",6,星瑞,吉利,燃油,131700,轿车,0,140.0,4,7.63
1993,沈阳,10-20万,家用,"品牌,性价比,智能化,舒适性",7,博越L,吉利,燃油,148200,SUV,0,160.0,5,7.06
1994,沈阳,10-20万,家用,"品牌,性价比,智能化,舒适性",8,帝豪L Hi·P,吉利,插电混动,160800,轿车,100.0,135.0,6,6.6
1995,沈阳,10-20万,家用,"品牌,性价比,智能化,舒适性",9,银河L7,吉利,插电混动,162200,SUV,115.0,120.0,7,6.1
1996,沈阳,10-20万,家用,"品牌,性价比,智能化,舒适性",11,UNI-V,长安,燃油,124400,轿车,0,138.0,8,5.57
1997,沈阳,10-20万,商务,"性价比,价格,智能化,动力",1,秦PLUS,比亚迪,插电混动,139800,轿车,120.0,132.0,1,8.86
1998,沈阳,10-20万,商务,"性价比,价格,智能化,动力",2,秦PLUS EV,比亚迪,纯电动,134800,轿车,510.0,135.0,2,8.61
1999,沈阳,10-20万,商务,"性价比,价格,智能化,动力",6,星瑞,吉利,燃油,131700,轿车,0,140.0,3,8.03
2000,沈阳,10-20万,商务,"性价比,价格,智能化,动力",8,帝豪L Hi·P,吉利,插电混动,160800,轿车,100.0,135.0,4,7.55
2001,沈阳,10-20万,商务,"性价比,价格,智能化,动力",11,UNI-V,长安,燃油,124400,轿车,0,138.0,5,7.03
2002,沈阳,10-20万,商务,"性价比,价格,智能化,动力",13,深蓝SL03,长安,纯电动,169400,轿车,570.0,190.0,6,6.36
2003,沈阳,10-20万,商务,"性价比,价格,智能化,动力",20,欧拉好猫,长城,纯电动,134800,轿车,401.0,105.0,7,6.03
2004,沈阳,10-20万,商务,"性价比,价格,智能化,动力",21,艾瑞泽8,奇瑞,燃油,122900,轿车,0,156.0,8,5.42
2005,沈阳,10-20万,长途,"智能化,性价比,品牌,续航",56,C01,零跑,纯电动,179800,轿车,717.0,200.0,1,9.18
2006,沈阳,10-20万,长途,"智能化,性价比,品牌,续航",57,C11,零跑,纯电动,189800,SUV,650.0,200.0,2,8.66
2007,沈阳,10-20万,长途,"智能化,性价比,品牌,续航",63,GT,哪吒,纯电动,179800,轿车,580.0,170.0,3,7.84
2008,沈阳,10-20万,长途,"智能化,性价比,品牌,续航",13,深蓝SL03,长安,纯电动,169400,轿车,570.0,190.0,4,7.64
2009,沈阳,10-20万,长途,"智能化,性价比,品牌,续航",60,C10,零跑,纯电动,148800,SUV,520.0,160.0,5,7.12
2010,沈阳,10-20万,长途,"智能化,性价比,品牌,续航",40,Mona M03,小鹏,纯电动,154800,轿车,515.0,170.0,6,6.39
2011,沈阳,10-20万,长途,"智能化,性价比,品牌,续航",2,秦PLUS EV,比亚迪,纯电动,134800,轿车,510.0,135.0,7,6.11
2012,沈阳,10-20万,长途,"智能化,性价比,品牌,续航",59,S01,零跑,纯电动,129800,跑车,510.0,170.0,8,5.61
2013,沈阳,10-20万,越野,"品牌,空间,智能化,舒适性",4,宋PLUS DM-i,比亚迪,插电混动,174800,SUV,110.0,145.0,1,9.18
2014,沈阳,10-20万,越野,"品牌,空间,智能化,舒适性",7,博越L,吉利,燃油,148200,SUV,0,160.0,2,8.32
2015,沈阳,10-20万,越野,"品牌,空间,智能化,舒适性",9,银河L7,吉利,插电混动,162200,SUV,115.0,120.0,3,8.05
2016,沈阳,10-20万,越野,"品牌,空间,智能化,舒适性",12,UNI-K,长安,燃油,167400,SUV,0,233.0,4,7.31
2017,沈阳,10-20万,越野,"品牌,空间,智能化,舒适性",14,深蓝S7,长安,增程,183900,SUV,200.0,160.0,5,7.02
2018,沈阳,10-20万,越野,"品牌,空间,智能化,舒适性",16,哈弗H6,长城,燃油,129350,SUV,0,135.0,6,6.36
2019,沈阳,10-20万,越野,"品牌,空间,智能化,舒适性",17,哈弗枭龙MAX,长城,插电混动,159800,SUV,81.0,150.0,7,6.06
2020,沈阳,10-20万,越野,"品牌,空间,智能化,舒适性",22,瑞虎8 PRO,奇瑞,燃油,156400,SUV,0,187.0,8,5.48
2021,沈阳,20-30万,通勤,"品牌,价格,舒适性,空间",3,汉EV,比亚迪,纯电动,274800,轿车,605.0,180.0,1,8.87
2022,沈阳,20-30万,通勤,"品牌,价格,舒适性,空间",5,海豹,比亚迪,纯电动,229800,轿车,550.0,230.0,2,8.39
2023,沈阳,20-30万,通勤,"品牌,价格,舒适性,空间",18,坦克300,长城,燃油,254800,SUV,0,167.0,3,8.02
2024,沈阳,20-30万,通勤,"品牌,价格,舒适性,空间",24,星途揽月,奇瑞,燃油,208900,SUV,0,192.0,4,7.7
2025,沈阳,20-30万,通勤,"品牌,价格,舒适性,空间",35,L6,理想,增程,299800,SUV,130.0,85.0,5,6.89
2026,沈阳,20-30万,通勤,"品牌,价格,舒适性,空间",36,G6,小鹏,纯电动,236900,SUV,580.0,218.0,6,6.54
2027,沈阳,20-30万,通勤,"品牌,价格,舒适性,空间",38,P7i,小鹏,纯电动,256900,轿车,706.0,203.0,7,5.93
2028,沈阳,20-30万,通勤,"品牌,价格,舒适性,空间",41,M5,问界,增程,294800,SUV,200.0,142.0,8,5.57
2029,沈阳,20-30万,家用,"舒适性,性价比,续航,智能化",3,汉EV,比亚迪,纯电动,274800,轿车,605.0,180.0,1,8.86
2030,沈阳,20-30万,家用,"舒适性,性价比,续航,智能化",5,海豹,比亚迪,纯电动,229800,轿车,550.0,230.0,2,8.66
2031,沈阳,20-30万,家用,"舒适性,性价比,续航,智能化",18,坦克300,长城,燃油,254800,SUV,0,167.0,3,8.1
2032,沈阳,20-30万,家用,"舒适性,性价比,续航,智能化",24,星途揽月,奇瑞,燃油,208900,SUV,0,192.0,4,7.63
2033,沈阳,20-30万,家用,"舒适性,性价比,续航,智能化",35,L6,理想,增程,299800,SUV,130.0,85.0,5,7.19
2034,沈阳,20-30万,家用,"舒适性,性价比,续航,智能化",36,G6,小鹏,纯电动,236900,SUV,580.0,218.0,6,6.63
2035,沈阳,20-30万,家用,"舒适性,性价比,续航,智能化",38,P7i,小鹏,纯电动,256900,轿车,706.0,203.0,7,6.16
2036,沈阳,20-30万,家用,"舒适性,性价比,续航,智能化",41,M5,问界,增程,294800,SUV,200.0,142.0,8,5.68
2037,沈阳,20-30万,商务,"续航,性价比,舒适性,智能化",3,汉EV,比亚迪,纯电动,274800,轿车,605.0,180.0,1,9.04
2038,沈阳,20-30万,商务,"续航,性价比,舒适性,智能化",5,海豹,比亚迪,纯电动,229800,轿车,550.0,230.0,2,8.44
2039,沈阳,20-30万,商务,"续航,性价比,舒适性,智能化",38,P7i,小鹏,纯电动,256900,轿车,706.0,203.0,3,8.02
2040,沈阳,20-30万,商务,"续航,性价比,舒适性,智能化",47,007,极氪,纯电动,264000,轿车,688.0,229.0,4,7.64
2041,沈阳,20-30万,商务,"续航,性价比,舒适性,智能化",66,SU7,小米,纯电动,257900,轿车,700.0,220.0,5,6.86
2042,沈阳,20-30万,商务,"续航,性价比,舒适性,智能化",76,凯美瑞,丰田,燃油,208300,轿车,0,152.0,6,6.54
2043,沈阳,20-30万,商务,"续航,性价比,舒适性,智能化",80,亚洲龙,丰田,油电混动,239800,轿车,0,131.0,7,5.94
2044,沈阳,20-30万,商务,"续航,性价比,舒适性,智能化",81,雅阁,本田,油电混动,209800,轿车,0,143.0,8,5.57
2045,沈阳,20-30万,长途,"品牌,舒适性,动力,价格",69,YU7,小米,纯电动,289900,SUV,830.0,320.0,1,9.11
2046,沈阳,20-30万,长途,"品牌,舒适性,动力,价格",38,P7i,小鹏,纯电动,256900,轿车,706.0,203.0,2,8.45
2047,沈阳,20-30万,长途,"品牌,舒适性,动力,价格",66,SU7,小米,纯电动,257900,轿车,700.0,220.0,3,7.95
2048,沈阳,20-30万,长途,"品牌,舒适性,动力,价格",47,007,极氪,纯电动,264000,轿车,688.0,229.0,4,7.46
2049,沈阳,20-30万,长途,"品牌,舒适性,动力,价格",48,X,极氪,纯电动,219000,SUV,670.0,200.0,5,6.83
2050,沈阳,20-30万,长途,"品牌,舒适性,动力,价格",49,X YOU,极氪,纯电动,264000,SUV,670.0,200.0,6,6.63
2051,沈阳,20-30万,长途,"品牌,舒适性,动力,价格",42,M5 EV,问界,纯电动,279800,SUV,620.0,165.0,7,5.81
2052,沈阳,20-30万,长途,"品牌,舒适性,动力,价格",3,汉EV,比亚迪,纯电动,274800,轿车,605.0,180.0,8,5.49
2053,沈阳,20-30万,越野,"品牌,价格,舒适性,续航",18,坦克300,长城,燃油,254800,SUV,0,167.0,1,9.11
2054,沈阳,20-30万,越野,"品牌,价格,舒适性,续航",24,星途揽月,奇瑞,燃油,208900,SUV,0,192.0,2,8.62
2055,沈阳,20-30万,越野,"品牌,价格,舒适性,续航",35,L6,理想,增程,299800,SUV,130.0,85.0,3,7.93
2056,沈阳,20-30万,越野,"品牌,价格,舒适性,续航",36,G6,小鹏,纯电动,236900,SUV,580.0,218.0,4,7.43
2057,沈阳,20-30万,越野,"品牌,价格,舒适性,续航",41,M5,问界,增程,294800,SUV,200.0,142.0,5,7.17
2058,沈阳,20-30万,越野,"品牌,价格,舒适性,续航",42,M5 EV,问界,纯电动,279800,SUV,620.0,165.0,6,6.35
2059,沈阳,20-30万,越野,"品牌,价格,舒适性,续航",48,X,极氪,纯电动,219000,SUV,670.0,200.0,7,6.14
2060,沈阳,20-30万,越野,"品牌,价格,舒适性,续航",49,X YOU,极氪,纯电动,264000,SUV,670.0,200.0,8,5.61
2061,沈阳,30万以上,通勤,"品牌,智能化,续航,舒适性",10,极氪001,吉利,纯电动,319000,轿车,741.0,310.0,1,9.04
2062,沈阳,30万以上,通勤,"品牌,智能化,续航,舒适性",19,坦克500,长城,油电混动,365000,SUV,0,180.0,2,8.61
2063,沈阳,30万以上,通勤,"品牌,智能化,续航,舒适性",26,ET5,蔚来,纯电动,323300,轿车,550.0,300.0,3,8.14
2064,沈阳,30万以上,通勤,"品牌,智能化,续航,舒适性",27,ET7,蔚来,纯电动,497000,轿车,675.0,360.0,4,7.41
2065,沈阳,30万以上,通勤,"品牌,智能化,续航,舒适性",28,ES6,蔚来,纯电动,402000,SUV,625.0,400.0,5,7.16
2066,沈阳,30万以上,通勤,"品牌,智能化,续航,舒适性",29,ES8,蔚来,纯电动,587000,SUV,580.0,400.0,6,6.64
2067,沈阳,30万以上,通勤,"品牌,智能化,续航,舒适性",30,全新蔚来ES6,蔚来,纯电动,402000,SUV,625.0,400.0,7,6.13
2068,沈阳,30万以上,通勤,"品牌,智能化,续航,舒适性",31,L7,理想,增程,349800,SUV,210.0,110.0,8,5.37
2069,沈阳,30万以上,家用,"空间,价格,品牌,智能化",10,极氪001,吉利,纯电动,319000,轿车,741.0,310.0,1,8.97
2070,沈阳,30万以上,家用,"空间,价格,品牌,智能化",19,坦克500,长城,油电混动,365000,SUV,0,180.0,2,8.46
2071,沈阳,30万以上,家用,"空间,价格,品牌,智能化",26,ET5,蔚来,纯电动,323300,轿车,550.0,300.0,3,8.15
2072,沈阳,30万以上,家用,"空间,价格,品牌,智能化",27,ET7,蔚来,纯电动,497000,轿车,675.0,360.0,4,7.33
2073,沈阳,30万以上,家用,"空间,价格,品牌,智能化",28,ES6,蔚来,纯电动,402000,SUV,625.0,400.0,5,6.82
2074,沈阳,30万以上,家用,"空间,价格,品牌,智能化",29,ES8,蔚来,纯电动,587000,SUV,580.0,400.0,6,6.63
2075,沈阳,30万以上,家用,"空间,价格,品牌,智能化",30,全新蔚来ES6,蔚来,纯电动,402000,SUV,625.0,400.0,7,6.11
2076,沈阳,30万以上,家用,"空间,价格,品牌,智能化",31,L7,理想,增程,349800,SUV,210.0,110.0,8,5.5
2077,沈阳,30万以上,商务,"续航,价格,舒适性,性价比",10,极氪001,吉利,纯电动,319000,轿车,741.0,310.0,1,9.13
2078,沈阳,30万以上,商务,"续航,价格,舒适性,性价比",26,ET5,蔚来,纯电动,323300,轿车,550.0,300.0,2,8.43
2079,沈阳,30万以上,商务,"续航,价格,舒适性,性价比",27,ET7,蔚来,纯电动,497000,轿车,675.0,360.0,3,8.19
2080,沈阳,30万以上,商务,"续航,价格,舒适性,性价比",34,MEGA,理想,纯电动,579800,MPV,700.0,230.0,4,7.64
2081,沈阳,30万以上,商务,"续航,价格,舒适性,性价比",39,X9,小鹏,纯电动,389900,MPV,702.0,230.0,5,6.82
2082,沈阳,30万以上,商务,"续航,价格,舒适性,性价比",44,M8,问界,增程,379800,MPV,200.0,140.0,6,6.33
2083,沈阳,30万以上,商务,"续航,价格,舒适性,性价比",46,001,极氪,纯电动,319000,轿车,741.0,310.0,7,6.01
2084,沈阳,30万以上,商务,"续航,价格,舒适性,性价比",50,001 FR,极氪,纯电动,789000,轿车,550.0,1247.0,8,5.54
2085,沈阳,30万以上,长途,"智能化,价格,动力,性价比",70,YU7 Pro,小米,纯电动,364900,SUV,830.0,320.0,1,8.83
2086,沈阳,30万以上,长途,"智能化,价格,动力,性价比",10,极氪001,吉利,纯电动,319000,轿车,741.0,310.0,2,8.6
2087,沈阳,30万以上,长途,"智能化,价格,动力,性价比",46,001,极氪,纯电动,319000,轿车,741.0,310.0,3,7.82
2088,沈阳,30万以上,长途,"智能化,价格,动力,性价比",128,Model S,特斯拉,纯电动,853900,轿车,715.0,371.0,4,7.46
2089,沈阳,30万以上,长途,"智能化,价格,动力,性价比",37,G9,小鹏,纯电动,389900,SUV,702.0,316.0,5,6.87
2090,沈阳,30万以上,长途,"智能化,价格,动力,性价比",39,X9,小鹏,纯电动,389900,MPV,702.0,230.0,6,6.55
2091,沈阳,30万以上,长途,"智能化,价格,动力,性价比",34,MEGA,理想,纯电动,579800,MPV,700.0,230.0,7,5.88
2092,沈阳,30万以上,长途,"智能化,价格,动力,性价比",67,SU7 Max,小米,纯电动,334900,轿车,700.0,425.0,8,5.53
2093,沈阳,30万以上,越野,"性价比,舒适性,空间,续航",19,坦克500,长城,油电混动,365000,SUV,0,180.0,1,8.82
2094,沈阳,30万以上,越野,"性价比,舒适性,空间,续航",28,ES6,蔚来,纯电动,402000,SUV,625.0,400.0,2,8.45
2095,沈阳,30万以上,越野,"性价比,舒适性,空间,续航",29,ES8,蔚来,纯电动,587000,SUV,580.0,400.0,3,8.06
2096,沈阳,30万以上,越野,"性价比,舒适性,空间,续航",30,全新蔚来ES6,蔚来,纯电动,402000,SUV,625.0,400.0,4,7.41
2097,沈阳,30万以上,越野,"性价比,舒适性,空间,续航",31,L7,理想,增程,349800,SUV,210.0,110.0,5,7.16
2098,沈阳,30万以上,越野,"性价比,舒适性,空间,续航",32,L8,理想,增程,369800,SUV,210.0,110.0,6,6.48
2099,沈阳,30万以上,越野,"性价比,舒适性,空间,续航",33,L9,理想,增程,444800,SUV,210.0,110.0,7,6.04
2100,沈阳,30万以上,越野,"性价比,舒适性,空间,续航",37,G9,小鹏,纯电动,389900,SUV,702.0,316.0,8,5.46
2101,青岛,5-10万,通勤,"价格,舒适性,空间,续航",15,逸动PLUS,长安,燃油,92400,轿车,0,118.0,1,9.09
2102,青岛,5-10万,通勤,"价格,舒适性,空间,续航",58,T03,零跑,纯电动,79800,轿车,403.0,95.0,2,8.61
2103,青岛,5-10万,通勤,"价格,舒适性,空间,续航",61,S,哪吒,纯电动,79800,轿车,318.0,70.0,3,7.96
2104,青岛,5-10万,通勤,"价格,舒适性,空间,续航",64,AYA,哪吒,纯电动,74800,轿车,318.0,70.0,4,7.35
2105,青岛,5-10万,家用,"动力,性价比,价格,智能化",15,逸动PLUS,长安,燃油,92400,轿车,0,118.0,1,9.12
2106,青岛,5-10万,家用,"动力,性价比,价格,智能化",58,T03,零跑,纯电动,79800,轿车,403.0,95.0,2,8.6
2107,青岛,5-10万,家用,"动力,性价比,价格,智能化",61,S,哪吒,纯电动,79800,轿车,318.0,70.0,3,8.0
2108,青岛,5-10万,家用,"动力,性价比,价格,智能化",64,AYA,哪吒,纯电动,74800,轿车,318.0,70.0,4,7.55
2109,青岛,5-10万,商务,"性价比,空间,价格,续航",15,逸动PLUS,长安,燃油,92400,轿车,0,118.0,1,9.03
2110,青岛,5-10万,商务,"性价比,空间,价格,续航",58,T03,零跑,纯电动,79800,轿车,403.0,95.0,2,8.67
2111,青岛,5-10万,商务,"性价比,空间,价格,续航",61,S,哪吒,纯电动,79800,轿车,318.0,70.0,3,7.83
2112,青岛,5-10万,商务,"性价比,空间,价格,续航",64,AYA,哪吒,纯电动,74800,轿车,318.0,70.0,4,7.61
2113,青岛,5-10万,长途,"价格,空间,智能化,舒适性",58,T03,零跑,纯电动,79800,轿车,403.0,95.0,1,8.91
2114,青岛,5-10万,长途,"价格,空间,智能化,舒适性",61,S,哪吒,纯电动,79800,轿车,318.0,70.0,2,8.69
2115,青岛,5-10万,长途,"价格,空间,智能化,舒适性",64,AYA,哪吒,纯电动,74800,轿车,318.0,70.0,3,7.88
2116,青岛,5-10万,长途,"价格,空间,智能化,舒适性",15,逸动PLUS,长安,燃油,92400,轿车,0,118.0,4,7.48
2117,青岛,5-10万,越野,"续航,性价比,动力,舒适性",15,逸动PLUS,长安,燃油,92400,轿车,0,118.0,1,9.09
2118,青岛,5-10万,越野,"续航,性价比,动力,舒适性",58,T03,零跑,纯电动,79800,轿车,403.0,95.0,2,8.37
2119,青岛,5-10万,越野,"续航,性价比,动力,舒适性",61,S,哪吒,纯电动,79800,轿车,318.0,70.0,3,7.94
2120,青岛,5-10万,越野,"续航,性价比,动力,舒适性",64,AYA,哪吒,纯电动,74800,轿车,318.0,70.0,4,7.68
2121,青岛,10-20万,通勤,"续航,空间,智能化,价格",1,秦PLUS,比亚迪,插电混动,139800,轿车,120.0,132.0,1,8.99
2122,青岛,10-20万,通勤,"续航,空间,智能化,价格",2,秦PLUS EV,比亚迪,纯电动,134800,轿车,510.0,135.0,2,8.38
2123,青岛,10-20万,通勤,"续航,空间,智能化,价格",4,宋PLUS DM-i,比亚迪,插电混动,174800,SUV,110.0,145.0,3,8.2
2124,青岛,10-20万,通勤,"续航,空间,智能化,价格",6,星瑞,吉利,燃油,131700,轿车,0,140.0,4,7.66
2125,青岛,10-20万,通勤,"续航,空间,智能化,价格",7,博越L,吉利,燃油,148200,SUV,0,160.0,5,7.07
2126,青岛,10-20万,通勤,"续航,空间,智能化,价格",8,帝豪L Hi·P,吉利,插电混动,160800,轿车,100.0,135.0,6,6.33
2127,青岛,10-20万,通勤,"续航,空间,智能化,价格",9,银河L7,吉利,插电混动,162200,SUV,115.0,120.0,7,5.87
2128,青岛,10-20万,通勤,"续航,空间,智能化,价格",11,UNI-V,长安,燃油,124400,轿车,0,138.0,8,5.45
2129,青岛,10-20万,家用,"空间,品牌,性价比,续航",1,秦PLUS,比亚迪,插电混动,139800,轿车,120.0,132.0,1,9.13
2130,青岛,10-20万,家用,"空间,品牌,性价比,续航",2,秦PLUS EV,比亚迪,纯电动,134800,轿车,510.0,135.0,2,8.69
2131,青岛,10-20万,家用,"空间,品牌,性价比,续航",4,宋PLUS DM-i,比亚迪,插电混动,174800,SUV,110.0,145.0,3,7.93
2132,青岛,10-20万,家用,"空间,品牌,性价比,续航",6,星瑞,吉利,燃油,131700,轿车,0,140.0,4,7.49
2133,青岛,10-20万,家用,"空间,品牌,性价比,续航",7,博越L,吉利,燃油,148200,SUV,0,160.0,5,7.02
2134,青岛,10-20万,家用,"空间,品牌,性价比,续航",8,帝豪L Hi·P,吉利,插电混动,160800,轿车,100.0,135.0,6,6.69
2135,青岛,10-20万,家用,"空间,品牌,性价比,续航",9,银河L7,吉利,插电混动,162200,SUV,115.0,120.0,7,5.95
2136,青岛,10-20万,家用,"空间,品牌,性价比,续航",11,UNI-V,长安,燃油,124400,轿车,0,138.0,8,5.38
2137,青岛,10-20万,商务,"性价比,价格,舒适性,智能化",1,秦PLUS,比亚迪,插电混动,139800,轿车,120.0,132.0,1,8.92
2138,青岛,10-20万,商务,"性价比,价格,舒适性,智能化",2,秦PLUS EV,比亚迪,纯电动,134800,轿车,510.0,135.0,2,8.41
2139,青岛,10-20万,商务,"性价比,价格,舒适性,智能化",6,星瑞,吉利,燃油,131700,轿车,0,140.0,3,7.82
2140,青岛,10-20万,商务,"性价比,价格,舒适性,智能化",8,帝豪L Hi·P,吉利,插电混动,160800,轿车,100.0,135.0,4,7.68
2141,青岛,10-20万,商务,"性价比,价格,舒适性,智能化",11,UNI-V,长安,燃油,124400,轿车,0,138.0,5,7.15
2142,青岛,10-20万,商务,"性价比,价格,舒适性,智能化",13,深蓝SL03,长安,纯电动,169400,轿车,570.0,190.0,6,6.43
2143,青岛,10-20万,商务,"性价比,价格,舒适性,智能化",20,欧拉好猫,长城,纯电动,134800,轿车,401.0,105.0,7,5.86
2144,青岛,10-20万,商务,"性价比,价格,舒适性,智能化",21,艾瑞泽8,奇瑞,燃油,122900,轿车,0,156.0,8,5.46
2145,青岛,10-20万,长途,"价格,品牌,性价比,空间",56,C01,零跑,纯电动,179800,轿车,717.0,200.0,1,8.91
2146,青岛,10-20万,长途,"价格,品牌,性价比,空间",57,C11,零跑,纯电动,189800,SUV,650.0,200.0,2,8.7
2147,青岛,10-20万,长途,"价格,品牌,性价比,空间",63,GT,哪吒,纯电动,179800,轿车,580.0,170.0,3,7.89
2148,青岛,10-20万,长途,"价格,品牌,性价比,空间",13,深蓝SL03,长安,纯电动,169400,轿车,570.0,190.0,4,7.38
2149,青岛,10-20万,长途,"价格,品牌,性价比,空间",60,C10,零跑,纯电动,148800,SUV,520.0,160.0,5,6.9
2150,青岛,10-20万,长途,"价格,品牌,性价比,空间",40,Mona M03,小鹏,纯电动,154800,轿车,515.0,170.0,6,6.34
2151,青岛,10-20万,长途,"价格,品牌,性价比,空间",2,秦PLUS EV,比亚迪,纯电动,134800,轿车,510.0,135.0,7,5.99
2152,青岛,10-20万,长途,"价格,品牌,性价比,空间",59,S01,零跑,纯电动,129800,跑车,510.0,170.0,8,5.34
2153,青岛,10-20万,越野,"动力,空间,舒适性,品牌",4,宋PLUS DM-i,比亚迪,插电混动,174800,SUV,110.0,145.0,1,9.07
2154,青岛,10-20万,越野,"动力,空间,舒适性,品牌",7,博越L,吉利,燃油,148200,SUV,0,160.0,2,8.37
2155,青岛,10-20万,越野,"动力,空间,舒适性,品牌",9,银河L7,吉利,插电混动,162200,SUV,115.0,120.0,3,7.87
2156,青岛,10-20万,越野,"动力,空间,舒适性,品牌",12,UNI-K,长安,燃油,167400,SUV,0,233.0,4,7.31
2157,青岛,10-20万,越野,"动力,空间,舒适性,品牌",14,深蓝S7,长安,增程,183900,SUV,200.0,160.0,5,6.86
2158,青岛,10-20万,越野,"动力,空间,舒适性,品牌",16,哈弗H6,长城,燃油,129350,SUV,0,135.0,6,6.34
2159,青岛,10-20万,越野,"动力,空间,舒适性,品牌",17,哈弗枭龙MAX,长城,插电混动,159800,SUV,81.0,150.0,7,6.0
2160,青岛,10-20万,越野,"动力,空间,舒适性,品牌",22,瑞虎8 PRO,奇瑞,燃油,156400,SUV,0,187.0,8,5.63
2161,青岛,20-30万,通勤,"动力,价格,舒适性,续航",3,汉EV,比亚迪,纯电动,274800,轿车,605.0,180.0,1,8.9
2162,青岛,20-30万,通勤,"动力,价格,舒适性,续航",5,海豹,比亚迪,纯电动,229800,轿车,550.0,230.0,2,8.67
2163,青岛,20-30万,通勤,"动力,价格,舒适性,续航",18,坦克300,长城,燃油,254800,SUV,0,167.0,3,7.97
2164,青岛,20-30万,通勤,"动力,价格,舒适性,续航",24,星途揽月,奇瑞,燃油,208900,SUV,0,192.0,4,7.53
2165,青岛,20-30万,通勤,"动力,价格,舒适性,续航",35,L6,理想,增程,299800,SUV,130.0,85.0,5,6.94
2166,青岛,20-30万,通勤,"动力,价格,舒适性,续航",36,G6,小鹏,纯电动,236900,SUV,580.0,218.0,6,6.63
2167,青岛,20-30万,通勤,"动力,价格,舒适性,续航",38,P7i,小鹏,纯电动,256900,轿车,706.0,203.0,7,6.11
2168,青岛,20-30万,通勤,"动力,价格,舒适性,续航",41,M5,问界,增程,294800,SUV,200.0,142.0,8,5.57
2169,青岛,20-30万,家用,"性价比,续航,空间,品牌",3,汉EV,比亚迪,纯电动,274800,轿车,605.0,180.0,1,9.15
2170,青岛,20-30万,家用,"性价比,续航,空间,品牌",5,海豹,比亚迪,纯电动,229800,轿车,550.0,230.0,2,8.52
2171,青岛,20-30万,家用,"性价比,续航,空间,品牌",18,坦克300,长城,燃油,254800,SUV,0,167.0,3,8.15
2172,青岛,20-30万,家用,"性价比,续航,空间,品牌",24,星途揽月,奇瑞,燃油,208900,SUV,0,192.0,4,7.64
2173,青岛,20-30万,家用,"性价比,续航,空间,品牌",35,L6,理想,增程,299800,SUV,130.0,85.0,5,6.87
2174,青岛,20-30万,家用,"性价比,续航,空间,品牌",36,G6,小鹏,纯电动,236900,SUV,580.0,218.0,6,6.57
2175,青岛,20-30万,家用,"性价比,续航,空间,品牌",38,P7i,小鹏,纯电动,256900,轿车,706.0,203.0,7,5.93
2176,青岛,20-30万,家用,"性价比,续航,空间,品牌",41,M5,问界,增程,294800,SUV,200.0,142.0,8,5.31
2177,青岛,20-30万,商务,"空间,智能化,性价比,价格",3,汉EV,比亚迪,纯电动,274800,轿车,605.0,180.0,1,9.0
2178,青岛,20-30万,商务,"空间,智能化,性价比,价格",5,海豹,比亚迪,纯电动,229800,轿车,550.0,230.0,2,8.58
2179,青岛,20-30万,商务,"空间,智能化,性价比,价格",38,P7i,小鹏,纯电动,256900,轿车,706.0,203.0,3,8.02
2180,青岛,20-30万,商务,"空间,智能化,性价比,价格",47,007,极氪,纯电动,264000,轿车,688.0,229.0,4,7.55
2181,青岛,20-30万,商务,"空间,智能化,性价比,价格",66,SU7,小米,纯电动,257900,轿车,700.0,220.0,5,6.96
2182,青岛,20-30万,商务,"空间,智能化,性价比,价格",76,凯美瑞,丰田,燃油,208300,轿车,0,152.0,6,6.67
2183,青岛,20-30万,商务,"空间,智能化,性价比,价格",80,亚洲龙,丰田,油电混动,239800,轿车,0,131.0,7,5.85
2184,青岛,20-30万,商务,"空间,智能化,性价比,价格",81,雅阁,本田,油电混动,209800,轿车,0,143.0,8,5.49
2185,青岛,20-30万,长途,"价格,空间,品牌,续航",69,YU7,小米,纯电动,289900,SUV,830.0,320.0,1,9.16
2186,青岛,20-30万,长途,"价格,空间,品牌,续航",38,P7i,小鹏,纯电动,256900,轿车,706.0,203.0,2,8.51
2187,青岛,20-30万,长途,"价格,空间,品牌,续航",66,SU7,小米,纯电动,257900,轿车,700.0,220.0,3,8.12
2188,青岛,20-30万,长途,"价格,空间,品牌,续航",47,007,极氪,纯电动,264000,轿车,688.0,229.0,4,7.64
2189,青岛,20-30万,长途,"价格,空间,品牌,续航",48,X,极氪,纯电动,219000,SUV,670.0,200.0,5,6.81
2190,青岛,20-30万,长途,"价格,空间,品牌,续航",49,X YOU,极氪,纯电动,264000,SUV,670.0,200.0,6,6.61
2191,青岛,20-30万,长途,"价格,空间,品牌,续航",42,M5 EV,问界,纯电动,279800,SUV,620.0,165.0,7,5.95
2192,青岛,20-30万,长途,"价格,空间,品牌,续航",3,汉EV,比亚迪,纯电动,274800,轿车,605.0,180.0,8,5.36
2193,青岛,20-30万,越野,"动力,续航,品牌,性价比",18,坦克300,长城,燃油,254800,SUV,0,167.0,1,8.93
2194,青岛,20-30万,越野,"动力,续航,品牌,性价比",24,星途揽月,奇瑞,燃油,208900,SUV,0,192.0,2,8.36
2195,青岛,20-30万,越野,"动力,续航,品牌,性价比",35,L6,理想,增程,299800,SUV,130.0,85.0,3,8.2
2196,青岛,20-30万,越野,"动力,续航,品牌,性价比",36,G6,小鹏,纯电动,236900,SUV,580.0,218.0,4,7.57
2197,青岛,20-30万,越野,"动力,续航,品牌,性价比",41,M5,问界,增程,294800,SUV,200.0,142.0,5,7.06
2198,青岛,20-30万,越野,"动力,续航,品牌,性价比",42,M5 EV,问界,纯电动,279800,SUV,620.0,165.0,6,6.31
2199,青岛,20-30万,越野,"动力,续航,品牌,性价比",48,X,极氪,纯电动,219000,SUV,670.0,200.0,7,5.93
2200,青岛,20-30万,越野,"动力,续航,品牌,性价比",49,X YOU,极氪,纯电动,264000,SUV,670.0,200.0,8,5.7
2201,青岛,30万以上,通勤,"续航,舒适性,动力,空间",10,极氪001,吉利,纯电动,319000,轿车,741.0,310.0,1,9.03
2202,青岛,30万以上,通勤,"续航,舒适性,动力,空间",19,坦克500,长城,油电混动,365000,SUV,0,180.0,2,8.59
2203,青岛,30万以上,通勤,"续航,舒适性,动力,空间",26,ET5,蔚来,纯电动,323300,轿车,550.0,300.0,3,8.01
2204,青岛,30万以上,通勤,"续航,舒适性,动力,空间",27,ET7,蔚来,纯电动,497000,轿车,675.0,360.0,4,7.61
2205,青岛,30万以上,通勤,"续航,舒适性,动力,空间",28,ES6,蔚来,纯电动,402000,SUV,625.0,400.0,5,6.87
2206,青岛,30万以上,通勤,"续航,舒适性,动力,空间",29,ES8,蔚来,纯电动,587000,SUV,580.0,400.0,6,6.69
2207,青岛,30万以上,通勤,"续航,舒适性,动力,空间",30,全新蔚来ES6,蔚来,纯电动,402000,SUV,625.0,400.0,7,5.86
2208,青岛,30万以上,通勤,"续航,舒适性,动力,空间",31,L7,理想,增程,349800,SUV,210.0,110.0,8,5.53
2209,青岛,30万以上,家用,"性价比,品牌,智能化,价格",10,极氪001,吉利,纯电动,319000,轿车,741.0,310.0,1,9.02
2210,青岛,30万以上,家用,"性价比,品牌,智能化,价格",19,坦克500,长城,油电混动,365000,SUV,0,180.0,2,8.51
2211,青岛,30万以上,家用,"性价比,品牌,智能化,价格",26,ET5,蔚来,纯电动,323300,轿车,550.0,300.0,3,8.07
2212,青岛,30万以上,家用,"性价比,品牌,智能化,价格",27,ET7,蔚来,纯电动,497000,轿车,675.0,360.0,4,7.39
2213,青岛,30万以上,家用,"性价比,品牌,智能化,价格",28,ES6,蔚来,纯电动,402000,SUV,625.0,400.0,5,7.05
2214,青岛,30万以上,家用,"性价比,品牌,智能化,价格",29,ES8,蔚来,纯电动,587000,SUV,580.0,400.0,6,6.52
2215,青岛,30万以上,家用,"性价比,品牌,智能化,价格",30,全新蔚来ES6,蔚来,纯电动,402000,SUV,625.0,400.0,7,6.11
2216,青岛,30万以上,家用,"性价比,品牌,智能化,价格",31,L7,理想,增程,349800,SUV,210.0,110.0,8,5.65
2217,青岛,30万以上,商务,"动力,续航,价格,性价比",10,极氪001,吉利,纯电动,319000,轿车,741.0,310.0,1,9.12
2218,青岛,30万以上,商务,"动力,续航,价格,性价比",26,ET5,蔚来,纯电动,323300,轿车,550.0,300.0,2,8.68
2219,青岛,30万以上,商务,"动力,续航,价格,性价比",27,ET7,蔚来,纯电动,497000,轿车,675.0,360.0,3,8.08
2220,青岛,30万以上,商务,"动力,续航,价格,性价比",34,MEGA,理想,纯电动,579800,MPV,700.0,230.0,4,7.39
2221,青岛,30万以上,商务,"动力,续航,价格,性价比",39,X9,小鹏,纯电动,389900,MPV,702.0,230.0,5,7.14
2222,青岛,30万以上,商务,"动力,续航,价格,性价比",44,M8,问界,增程,379800,MPV,200.0,140.0,6,6.47
2223,青岛,30万以上,商务,"动力,续航,价格,性价比",46,001,极氪,纯电动,319000,轿车,741.0,310.0,7,6.09
2224,青岛,30万以上,商务,"动力,续航,价格,性价比",50,001 FR,极氪,纯电动,789000,轿车,550.0,1247.0,8,5.59
2225,青岛,30万以上,长途,"智能化,性价比,动力,续航",70,YU7 Pro,小米,纯电动,364900,SUV,830.0,320.0,1,8.92
2226,青岛,30万以上,长途,"智能化,性价比,动力,续航",10,极氪001,吉利,纯电动,319000,轿车,741.0,310.0,2,8.54
2227,青岛,30万以上,长途,"智能化,性价比,动力,续航",46,001,极氪,纯电动,319000,轿车,741.0,310.0,3,8.14
2228,青岛,30万以上,长途,"智能化,性价比,动力,续航",128,Model S,特斯拉,纯电动,853900,轿车,715.0,371.0,4,7.54
2229,青岛,30万以上,长途,"智能化,性价比,动力,续航",37,G9,小鹏,纯电动,389900,SUV,702.0,316.0,5,7.02
2230,青岛,30万以上,长途,"智能化,性价比,动力,续航",39,X9,小鹏,纯电动,389900,MPV,702.0,230.0,6,6.33
2231,青岛,30万以上,长途,"智能化,性价比,动力,续航",34,MEGA,理想,纯电动,579800,MPV,700.0,230.0,7,5.83
2232,青岛,30万以上,长途,"智能化,性价比,动力,续航",67,SU7 Max,小米,纯电动,334900,轿车,700.0,425.0,8,5.44
2233,青岛,30万以上,越野,"性价比,品牌,价格,空间",19,坦克500,长城,油电混动,365000,SUV,0,180.0,1,8.84
2234,青岛,30万以上,越野,"性价比,品牌,价格,空间",28,ES6,蔚来,纯电动,402000,SUV,625.0,400.0,2,8.67
2235,青岛,30万以上,越野,"性价比,品牌,价格,空间",29,ES8,蔚来,纯电动,587000,SUV,580.0,400.0,3,7.89
2236,青岛,30万以上,越野,"性价比,品牌,价格,空间",30,全新蔚来ES6,蔚来,纯电动,402000,SUV,625.0,400.0,4,7.52
2237,青岛,30万以上,越野,"性价比,品牌,价格,空间",31,L7,理想,增程,349800,SUV,210.0,110.0,5,6.98
2238,青岛,30万以上,越野,"性价比,品牌,价格,空间",32,L8,理想,增程,369800,SUV,210.0,110.0,6,6.49
2239,青岛,30万以上,越野,"性价比,品牌,价格,空间",33,L9,理想,增程,444800,SUV,210.0,110.0,7,6.02
2240,青岛,30万以上,越野,"性价比,品牌,价格,空间",37,G9,小鹏,纯电动,389900,SUV,702.0,316.0,8,5.69
2241,大连,5-10万,通勤,"动力,价格,智能化,空间",15,逸动PLUS,长安,燃油,92400,轿车,0,118.0,1,8.91
2242,大连,5-10万,通勤,"动力,价格,智能化,空间",58,T03,零跑,纯电动,79800,轿车,403.0,95.0,2,8.61
2243,大连,5-10万,通勤,"动力,价格,智能化,空间",61,S,哪吒,纯电动,79800,轿车,318.0,70.0,3,8.19
2244,大连,5-10万,通勤,"动力,价格,智能化,空间",64,AYA,哪吒,纯电动,74800,轿车,318.0,70.0,4,7.33
2245,大连,5-10万,家用,"性价比,空间,智能化,舒适性",15,逸动PLUS,长安,燃油,92400,轿车,0,118.0,1,9.0
2246,大连,5-10万,家用,"性价比,空间,智能化,舒适性",58,T03,零跑,纯电动,79800,轿车,403.0,95.0,2,8.52
2247,大连,5-10万,家用,"性价比,空间,智能化,舒适性",61,S,哪吒,纯电动,79800,轿车,318.0,70.0,3,8.14
2248,大连,5-10万,家用,"性价比,空间,智能化,舒适性",64,AYA,哪吒,纯电动,74800,轿车,318.0,70.0,4,7.53
2249,大连,5-10万,商务,"品牌,智能化,空间,续航",15,逸动PLUS,长安,燃油,92400,轿车,0,118.0,1,9.13
2250,大连,5-10万,商务,"品牌,智能化,空间,续航",58,T03,零跑,纯电动,79800,轿车,403.0,95.0,2,8.35
2251,大连,5-10万,商务,"品牌,智能化,空间,续航",61,S,哪吒,纯电动,79800,轿车,318.0,70.0,3,8.01
2252,大连,5-10万,商务,"品牌,智能化,空间,续航",64,AYA,哪吒,纯电动,74800,轿车,318.0,70.0,4,7.38
2253,大连,5-10万,长途,"价格,品牌,舒适性,智能化",58,T03,零跑,纯电动,79800,轿车,403.0,95.0,1,8.93
2254,大连,5-10万,长途,"价格,品牌,舒适性,智能化",61,S,哪吒,纯电动,79800,轿车,318.0,70.0,2,8.51
2255,大连,5-10万,长途,"价格,品牌,舒适性,智能化",64,AYA,哪吒,纯电动,74800,轿车,318.0,70.0,3,7.96
2256,大连,5-10万,长途,"价格,品牌,舒适性,智能化",15,逸动PLUS,长安,燃油,92400,轿车,0,118.0,4,7.37
2257,大连,5-10万,越野,"空间,动力,价格,品牌",15,逸动PLUS,长安,燃油,92400,轿车,0,118.0,1,9.15
2258,大连,5-10万,越野,"空间,动力,价格,品牌",58,T03,零跑,纯电动,79800,轿车,403.0,95.0,2,8.57
2259,大连,5-10万,越野,"空间,动力,价格,品牌",61,S,哪吒,纯电动,79800,轿车,318.0,70.0,3,8.15
2260,大连,5-10万,越野,"空间,动力,价格,品牌",64,AYA,哪吒,纯电动,74800,轿车,318.0,70.0,4,7.6
2261,大连,10-20万,通勤,"品牌,空间,舒适性,智能化",1,秦PLUS,比亚迪,插电混动,139800,轿车,120.0,132.0,1,8.93
2262,大连,10-20万,通勤,"品牌,空间,舒适性,智能化",2,秦PLUS EV,比亚迪,纯电动,134800,轿车,510.0,135.0,2,8.48
2263,大连,10-20万,通勤,"品牌,空间,舒适性,智能化",4,宋PLUS DM-i,比亚迪,插电混动,174800,SUV,110.0,145.0,3,7.82
2264,大连,10-20万,通勤,"品牌,空间,舒适性,智能化",6,星瑞,吉利,燃油,131700,轿车,0,140.0,4,7.57
2265,大连,10-20万,通勤,"品牌,空间,舒适性,智能化",7,博越L,吉利,燃油,148200,SUV,0,160.0,5,6.87
2266,大连,10-20万,通勤,"品牌,空间,舒适性,智能化",8,帝豪L Hi·P,吉利,插电混动,160800,轿车,100.0,135.0,6,6.66
2267,大连,10-20万,通勤,"品牌,空间,舒适性,智能化",9,银河L7,吉利,插电混动,162200,SUV,115.0,120.0,7,5.87
2268,大连,10-20万,通勤,"品牌,空间,舒适性,智能化",11,UNI-V,长安,燃油,124400,轿车,0,138.0,8,5.6
2269,大连,10-20万,家用,"舒适性,动力,品牌,续航",1,秦PLUS,比亚迪,插电混动,139800,轿车,120.0,132.0,1,9.17
2270,大连,10-20万,家用,"舒适性,动力,品牌,续航",2,秦PLUS EV,比亚迪,纯电动,134800,轿车,510.0,135.0,2,8.46
2271,大连,10-20万,家用,"舒适性,动力,品牌,续航",4,宋PLUS DM-i,比亚迪,插电混动,174800,SUV,110.0,145.0,3,8.04
2272,大连,10-20万,家用,"舒适性,动力,品牌,续航",6,星瑞,吉利,燃油,131700,轿车,0,140.0,4,7.38
2273,大连,10-20万,家用,"舒适性,动力,品牌,续航",7,博越L,吉利,燃油,148200,SUV,0,160.0,5,6.94
2274,大连,10-20万,家用,"舒适性,动力,品牌,续航",8,帝豪L Hi·P,吉利,插电混动,160800,轿车,100.0,135.0,6,6.63
2275,大连,10-20万,家用,"舒适性,动力,品牌,续航",9,银河L7,吉利,插电混动,162200,SUV,115.0,120.0,7,5.92
2276,大连,10-20万,家用,"舒适性,动力,品牌,续航",11,UNI-V,长安,燃油,124400,轿车,0,138.0,8,5.56
2277,大连,10-20万,商务,"动力,舒适性,智能化,品牌",1,秦PLUS,比亚迪,插电混动,139800,轿车,120.0,132.0,1,9.14
2278,大连,10-20万,商务,"动力,舒适性,智能化,品牌",2,秦PLUS EV,比亚迪,纯电动,134800,轿车,510.0,135.0,2,8.62
2279,大连,10-20万,商务,"动力,舒适性,智能化,品牌",6,星瑞,吉利,燃油,131700,轿车,0,140.0,3,8.13
2280,大连,10-20万,商务,"动力,舒适性,智能化,品牌",8,帝豪L Hi·P,吉利,插电混动,160800,轿车,100.0,135.0,4,7.39
2281,大连,10-20万,商务,"动力,舒适性,智能化,品牌",11,UNI-V,长安,燃油,124400,轿车,0,138.0,5,7.18
2282,大连,10-20万,商务,"动力,舒适性,智能化,品牌",13,深蓝SL03,长安,纯电动,169400,轿车,570.0,190.0,6,6.52
2283,大连,10-20万,商务,"动力,舒适性,智能化,品牌",20,欧拉好猫,长城,纯电动,134800,轿车,401.0,105.0,7,6.16
2284,大连,10-20万,商务,"动力,舒适性,智能化,品牌",21,艾瑞泽8,奇瑞,燃油,122900,轿车,0,156.0,8,5.53
2285,大连,10-20万,长途,"续航,动力,空间,性价比",56,C01,零跑,纯电动,179800,轿车,717.0,200.0,1,8.9
2286,大连,10-20万,长途,"续航,动力,空间,性价比",57,C11,零跑,纯电动,189800,SUV,650.0,200.0,2,8.57
2287,大连,10-20万,长途,"续航,动力,空间,性价比",63,GT,哪吒,纯电动,179800,轿车,580.0,170.0,3,8.17
2288,大连,10-20万,长途,"续航,动力,空间,性价比",13,深蓝SL03,长安,纯电动,169400,轿车,570.0,190.0,4,7.37
2289,大连,10-20万,长途,"续航,动力,空间,性价比",60,C10,零跑,纯电动,148800,SUV,520.0,160.0,5,7.1
2290,大连,10-20万,长途,"续航,动力,空间,性价比",40,Mona M03,小鹏,纯电动,154800,轿车,515.0,170.0,6,6.59
2291,大连,10-20万,长途,"续航,动力,空间,性价比",2,秦PLUS EV,比亚迪,纯电动,134800,轿车,510.0,135.0,7,6.17
2292,大连,10-20万,长途,"续航,动力,空间,性价比",59,S01,零跑,纯电动,129800,跑车,510.0,170.0,8,5.37
2293,大连,10-20万,越野,"舒适性,空间,续航,智能化",4,宋PLUS DM-i,比亚迪,插电混动,174800,SUV,110.0,145.0,1,8.87
2294,大连,10-20万,越野,"舒适性,空间,续航,智能化",7,博越L,吉利,燃油,148200,SUV,0,160.0,2,8.68
2295,大连,10-20万,越野,"舒适性,空间,续航,智能化",9,银河L7,吉利,插电混动,162200,SUV,115.0,120.0,3,7.89
2296,大连,10-20万,越野,"舒适性,空间,续航,智能化",12,UNI-K,长安,燃油,167400,SUV,0,233.0,4,7.58
2297,大连,10-20万,越野,"舒适性,空间,续航,智能化",14,深蓝S7,长安,增程,183900,SUV,200.0,160.0,5,6.94
2298,大连,10-20万,越野,"舒适性,空间,续航,智能化",16,哈弗H6,长城,燃油,129350,SUV,0,135.0,6,6.54
2299,大连,10-20万,越野,"舒适性,空间,续航,智能化",17,哈弗枭龙MAX,长城,插电混动,159800,SUV,81.0,150.0,7,6.07
2300,大连,10-20万,越野,"舒适性,空间,续航,智能化",22,瑞虎8 PRO,奇瑞,燃油,156400,SUV,0,187.0,8,5.34
2301,大连,20-30万,通勤,"续航,智能化,舒适性,空间",3,汉EV,比亚迪,纯电动,274800,轿车,605.0,180.0,1,8.95
2302,大连,20-30万,通勤,"续航,智能化,舒适性,空间",5,海豹,比亚迪,纯电动,229800,轿车,550.0,230.0,2,8.31
2303,大连,20-30万,通勤,"续航,智能化,舒适性,空间",18,坦克300,长城,燃油,254800,SUV,0,167.0,3,8.06
2304,大连,20-30万,通勤,"续航,智能化,舒适性,空间",24,星途揽月,奇瑞,燃油,208900,SUV,0,192.0,4,7.51
2305,大连,20-30万,通勤,"续航,智能化,舒适性,空间",35,L6,理想,增程,299800,SUV,130.0,85.0,5,7.18
2306,大连,20-30万,通勤,"续航,智能化,舒适性,空间",36,G6,小鹏,纯电动,236900,SUV,580.0,218.0,6,6.68
2307,大连,20-30万,通勤,"续航,智能化,舒适性,空间",38,P7i,小鹏,纯电动,256900,轿车,706.0,203.0,7,6.02
2308,大连,20-30万,通勤,"续航,智能化,舒适性,空间",41,M5,问界,增程,294800,SUV,200.0,142.0,8,5.31
2309,大连,20-30万,家用,"舒适性,品牌,空间,动力",3,汉EV,比亚迪,纯电动,274800,轿车,605.0,180.0,1,9.13
2310,大连,20-30万,家用,"舒适性,品牌,空间,动力",5,海豹,比亚迪,纯电动,229800,轿车,550.0,230.0,2,8.39
2311,大连,20-30万,家用,"舒适性,品牌,空间,动力",18,坦克300,长城,燃油,254800,SUV,0,167.0,3,7.88
2312,大连,20-30万,家用,"舒适性,品牌,空间,动力",24,星途揽月,奇瑞,燃油,208900,SUV,0,192.0,4,7.55
2313,大连,20-30万,家用,"舒适性,品牌,空间,动力",35,L6,理想,增程,299800,SUV,130.0,85.0,5,6.85
2314,大连,20-30万,家用,"舒适性,品牌,空间,动力",36,G6,小鹏,纯电动,236900,SUV,580.0,218.0,6,6.57
2315,大连,20-30万,家用,"舒适性,品牌,空间,动力",38,P7i,小鹏,纯电动,256900,轿车,706.0,203.0,7,6.0
2316,大连,20-30万,家用,"舒适性,品牌,空间,动力",41,M5,问界,增程,294800,SUV,200.0,142.0,8,5.53
2317,大连,20-30万,商务,"续航,空间,智能化,品牌",3,汉EV,比亚迪,纯电动,274800,轿车,605.0,180.0,1,8.87
2318,大连,20-30万,商务,"续航,空间,智能化,品牌",5,海豹,比亚迪,纯电动,229800,轿车,550.0,230.0,2,8.38
2319,大连,20-30万,商务,"续航,空间,智能化,品牌",38,P7i,小鹏,纯电动,256900,轿车,706.0,203.0,3,8.13
2320,大连,20-30万,商务,"续航,空间,智能化,品牌",47,007,极氪,纯电动,264000,轿车,688.0,229.0,4,7.43
2321,大连,20-30万,商务,"续航,空间,智能化,品牌",66,SU7,小米,纯电动,257900,轿车,700.0,220.0,5,6.89
2322,大连,20-30万,商务,"续航,空间,智能化,品牌",76,凯美瑞,丰田,燃油,208300,轿车,0,152.0,6,6.62
2323,大连,20-30万,商务,"续航,空间,智能化,品牌",80,亚洲龙,丰田,油电混动,239800,轿车,0,131.0,7,5.83
2324,大连,20-30万,商务,"续航,空间,智能化,品牌",81,雅阁,本田,油电混动,209800,轿车,0,143.0,8,5.45
2325,大连,20-30万,长途,"品牌,动力,价格,性价比",69,YU7,小米,纯电动,289900,SUV,830.0,320.0,1,8.92
2326,大连,20-30万,长途,"品牌,动力,价格,性价比",38,P7i,小鹏,纯电动,256900,轿车,706.0,203.0,2,8.34
2327,大连,20-30万,长途,"品牌,动力,价格,性价比",66,SU7,小米,纯电动,257900,轿车,700.0,220.0,3,8.13
2328,大连,20-30万,长途,"品牌,动力,价格,性价比",47,007,极氪,纯电动,264000,轿车,688.0,229.0,4,7.38
2329,大连,20-30万,长途,"品牌,动力,价格,性价比",48,X,极氪,纯电动,219000,SUV,670.0,200.0,5,6.89
2330,大连,20-30万,长途,"品牌,动力,价格,性价比",49,X YOU,极氪,纯电动,264000,SUV,670.0,200.0,6,6.37
2331,大连,20-30万,长途,"品牌,动力,价格,性价比",42,M5 EV,问界,纯电动,279800,SUV,620.0,165.0,7,6.05
2332,大连,20-30万,长途,"品牌,动力,价格,性价比",3,汉EV,比亚迪,纯电动,274800,轿车,605.0,180.0,8,5.39
2333,大连,20-30万,越野,"品牌,空间,舒适性,智能化",18,坦克300,长城,燃油,254800,SUV,0,167.0,1,8.84
2334,大连,20-30万,越野,"品牌,空间,舒适性,智能化",24,星途揽月,奇瑞,燃油,208900,SUV,0,192.0,2,8.62
2335,大连,20-30万,越野,"品牌,空间,舒适性,智能化",35,L6,理想,增程,299800,SUV,130.0,85.0,3,7.98
2336,大连,20-30万,越野,"品牌,空间,舒适性,智能化",36,G6,小鹏,纯电动,236900,SUV,580.0,218.0,4,7.43
2337,大连,20-30万,越野,"品牌,空间,舒适性,智能化",41,M5,问界,增程,294800,SUV,200.0,142.0,5,6.81
2338,大连,20-30万,越野,"品牌,空间,舒适性,智能化",42,M5 EV,问界,纯电动,279800,SUV,620.0,165.0,6,6.55
2339,大连,20-30万,越野,"品牌,空间,舒适性,智能化",48,X,极氪,纯电动,219000,SUV,670.0,200.0,7,6.18
2340,大连,20-30万,越野,"品牌,空间,舒适性,智能化",49,X YOU,极氪,纯电动,264000,SUV,670.0,200.0,8,5.36
2341,大连,30万以上,通勤,"续航,动力,价格,舒适性",10,极氪001,吉利,纯电动,319000,轿车,741.0,310.0,1,9.11
2342,大连,30万以上,通勤,"续航,动力,价格,舒适性",19,坦克500,长城,油电混动,365000,SUV,0,180.0,2,8.37
2343,大连,30万以上,通勤,"续航,动力,价格,舒适性",26,ET5,蔚来,纯电动,323300,轿车,550.0,300.0,3,7.95
2344,大连,30万以上,通勤,"续航,动力,价格,舒适性",27,ET7,蔚来,纯电动,497000,轿车,675.0,360.0,4,7.51
2345,大连,30万以上,通勤,"续航,动力,价格,舒适性",28,ES6,蔚来,纯电动,402000,SUV,625.0,400.0,5,7.2
2346,大连,30万以上,通勤,"续航,动力,价格,舒适性",29,ES8,蔚来,纯电动,587000,SUV,580.0,400.0,6,6.58
2347,大连,30万以上,通勤,"续航,动力,价格,舒适性",30,全新蔚来ES6,蔚来,纯电动,402000,SUV,625.0,400.0,7,6.01
2348,大连,30万以上,通勤,"续航,动力,价格,舒适性",31,L7,理想,增程,349800,SUV,210.0,110.0,8,5.52
2349,大连,30万以上,家用,"动力,品牌,空间,价格",10,极氪001,吉利,纯电动,319000,轿车,741.0,310.0,1,8.91
2350,大连,30万以上,家用,"动力,品牌,空间,价格",19,坦克500,长城,油电混动,365000,SUV,0,180.0,2,8.35
2351,大连,30万以上,家用,"动力,品牌,空间,价格",26,ET5,蔚来,纯电动,323300,轿车,550.0,300.0,3,8.14
2352,大连,30万以上,家用,"动力,品牌,空间,价格",27,ET7,蔚来,纯电动,497000,轿车,675.0,360.0,4,7.51
2353,大连,30万以上,家用,"动力,品牌,空间,价格",28,ES6,蔚来,纯电动,402000,SUV,625.0,400.0,5,7.14
2354,大连,30万以上,家用,"动力,品牌,空间,价格",29,ES8,蔚来,纯电动,587000,SUV,580.0,400.0,6,6.44
2355,大连,30万以上,家用,"动力,品牌,空间,价格",30,全新蔚来ES6,蔚来,纯电动,402000,SUV,625.0,400.0,7,5.87
2356,大连,30万以上,家用,"动力,品牌,空间,价格",31,L7,理想,增程,349800,SUV,210.0,110.0,8,5.35
2357,大连,30万以上,商务,"舒适性,智能化,空间,性价比",10,极氪001,吉利,纯电动,319000,轿车,741.0,310.0,1,8.82
2358,大连,30万以上,商务,"舒适性,智能化,空间,性价比",26,ET5,蔚来,纯电动,323300,轿车,550.0,300.0,2,8.43
2359,大连,30万以上,商务,"舒适性,智能化,空间,性价比",27,ET7,蔚来,纯电动,497000,轿车,675.0,360.0,3,8.11
2360,大连,30万以上,商务,"舒适性,智能化,空间,性价比",34,MEGA,理想,纯电动,579800,MPV,700.0,230.0,4,7.5
2361,大连,30万以上,商务,"舒适性,智能化,空间,性价比",39,X9,小鹏,纯电动,389900,MPV,702.0,230.0,5,7.12
2362,大连,30万以上,商务,"舒适性,智能化,空间,性价比",44,M8,问界,增程,379800,MPV,200.0,140.0,6,6.48
2363,大连,30万以上,商务,"舒适性,智能化,空间,性价比",46,001,极氪,纯电动,319000,轿车,741.0,310.0,7,5.98
2364,大连,30万以上,商务,"舒适性,智能化,空间,性价比",50,001 FR,极氪,纯电动,789000,轿车,550.0,1247.0,8,5.42
2365,大连,30万以上,长途,"动力,续航,空间,性价比",70,YU7 Pro,小米,纯电动,364900,SUV,830.0,320.0,1,9.0
2366,大连,30万以上,长途,"动力,续航,空间,性价比",10,极氪001,吉利,纯电动,319000,轿车,741.0,310.0,2,8.69
2367,大连,30万以上,长途,"动力,续航,空间,性价比",46,001,极氪,纯电动,319000,轿车,741.0,310.0,3,8.16
2368,大连,30万以上,长途,"动力,续航,空间,性价比",128,Model S,特斯拉,纯电动,853900,轿车,715.0,371.0,4,7.41
2369,大连,30万以上,长途,"动力,续航,空间,性价比",37,G9,小鹏,纯电动,389900,SUV,702.0,316.0,5,7.05
2370,大连,30万以上,长途,"动力,续航,空间,性价比",39,X9,小鹏,纯电动,389900,MPV,702.0,230.0,6,6.59
2371,大连,30万以上,长途,"动力,续航,空间,性价比",34,MEGA,理想,纯电动,579800,MPV,700.0,230.0,7,5.97
2372,大连,30万以上,长途,"动力,续航,空间,性价比",67,SU7 Max,小米,纯电动,334900,轿车,700.0,425.0,8,5.45
2373,大连,30万以上,越野,"舒适性,品牌,性价比,智能化",19,坦克500,长城,油电混动,365000,SUV,0,180.0,1,8.92
2374,大连,30万以上,越野,"舒适性,品牌,性价比,智能化",28,ES6,蔚来,纯电动,402000,SUV,625.0,400.0,2,8.5
2375,大连,30万以上,越野,"舒适性,品牌,性价比,智能化",29,ES8,蔚来,纯电动,587000,SUV,580.0,400.0,3,7.92
2376,大连,30万以上,越野,"舒适性,品牌,性价比,智能化",30,全新蔚来ES6,蔚来,纯电动,402000,SUV,625.0,400.0,4,7.55
2377,大连,30万以上,越野,"舒适性,品牌,性价比,智能化",31,L7,理想,增程,349800,SUV,210.0,110.0,5,6.85
2378,大连,30万以上,越野,"舒适性,品牌,性价比,智能化",32,L8,理想,增程,369800,SUV,210.0,110.0,6,6.33
2379,大连,30万以上,越野,"舒适性,品牌,性价比,智能化",33,L9,理想,增程,444800,SUV,210.0,110.0,7,6.08
2380,大连,30万以上,越野,"舒适性,品牌,性价比,智能化",37,G9,小鹏,纯电动,389900,SUV,702.0,316.0,8,5.69
2381,厦门,5-10万,通勤,"价格,续航,性价比,舒适性",15,逸动PLUS,长安,燃油,92400,轿车,0,118.0,1,8.82
2382,厦门,5-10万,通勤,"价格,续航,性价比,舒适性",58,T03,零跑,纯电动,79800,轿车,403.0,95.0,2,8.62
2383,厦门,5-10万,通勤,"价格,续航,性价比,舒适性",61,S,哪吒,纯电动,79800,轿车,318.0,70.0,3,7.95
2384,厦门,5-10万,通勤,"价格,续航,性价比,舒适性",64,AYA,哪吒,纯电动,74800,轿车,318.0,70.0,4,7.39
2385,厦门,5-10万,家用,"空间,价格,续航,舒适性",15,逸动PLUS,长安,燃油,92400,轿车,0,118.0,1,9.06
2386,厦门,5-10万,家用,"空间,价格,续航,舒适性",58,T03,零跑,纯电动,79800,轿车,403.0,95.0,2,8.63
2387,厦门,5-10万,家用,"空间,价格,续航,舒适性",61,S,哪吒,纯电动,79800,轿车,318.0,70.0,3,8.2
2388,厦门,5-10万,家用,"空间,价格,续航,舒适性",64,AYA,哪吒,纯电动,74800,轿车,318.0,70.0,4,7.35
2389,厦门,5-10万,商务,"舒适性,品牌,动力,价格",15,逸动PLUS,长安,燃油,92400,轿车,0,118.0,1,8.88
2390,厦门,5-10万,商务,"舒适性,品牌,动力,价格",58,T03,零跑,纯电动,79800,轿车,403.0,95.0,2,8.43
2391,厦门,5-10万,商务,"舒适性,品牌,动力,价格",61,S,哪吒,纯电动,79800,轿车,318.0,70.0,3,7.99
2392,厦门,5-10万,商务,"舒适性,品牌,动力,价格",64,AYA,哪吒,纯电动,74800,轿车,318.0,70.0,4,7.51
2393,厦门,5-10万,长途,"品牌,智能化,舒适性,续航",58,T03,零跑,纯电动,79800,轿车,403.0,95.0,1,9.07
2394,厦门,5-10万,长途,"品牌,智能化,舒适性,续航",61,S,哪吒,纯电动,79800,轿车,318.0,70.0,2,8.41
2395,厦门,5-10万,长途,"品牌,智能化,舒适性,续航",64,AYA,哪吒,纯电动,74800,轿车,318.0,70.0,3,7.91
2396,厦门,5-10万,长途,"品牌,智能化,舒适性,续航",15,逸动PLUS,长安,燃油,92400,轿车,0,118.0,4,7.51
2397,厦门,5-10万,越野,"品牌,空间,智能化,舒适性",15,逸动PLUS,长安,燃油,92400,轿车,0,118.0,1,9.2
2398,厦门,5-10万,越野,"品牌,空间,智能化,舒适性",58,T03,零跑,纯电动,79800,轿车,403.0,95.0,2,8.5
2399,厦门,5-10万,越野,"品牌,空间,智能化,舒适性",61,S,哪吒,纯电动,79800,轿车,318.0,70.0,3,8.0
2400,厦门,5-10万,越野,"品牌,空间,智能化,舒适性",64,AYA,哪吒,纯电动,74800,轿车,318.0,70.0,4,7.64
2401,厦门,10-20万,通勤,"空间,性价比,品牌,舒适性",1,秦PLUS,比亚迪,插电混动,139800,轿车,120.0,132.0,1,9.09
2402,厦门,10-20万,通勤,"空间,性价比,品牌,舒适性",2,秦PLUS EV,比亚迪,纯电动,134800,轿车,510.0,135.0,2,8.42
2403,厦门,10-20万,通勤,"空间,性价比,品牌,舒适性",4,宋PLUS DM-i,比亚迪,插电混动,174800,SUV,110.0,145.0,3,7.97
2404,厦门,10-20万,通勤,"空间,性价比,品牌,舒适性",6,星瑞,吉利,燃油,131700,轿车,0,140.0,4,7.6
2405,厦门,10-20万,通勤,"空间,性价比,品牌,舒适性",7,博越L,吉利,燃油,148200,SUV,0,160.0,5,6.85
2406,厦门,10-20万,通勤,"空间,性价比,品牌,舒适性",8,帝豪L Hi·P,吉利,插电混动,160800,轿车,100.0,135.0,6,6.64
2407,厦门,10-20万,通勤,"空间,性价比,品牌,舒适性",9,银河L7,吉利,插电混动,162200,SUV,115.0,120.0,7,6.19
2408,厦门,10-20万,通勤,"空间,性价比,品牌,舒适性",11,UNI-V,长安,燃油,124400,轿车,0,138.0,8,5.58
2409,厦门,10-20万,家用,"舒适性,动力,续航,价格",1,秦PLUS,比亚迪,插电混动,139800,轿车,120.0,132.0,1,9.01
2410,厦门,10-20万,家用,"舒适性,动力,续航,价格",2,秦PLUS EV,比亚迪,纯电动,134800,轿车,510.0,135.0,2,8.62
2411,厦门,10-20万,家用,"舒适性,动力,续航,价格",4,宋PLUS DM-i,比亚迪,插电混动,174800,SUV,110.0,145.0,3,7.87
2412,厦门,10-20万,家用,"舒适性,动力,续航,价格",6,星瑞,吉利,燃油,131700,轿车,0,140.0,4,7.52
2413,厦门,10-20万,家用,"舒适性,动力,续航,价格",7,博越L,吉利,燃油,148200,SUV,0,160.0,5,7.13
2414,厦门,10-20万,家用,"舒适性,动力,续航,价格",8,帝豪L Hi·P,吉利,插电混动,160800,轿车,100.0,135.0,6,6.59
2415,厦门,10-20万,家用,"舒适性,动力,续航,价格",9,银河L7,吉利,插电混动,162200,SUV,115.0,120.0,7,5.88
2416,厦门,10-20万,家用,"舒适性,动力,续航,价格",11,UNI-V,长安,燃油,124400,轿车,0,138.0,8,5.33
2417,厦门,10-20万,商务,"空间,智能化,续航,价格",1,秦PLUS,比亚迪,插电混动,139800,轿车,120.0,132.0,1,9.05
2418,厦门,10-20万,商务,"空间,智能化,续航,价格",2,秦PLUS EV,比亚迪,纯电动,134800,轿车,510.0,135.0,2,8.55
2419,厦门,10-20万,商务,"空间,智能化,续航,价格",6,星瑞,吉利,燃油,131700,轿车,0,140.0,3,7.82
2420,厦门,10-20万,商务,"空间,智能化,续航,价格",8,帝豪L Hi·P,吉利,插电混动,160800,轿车,100.0,135.0,4,7.6
2421,厦门,10-20万,商务,"空间,智能化,续航,价格",11,UNI-V,长安,燃油,124400,轿车,0,138.0,5,7.15
2422,厦门,10-20万,商务,"空间,智能化,续航,价格",13,深蓝SL03,长安,纯电动,169400,轿车,570.0,190.0,6,6.51
2423,厦门,10-20万,商务,"空间,智能化,续航,价格",20,欧拉好猫,长城,纯电动,134800,轿车,401.0,105.0,7,5.97
2424,厦门,10-20万,商务,"空间,智能化,续航,价格",21,艾瑞泽8,奇瑞,燃油,122900,轿车,0,156.0,8,5.5
2425,厦门,10-20万,长途,"空间,舒适性,智能化,性价比",56,C01,零跑,纯电动,179800,轿车,717.0,200.0,1,8.94
2426,厦门,10-20万,长途,"空间,舒适性,智能化,性价比",57,C11,零跑,纯电动,189800,SUV,650.0,200.0,2,8.51
2427,厦门,10-20万,长途,"空间,舒适性,智能化,性价比",63,GT,哪吒,纯电动,179800,轿车,580.0,170.0,3,8.11
2428,厦门,10-20万,长途,"空间,舒适性,智能化,性价比",13,深蓝SL03,长安,纯电动,169400,轿车,570.0,190.0,4,7.46
2429,厦门,10-20万,长途,"空间,舒适性,智能化,性价比",60,C10,零跑,纯电动,148800,SUV,520.0,160.0,5,7.08
2430,厦门,10-20万,长途,"空间,舒适性,智能化,性价比",40,Mona M03,小鹏,纯电动,154800,轿车,515.0,170.0,6,6.57
2431,厦门,10-20万,长途,"空间,舒适性,智能化,性价比",2,秦PLUS EV,比亚迪,纯电动,134800,轿车,510.0,135.0,7,5.87
2432,厦门,10-20万,长途,"空间,舒适性,智能化,性价比",59,S01,零跑,纯电动,129800,跑车,510.0,170.0,8,5.37
2433,厦门,10-20万,越野,"舒适性,空间,品牌,动力",4,宋PLUS DM-i,比亚迪,插电混动,174800,SUV,110.0,145.0,1,8.9
2434,厦门,10-20万,越野,"舒适性,空间,品牌,动力",7,博越L,吉利,燃油,148200,SUV,0,160.0,2,8.69
2435,厦门,10-20万,越野,"舒适性,空间,品牌,动力",9,银河L7,吉利,插电混动,162200,SUV,115.0,120.0,3,8.02
2436,厦门,10-20万,越野,"舒适性,空间,品牌,动力",12,UNI-K,长安,燃油,167400,SUV,0,233.0,4,7.41
2437,厦门,10-20万,越野,"舒适性,空间,品牌,动力",14,深蓝S7,长安,增程,183900,SUV,200.0,160.0,5,6.85
2438,厦门,10-20万,越野,"舒适性,空间,品牌,动力",16,哈弗H6,长城,燃油,129350,SUV,0,135.0,6,6.36
2439,厦门,10-20万,越野,"舒适性,空间,品牌,动力",17,哈弗枭龙MAX,长城,插电混动,159800,SUV,81.0,150.0,7,6.03
2440,厦门,10-20万,越野,"舒适性,空间,品牌,动力",22,瑞虎8 PRO,奇瑞,燃油,156400,SUV,0,187.0,8,5.31
2441,厦门,20-30万,通勤,"动力,智能化,价格,品牌",3,汉EV,比亚迪,纯电动,274800,轿车,605.0,180.0,1,9.13
2442,厦门,20-30万,通勤,"动力,智能化,价格,品牌",5,海豹,比亚迪,纯电动,229800,轿车,550.0,230.0,2,8.64
2443,厦门,20-30万,通勤,"动力,智能化,价格,品牌",18,坦克300,长城,燃油,254800,SUV,0,167.0,3,8.1
2444,厦门,20-30万,通勤,"动力,智能化,价格,品牌",24,星途揽月,奇瑞,燃油,208900,SUV,0,192.0,4,7.45
2445,厦门,20-30万,通勤,"动力,智能化,价格,品牌",35,L6,理想,增程,299800,SUV,130.0,85.0,5,7.06
2446,厦门,20-30万,通勤,"动力,智能化,价格,品牌",36,G6,小鹏,纯电动,236900,SUV,580.0,218.0,6,6.4
2447,厦门,20-30万,通勤,"动力,智能化,价格,品牌",38,P7i,小鹏,纯电动,256900,轿车,706.0,203.0,7,5.84
2448,厦门,20-30万,通勤,"动力,智能化,价格,品牌",41,M5,问界,增程,294800,SUV,200.0,142.0,8,5.32
2449,厦门,20-30万,家用,"动力,舒适性,空间,价格",3,汉EV,比亚迪,纯电动,274800,轿车,605.0,180.0,1,9.06
2450,厦门,20-30万,家用,"动力,舒适性,空间,价格",5,海豹,比亚迪,纯电动,229800,轿车,550.0,230.0,2,8.37
2451,厦门,20-30万,家用,"动力,舒适性,空间,价格",18,坦克300,长城,燃油,254800,SUV,0,167.0,3,7.98
2452,厦门,20-30万,家用,"动力,舒适性,空间,价格",24,星途揽月,奇瑞,燃油,208900,SUV,0,192.0,4,7.39
2453,厦门,20-30万,家用,"动力,舒适性,空间,价格",35,L6,理想,增程,299800,SUV,130.0,85.0,5,6.98
2454,厦门,20-30万,家用,"动力,舒适性,空间,价格",36,G6,小鹏,纯电动,236900,SUV,580.0,218.0,6,6.59
2455,厦门,20-30万,家用,"动力,舒适性,空间,价格",38,P7i,小鹏,纯电动,256900,轿车,706.0,203.0,7,5.89
2456,厦门,20-30万,家用,"动力,舒适性,空间,价格",41,M5,问界,增程,294800,SUV,200.0,142.0,8,5.53
2457,厦门,20-30万,商务,"动力,品牌,价格,性价比",3,汉EV,比亚迪,纯电动,274800,轿车,605.0,180.0,1,8.87
2458,厦门,20-30万,商务,"动力,品牌,价格,性价比",5,海豹,比亚迪,纯电动,229800,轿车,550.0,230.0,2,8.36
2459,厦门,20-30万,商务,"动力,品牌,价格,性价比",38,P7i,小鹏,纯电动,256900,轿车,706.0,203.0,3,8.18
2460,厦门,20-30万,商务,"动力,品牌,价格,性价比",47,007,极氪,纯电动,264000,轿车,688.0,229.0,4,7.66
2461,厦门,20-30万,商务,"动力,品牌,价格,性价比",66,SU7,小米,纯电动,257900,轿车,700.0,220.0,5,6.89
2462,厦门,20-30万,商务,"动力,品牌,价格,性价比",76,凯美瑞,丰田,燃油,208300,轿车,0,152.0,6,6.46
2463,厦门,20-30万,商务,"动力,品牌,价格,性价比",80,亚洲龙,丰田,油电混动,239800,轿车,0,131.0,7,5.87
2464,厦门,20-30万,商务,"动力,品牌,价格,性价比",81,雅阁,本田,油电混动,209800,轿车,0,143.0,8,5.34
2465,厦门,20-30万,长途,"品牌,性价比,动力,智能化",69,YU7,小米,纯电动,289900,SUV,830.0,320.0,1,8.83
2466,厦门,20-30万,长途,"品牌,性价比,动力,智能化",38,P7i,小鹏,纯电动,256900,轿车,706.0,203.0,2,8.42
2467,厦门,20-30万,长途,"品牌,性价比,动力,智能化",66,SU7,小米,纯电动,257900,轿车,700.0,220.0,3,8.02
2468,厦门,20-30万,长途,"品牌,性价比,动力,智能化",47,007,极氪,纯电动,264000,轿车,688.0,229.0,4,7.36
2469,厦门,20-30万,长途,"品牌,性价比,动力,智能化",48,X,极氪,纯电动,219000,SUV,670.0,200.0,5,7.16
2470,厦门,20-30万,长途,"品牌,性价比,动力,智能化",49,X YOU,极氪,纯电动,264000,SUV,670.0,200.0,6,6.43
2471,厦门,20-30万,长途,"品牌,性价比,动力,智能化",42,M5 EV,问界,纯电动,279800,SUV,620.0,165.0,7,5.95
2472,厦门,20-30万,长途,"品牌,性价比,动力,智能化",3,汉EV,比亚迪,纯电动,274800,轿车,605.0,180.0,8,5.69
2473,厦门,20-30万,越野,"空间,动力,智能化,品牌",18,坦克300,长城,燃油,254800,SUV,0,167.0,1,8.91
2474,厦门,20-30万,越野,"空间,动力,智能化,品牌",24,星途揽月,奇瑞,燃油,208900,SUV,0,192.0,2,8.35
2475,厦门,20-30万,越野,"空间,动力,智能化,品牌",35,L6,理想,增程,299800,SUV,130.0,85.0,3,8.09
2476,厦门,20-30万,越野,"空间,动力,智能化,品牌",36,G6,小鹏,纯电动,236900,SUV,580.0,218.0,4,7.49
2477,厦门,20-30万,越野,"空间,动力,智能化,品牌",41,M5,问界,增程,294800,SUV,200.0,142.0,5,7.1
2478,厦门,20-30万,越野,"空间,动力,智能化,品牌",42,M5 EV,问界,纯电动,279800,SUV,620.0,165.0,6,6.5
2479,厦门,20-30万,越野,"空间,动力,智能化,品牌",48,X,极氪,纯电动,219000,SUV,670.0,200.0,7,5.86
2480,厦门,20-30万,越野,"空间,动力,智能化,品牌",49,X YOU,极氪,纯电动,264000,SUV,670.0,200.0,8,5.46
2481,厦门,30万以上,通勤,"空间,价格,智能化,动力",10,极氪001,吉利,纯电动,319000,轿车,741.0,310.0,1,8.9
2482,厦门,30万以上,通勤,"空间,价格,智能化,动力",19,坦克500,长城,油电混动,365000,SUV,0,180.0,2,8.4
2483,厦门,30万以上,通勤,"空间,价格,智能化,动力",26,ET5,蔚来,纯电动,323300,轿车,550.0,300.0,3,8.12
2484,厦门,30万以上,通勤,"空间,价格,智能化,动力",27,ET7,蔚来,纯电动,497000,轿车,675.0,360.0,4,7.61
2485,厦门,30万以上,通勤,"空间,价格,智能化,动力",28,ES6,蔚来,纯电动,402000,SUV,625.0,400.0,5,7.04
2486,厦门,30万以上,通勤,"空间,价格,智能化,动力",29,ES8,蔚来,纯电动,587000,SUV,580.0,400.0,6,6.59
2487,厦门,30万以上,通勤,"空间,价格,智能化,动力",30,全新蔚来ES6,蔚来,纯电动,402000,SUV,625.0,400.0,7,5.87
2488,厦门,30万以上,通勤,"空间,价格,智能化,动力",31,L7,理想,增程,349800,SUV,210.0,110.0,8,5.48
2489,厦门,30万以上,家用,"性价比,价格,续航,智能化",10,极氪001,吉利,纯电动,319000,轿车,741.0,310.0,1,8.87
2490,厦门,30万以上,家用,"性价比,价格,续航,智能化",19,坦克500,长城,油电混动,365000,SUV,0,180.0,2,8.33
2491,厦门,30万以上,家用,"性价比,价格,续航,智能化",26,ET5,蔚来,纯电动,323300,轿车,550.0,300.0,3,7.82
2492,厦门,30万以上,家用,"性价比,价格,续航,智能化",27,ET7,蔚来,纯电动,497000,轿车,675.0,360.0,4,7.4
2493,厦门,30万以上,家用,"性价比,价格,续航,智能化",28,ES6,蔚来,纯电动,402000,SUV,625.0,400.0,5,7.16
2494,厦门,30万以上,家用,"性价比,价格,续航,智能化",29,ES8,蔚来,纯电动,587000,SUV,580.0,400.0,6,6.49
2495,厦门,30万以上,家用,"性价比,价格,续航,智能化",30,全新蔚来ES6,蔚来,纯电动,402000,SUV,625.0,400.0,7,6.01
2496,厦门,30万以上,家用,"性价比,价格,续航,智能化",31,L7,理想,增程,349800,SUV,210.0,110.0,8,5.5
2497,厦门,30万以上,商务,"续航,性价比,空间,动力",10,极氪001,吉利,纯电动,319000,轿车,741.0,310.0,1,8.86
2498,厦门,30万以上,商务,"续航,性价比,空间,动力",26,ET5,蔚来,纯电动,323300,轿车,550.0,300.0,2,8.68
2499,厦门,30万以上,商务,"续航,性价比,空间,动力",27,ET7,蔚来,纯电动,497000,轿车,675.0,360.0,3,8.18
2500,厦门,30万以上,商务,"续航,性价比,空间,动力",34,MEGA,理想,纯电动,579800,MPV,700.0,230.0,4,7.51
2501,厦门,30万以上,商务,"续航,性价比,空间,动力",39,X9,小鹏,纯电动,389900,MPV,702.0,230.0,5,6.85
2502,厦门,30万以上,商务,"续航,性价比,空间,动力",44,M8,问界,增程,379800,MPV,200.0,140.0,6,6.31
2503,厦门,30万以上,商务,"续航,性价比,空间,动力",46,001,极氪,纯电动,319000,轿车,741.0,310.0,7,6.07
2504,厦门,30万以上,商务,"续航,性价比,空间,动力",50,001 FR,极氪,纯电动,789000,轿车,550.0,1247.0,8,5.69
2505,厦门,30万以上,长途,"动力,品牌,性价比,空间",70,YU7 Pro,小米,纯电动,364900,SUV,830.0,320.0,1,9.09
2506,厦门,30万以上,长途,"动力,品牌,性价比,空间",10,极氪001,吉利,纯电动,319000,轿车,741.0,310.0,2,8.59
2507,厦门,30万以上,长途,"动力,品牌,性价比,空间",46,001,极氪,纯电动,319000,轿车,741.0,310.0,3,7.82
2508,厦门,30万以上,长途,"动力,品牌,性价比,空间",128,Model S,特斯拉,纯电动,853900,轿车,715.0,371.0,4,7.38
2509,厦门,30万以上,长途,"动力,品牌,性价比,空间",37,G9,小鹏,纯电动,389900,SUV,702.0,316.0,5,6.82
2510,厦门,30万以上,长途,"动力,品牌,性价比,空间",39,X9,小鹏,纯电动,389900,MPV,702.0,230.0,6,6.32
2511,厦门,30万以上,长途,"动力,品牌,性价比,空间",34,MEGA,理想,纯电动,579800,MPV,700.0,230.0,7,6.1
2512,厦门,30万以上,长途,"动力,品牌,性价比,空间",67,SU7 Max,小米,纯电动,334900,轿车,700.0,425.0,8,5.5
2513,厦门,30万以上,越野,"性价比,智能化,品牌,舒适性",19,坦克500,长城,油电混动,365000,SUV,0,180.0,1,9.15
2514,厦门,30万以上,越野,"性价比,智能化,品牌,舒适性",28,ES6,蔚来,纯电动,402000,SUV,625.0,400.0,2,8.48
2515,厦门,30万以上,越野,"性价比,智能化,品牌,舒适性",29,ES8,蔚来,纯电动,587000,SUV,580.0,400.0,3,8.07
2516,厦门,30万以上,越野,"性价比,智能化,品牌,舒适性",30,全新蔚来ES6,蔚来,纯电动,402000,SUV,625.0,400.0,4,7.58
2517,厦门,30万以上,越野,"性价比,智能化,品牌,舒适性",31,L7,理想,增程,349800,SUV,210.0,110.0,5,7.09
2518,厦门,30万以上,越野,"性价比,智能化,品牌,舒适性",32,L8,理想,增程,369800,SUV,210.0,110.0,6,6.65
2519,厦门,30万以上,越野,"性价比,智能化,品牌,舒适性",33,L9,理想,增程,444800,SUV,210.0,110.0,7,6.07
2520,厦门,30万以上,越野,"性价比,智能化,品牌,舒适性",37,G9,小鹏,纯电动,389900,SUV,702.0,316.0,8,5.44
2521,福州,5-10万,通勤,"空间,舒适性,智能化,性价比",15,逸动PLUS,长安,燃油,92400,轿车,0,118.0,1,9.17
2522,福州,5-10万,通勤,"空间,舒适性,智能化,性价比",58,T03,零跑,纯电动,79800,轿车,403.0,95.0,2,8.62
2523,福州,5-10万,通勤,"空间,舒适性,智能化,性价比",61,S,哪吒,纯电动,79800,轿车,318.0,70.0,3,8.17
2524,福州,5-10万,通勤,"空间,舒适性,智能化,性价比",64,AYA,哪吒,纯电动,74800,轿车,318.0,70.0,4,7.62
2525,福州,5-10万,家用,"价格,续航,性价比,动力",15,逸动PLUS,长安,燃油,92400,轿车,0,118.0,1,9.19
2526,福州,5-10万,家用,"价格,续航,性价比,动力",58,T03,零跑,纯电动,79800,轿车,403.0,95.0,2,8.39
2527,福州,5-10万,家用,"价格,续航,性价比,动力",61,S,哪吒,纯电动,79800,轿车,318.0,70.0,3,7.96
2528,福州,5-10万,家用,"价格,续航,性价比,动力",64,AYA,哪吒,纯电动,74800,轿车,318.0,70.0,4,7.33
2529,福州,5-10万,商务,"舒适性,价格,空间,品牌",15,逸动PLUS,长安,燃油,92400,轿车,0,118.0,1,8.94
2530,福州,5-10万,商务,"舒适性,价格,空间,品牌",58,T03,零跑,纯电动,79800,轿车,403.0,95.0,2,8.65
2531,福州,5-10万,商务,"舒适性,价格,空间,品牌",61,S,哪吒,纯电动,79800,轿车,318.0,70.0,3,8.18
2532,福州,5-10万,商务,"舒适性,价格,空间,品牌",64,AYA,哪吒,纯电动,74800,轿车,318.0,70.0,4,7.65
2533,福州,5-10万,长途,"续航,价格,性价比,智能化",58,T03,零跑,纯电动,79800,轿车,403.0,95.0,1,8.87
2534,福州,5-10万,长途,"续航,价格,性价比,智能化",61,S,哪吒,纯电动,79800,轿车,318.0,70.0,2,8.67
2535,福州,5-10万,长途,"续航,价格,性价比,智能化",64,AYA,哪吒,纯电动,74800,轿车,318.0,70.0,3,8.18
2536,福州,5-10万,长途,"续航,价格,性价比,智能化",15,逸动PLUS,长安,燃油,92400,轿车,0,118.0,4,7.6
2537,福州,5-10万,越野,"价格,性价比,动力,续航",15,逸动PLUS,长安,燃油,92400,轿车,0,118.0,1,8.99
2538,福州,5-10万,越野,"价格,性价比,动力,续航",58,T03,零跑,纯电动,79800,轿车,403.0,95.0,2,8.56
2539,福州,5-10万,越野,"价格,性价比,动力,续航",61,S,哪吒,纯电动,79800,轿车,318.0,70.0,3,8.09
2540,福州,5-10万,越野,"价格,性价比,动力,续航",64,AYA,哪吒,纯电动,74800,轿车,318.0,70.0,4,7.38
2541,福州,10-20万,通勤,"空间,价格,智能化,性价比",1,秦PLUS,比亚迪,插电混动,139800,轿车,120.0,132.0,1,9.2
2542,福州,10-20万,通勤,"空间,价格,智能化,性价比",2,秦PLUS EV,比亚迪,纯电动,134800,轿车,510.0,135.0,2,8.33
2543,福州,10-20万,通勤,"空间,价格,智能化,性价比",4,宋PLUS DM-i,比亚迪,插电混动,174800,SUV,110.0,145.0,3,8.07
2544,福州,10-20万,通勤,"空间,价格,智能化,性价比",6,星瑞,吉利,燃油,131700,轿车,0,140.0,4,7.5
2545,福州,10-20万,通勤,"空间,价格,智能化,性价比",7,博越L,吉利,燃油,148200,SUV,0,160.0,5,7.04
2546,福州,10-20万,通勤,"空间,价格,智能化,性价比",8,帝豪L Hi·P,吉利,插电混动,160800,轿车,100.0,135.0,6,6.35
2547,福州,10-20万,通勤,"空间,价格,智能化,性价比",9,银河L7,吉利,插电混动,162200,SUV,115.0,120.0,7,5.96
2548,福州,10-20万,通勤,"空间,价格,智能化,性价比",11,UNI-V,长安,燃油,124400,轿车,0,138.0,8,5.55
2549,福州,10-20万,家用,"动力,价格,续航,舒适性",1,秦PLUS,比亚迪,插电混动,139800,轿车,120.0,132.0,1,8.85
2550,福州,10-20万,家用,"动力,价格,续航,舒适性",2,秦PLUS EV,比亚迪,纯电动,134800,轿车,510.0,135.0,2,8.57
2551,福州,10-20万,家用,"动力,价格,续航,舒适性",4,宋PLUS DM-i,比亚迪,插电混动,174800,SUV,110.0,145.0,3,8.08
2552,福州,10-20万,家用,"动力,价格,续航,舒适性",6,星瑞,吉利,燃油,131700,轿车,0,140.0,4,7.48
2553,福州,10-20万,家用,"动力,价格,续航,舒适性",7,博越L,吉利,燃油,148200,SUV,0,160.0,5,6.99
2554,福州,10-20万,家用,"动力,价格,续航,舒适性",8,帝豪L Hi·P,吉利,插电混动,160800,轿车,100.0,135.0,6,6.56
2555,福州,10-20万,家用,"动力,价格,续航,舒适性",9,银河L7,吉利,插电混动,162200,SUV,115.0,120.0,7,5.82
2556,福州,10-20万,家用,"动力,价格,续航,舒适性",11,UNI-V,长安,燃油,124400,轿车,0,138.0,8,5.54
2557,福州,10-20万,商务,"续航,价格,品牌,空间",1,秦PLUS,比亚迪,插电混动,139800,轿车,120.0,132.0,1,8.96
2558,福州,10-20万,商务,"续航,价格,品牌,空间",2,秦PLUS EV,比亚迪,纯电动,134800,轿车,510.0,135.0,2,8.35
2559,福州,10-20万,商务,"续航,价格,品牌,空间",6,星瑞,吉利,燃油,131700,轿车,0,140.0,3,7.87
2560,福州,10-20万,商务,"续航,价格,品牌,空间",8,帝豪L Hi·P,吉利,插电混动,160800,轿车,100.0,135.0,4,7.35
2561,福州,10-20万,商务,"续航,价格,品牌,空间",11,UNI-V,长安,燃油,124400,轿车,0,138.0,5,7.09
2562,福州,10-20万,商务,"续航,价格,品牌,空间",13,深蓝SL03,长安,纯电动,169400,轿车,570.0,190.0,6,6.48
2563,福州,10-20万,商务,"续航,价格,品牌,空间",20,欧拉好猫,长城,纯电动,134800,轿车,401.0,105.0,7,6.09
2564,福州,10-20万,商务,"续航,价格,品牌,空间",21,艾瑞泽8,奇瑞,燃油,122900,轿车,0,156.0,8,5.56
2565,福州,10-20万,长途,"性价比,续航,品牌,智能化",56,C01,零跑,纯电动,179800,轿车,717.0,200.0,1,9.1
2566,福州,10-20万,长途,"性价比,续航,品牌,智能化",57,C11,零跑,纯电动,189800,SUV,650.0,200.0,2,8.39
2567,福州,10-20万,长途,"性价比,续航,品牌,智能化",63,GT,哪吒,纯电动,179800,轿车,580.0,170.0,3,7.92
2568,福州,10-20万,长途,"性价比,续航,品牌,智能化",13,深蓝SL03,长安,纯电动,169400,轿车,570.0,190.0,4,7.38
2569,福州,10-20万,长途,"性价比,续航,品牌,智能化",60,C10,零跑,纯电动,148800,SUV,520.0,160.0,5,6.95
2570,福州,10-20万,长途,"性价比,续航,品牌,智能化",40,Mona M03,小鹏,纯电动,154800,轿车,515.0,170.0,6,6.38
2571,福州,10-20万,长途,"性价比,续航,品牌,智能化",2,秦PLUS EV,比亚迪,纯电动,134800,轿车,510.0,135.0,7,5.81
2572,福州,10-20万,长途,"性价比,续航,品牌,智能化",59,S01,零跑,纯电动,129800,跑车,510.0,170.0,8,5.37
2573,福州,10-20万,越野,"智能化,品牌,性价比,价格",4,宋PLUS DM-i,比亚迪,插电混动,174800,SUV,110.0,145.0,1,8.86
2574,福州,10-20万,越野,"智能化,品牌,性价比,价格",7,博越L,吉利,燃油,148200,SUV,0,160.0,2,8.61
2575,福州,10-20万,越野,"智能化,品牌,性价比,价格",9,银河L7,吉利,插电混动,162200,SUV,115.0,120.0,3,7.87
2576,福州,10-20万,越野,"智能化,品牌,性价比,价格",12,UNI-K,长安,燃油,167400,SUV,0,233.0,4,7.34
2577,福州,10-20万,越野,"智能化,品牌,性价比,价格",14,深蓝S7,长安,增程,183900,SUV,200.0,160.0,5,6.81
2578,福州,10-20万,越野,"智能化,品牌,性价比,价格",16,哈弗H6,长城,燃油,129350,SUV,0,135.0,6,6.52
2579,福州,10-20万,越野,"智能化,品牌,性价比,价格",17,哈弗枭龙MAX,长城,插电混动,159800,SUV,81.0,150.0,7,5.96
2580,福州,10-20万,越野,"智能化,品牌,性价比,价格",22,瑞虎8 PRO,奇瑞,燃油,156400,SUV,0,187.0,8,5.51
2581,福州,20-30万,通勤,"舒适性,品牌,价格,智能化",3,汉EV,比亚迪,纯电动,274800,轿车,605.0,180.0,1,9.07
2582,福州,20-30万,通勤,"舒适性,品牌,价格,智能化",5,海豹,比亚迪,纯电动,229800,轿车,550.0,230.0,2,8.69
2583,福州,20-30万,通勤,"舒适性,品牌,价格,智能化",18,坦克300,长城,燃油,254800,SUV,0,167.0,3,7.86
2584,福州,20-30万,通勤,"舒适性,品牌,价格,智能化",24,星途揽月,奇瑞,燃油,208900,SUV,0,192.0,4,7.41
2585,福州,20-30万,通勤,"舒适性,品牌,价格,智能化",35,L6,理想,增程,299800,SUV,130.0,85.0,5,6.85
2586,福州,20-30万,通勤,"舒适性,品牌,价格,智能化",36,G6,小鹏,纯电动,236900,SUV,580.0,218.0,6,6.64
2587,福州,20-30万,通勤,"舒适性,品牌,价格,智能化",38,P7i,小鹏,纯电动,256900,轿车,706.0,203.0,7,6.04
2588,福州,20-30万,通勤,"舒适性,品牌,价格,智能化",41,M5,问界,增程,294800,SUV,200.0,142.0,8,5.58
2589,福州,20-30万,家用,"舒适性,动力,性价比,空间",3,汉EV,比亚迪,纯电动,274800,轿车,605.0,180.0,1,9.14
2590,福州,20-30万,家用,"舒适性,动力,性价比,空间",5,海豹,比亚迪,纯电动,229800,轿车,550.0,230.0,2,8.33
2591,福州,20-30万,家用,"舒适性,动力,性价比,空间",18,坦克300,长城,燃油,254800,SUV,0,167.0,3,8.1
2592,福州,20-30万,家用,"舒适性,动力,性价比,空间",24,星途揽月,奇瑞,燃油,208900,SUV,0,192.0,4,7.56
2593,福州,20-30万,家用,"舒适性,动力,性价比,空间",35,L6,理想,增程,299800,SUV,130.0,85.0,5,7.12
2594,福州,20-30万,家用,"舒适性,动力,性价比,空间",36,G6,小鹏,纯电动,236900,SUV,580.0,218.0,6,6.39
2595,福州,20-30万,家用,"舒适性,动力,性价比,空间",38,P7i,小鹏,纯电动,256900,轿车,706.0,203.0,7,6.07
2596,福州,20-30万,家用,"舒适性,动力,性价比,空间",41,M5,问界,增程,294800,SUV,200.0,142.0,8,5.54
2597,福州,20-30万,商务,"动力,品牌,舒适性,智能化",3,汉EV,比亚迪,纯电动,274800,轿车,605.0,180.0,1,9.0
2598,福州,20-30万,商务,"动力,品牌,舒适性,智能化",5,海豹,比亚迪,纯电动,229800,轿车,550.0,230.0,2,8.31
2599,福州,20-30万,商务,"动力,品牌,舒适性,智能化",38,P7i,小鹏,纯电动,256900,轿车,706.0,203.0,3,7.84
2600,福州,20-30万,商务,"动力,品牌,舒适性,智能化",47,007,极氪,纯电动,264000,轿车,688.0,229.0,4,7.69
2601,福州,20-30万,商务,"动力,品牌,舒适性,智能化",66,SU7,小米,纯电动,257900,轿车,700.0,220.0,5,6.85
2602,福州,20-30万,商务,"动力,品牌,舒适性,智能化",76,凯美瑞,丰田,燃油,208300,轿车,0,152.0,6,6.41
2603,福州,20-30万,商务,"动力,品牌,舒适性,智能化",80,亚洲龙,丰田,油电混动,239800,轿车,0,131.0,7,5.97
2604,福州,20-30万,商务,"动力,品牌,舒适性,智能化",81,雅阁,本田,油电混动,209800,轿车,0,143.0,8,5.44
2605,福州,20-30万,长途,"舒适性,智能化,动力,空间",69,YU7,小米,纯电动,289900,SUV,830.0,320.0,1,8.92
2606,福州,20-30万,长途,"舒适性,智能化,动力,空间",38,P7i,小鹏,纯电动,256900,轿车,706.0,203.0,2,8.67
2607,福州,20-30万,长途,"舒适性,智能化,动力,空间",66,SU7,小米,纯电动,257900,轿车,700.0,220.0,3,7.88
2608,福州,20-30万,长途,"舒适性,智能化,动力,空间",47,007,极氪,纯电动,264000,轿车,688.0,229.0,4,7.31
2609,福州,20-30万,长途,"舒适性,智能化,动力,空间",48,X,极氪,纯电动,219000,SUV,670.0,200.0,5,7.18
2610,福州,20-30万,长途,"舒适性,智能化,动力,空间",49,X YOU,极氪,纯电动,264000,SUV,670.0,200.0,6,6.66
2611,福州,20-30万,长途,"舒适性,智能化,动力,空间",42,M5 EV,问界,纯电动,279800,SUV,620.0,165.0,7,6.11
2612,福州,20-30万,长途,"舒适性,智能化,动力,空间",3,汉EV,比亚迪,纯电动,274800,轿车,605.0,180.0,8,5.31
2613,福州,20-30万,越野,"性价比,价格,空间,品牌",18,坦克300,长城,燃油,254800,SUV,0,167.0,1,8.94
2614,福州,20-30万,越野,"性价比,价格,空间,品牌",24,星途揽月,奇瑞,燃油,208900,SUV,0,192.0,2,8.36
2615,福州,20-30万,越野,"性价比,价格,空间,品牌",35,L6,理想,增程,299800,SUV,130.0,85.0,3,7.89
2616,福州,20-30万,越野,"性价比,价格,空间,品牌",36,G6,小鹏,纯电动,236900,SUV,580.0,218.0,4,7.5
2617,福州,20-30万,越野,"性价比,价格,空间,品牌",41,M5,问界,增程,294800,SUV,200.0,142.0,5,6.82
2618,福州,20-30万,越野,"性价比,价格,空间,品牌",42,M5 EV,问界,纯电动,279800,SUV,620.0,165.0,6,6.54
2619,福州,20-30万,越野,"性价比,价格,空间,品牌",48,X,极氪,纯电动,219000,SUV,670.0,200.0,7,5.82
2620,福州,20-30万,越野,"性价比,价格,空间,品牌",49,X YOU,极氪,纯电动,264000,SUV,670.0,200.0,8,5.59
2621,福州,30万以上,通勤,"续航,空间,品牌,智能化",10,极氪001,吉利,纯电动,319000,轿车,741.0,310.0,1,8.81
2622,福州,30万以上,通勤,"续航,空间,品牌,智能化",19,坦克500,长城,油电混动,365000,SUV,0,180.0,2,8.39
2623,福州,30万以上,通勤,"续航,空间,品牌,智能化",26,ET5,蔚来,纯电动,323300,轿车,550.0,300.0,3,7.85
2624,福州,30万以上,通勤,"续航,空间,品牌,智能化",27,ET7,蔚来,纯电动,497000,轿车,675.0,360.0,4,7.41
2625,福州,30万以上,通勤,"续航,空间,品牌,智能化",28,ES6,蔚来,纯电动,402000,SUV,625.0,400.0,5,7.06
2626,福州,30万以上,通勤,"续航,空间,品牌,智能化",29,ES8,蔚来,纯电动,587000,SUV,580.0,400.0,6,6.66
2627,福州,30万以上,通勤,"续航,空间,品牌,智能化",30,全新蔚来ES6,蔚来,纯电动,402000,SUV,625.0,400.0,7,5.94
2628,福州,30万以上,通勤,"续航,空间,品牌,智能化",31,L7,理想,增程,349800,SUV,210.0,110.0,8,5.4
2629,福州,30万以上,家用,"动力,品牌,舒适性,价格",10,极氪001,吉利,纯电动,319000,轿车,741.0,310.0,1,8.89
2630,福州,30万以上,家用,"动力,品牌,舒适性,价格",19,坦克500,长城,油电混动,365000,SUV,0,180.0,2,8.58
2631,福州,30万以上,家用,"动力,品牌,舒适性,价格",26,ET5,蔚来,纯电动,323300,轿车,550.0,300.0,3,7.91
2632,福州,30万以上,家用,"动力,品牌,舒适性,价格",27,ET7,蔚来,纯电动,497000,轿车,675.0,360.0,4,7.4
2633,福州,30万以上,家用,"动力,品牌,舒适性,价格",28,ES6,蔚来,纯电动,402000,SUV,625.0,400.0,5,6.85
2634,福州,30万以上,家用,"动力,品牌,舒适性,价格",29,ES8,蔚来,纯电动,587000,SUV,580.0,400.0,6,6.55
2635,福州,30万以上,家用,"动力,品牌,舒适性,价格",30,全新蔚来ES6,蔚来,纯电动,402000,SUV,625.0,400.0,7,6.16
2636,福州,30万以上,家用,"动力,品牌,舒适性,价格",31,L7,理想,增程,349800,SUV,210.0,110.0,8,5.46
2637,福州,30万以上,商务,"性价比,智能化,舒适性,空间",10,极氪001,吉利,纯电动,319000,轿车,741.0,310.0,1,8.95
2638,福州,30万以上,商务,"性价比,智能化,舒适性,空间",26,ET5,蔚来,纯电动,323300,轿车,550.0,300.0,2,8.66
2639,福州,30万以上,商务,"性价比,智能化,舒适性,空间",27,ET7,蔚来,纯电动,497000,轿车,675.0,360.0,3,7.92
2640,福州,30万以上,商务,"性价比,智能化,舒适性,空间",34,MEGA,理想,纯电动,579800,MPV,700.0,230.0,4,7.33
2641,福州,30万以上,商务,"性价比,智能化,舒适性,空间",39,X9,小鹏,纯电动,389900,MPV,702.0,230.0,5,6.98
2642,福州,30万以上,商务,"性价比,智能化,舒适性,空间",44,M8,问界,增程,379800,MPV,200.0,140.0,6,6.57
2643,福州,30万以上,商务,"性价比,智能化,舒适性,空间",46,001,极氪,纯电动,319000,轿车,741.0,310.0,7,6.2
2644,福州,30万以上,商务,"性价比,智能化,舒适性,空间",50,001 FR,极氪,纯电动,789000,轿车,550.0,1247.0,8,5.45
2645,福州,30万以上,长途,"品牌,性价比,续航,舒适性",70,YU7 Pro,小米,纯电动,364900,SUV,830.0,320.0,1,8.9
2646,福州,30万以上,长途,"品牌,性价比,续航,舒适性",10,极氪001,吉利,纯电动,319000,轿车,741.0,310.0,2,8.64
2647,福州,30万以上,长途,"品牌,性价比,续航,舒适性",46,001,极氪,纯电动,319000,轿车,741.0,310.0,3,7.85
2648,福州,30万以上,长途,"品牌,性价比,续航,舒适性",128,Model S,特斯拉,纯电动,853900,轿车,715.0,371.0,4,7.62
2649,福州,30万以上,长途,"品牌,性价比,续航,舒适性",37,G9,小鹏,纯电动,389900,SUV,702.0,316.0,5,6.98
2650,福州,30万以上,长途,"品牌,性价比,续航,舒适性",39,X9,小鹏,纯电动,389900,MPV,702.0,230.0,6,6.3
2651,福州,30万以上,长途,"品牌,性价比,续航,舒适性",34,MEGA,理想,纯电动,579800,MPV,700.0,230.0,7,5.82
2652,福州,30万以上,长途,"品牌,性价比,续航,舒适性",67,SU7 Max,小米,纯电动,334900,轿车,700.0,425.0,8,5.32
2653,福州,30万以上,越野,"续航,品牌,智能化,价格",19,坦克500,长城,油电混动,365000,SUV,0,180.0,1,8.82
2654,福州,30万以上,越野,"续航,品牌,智能化,价格",28,ES6,蔚来,纯电动,402000,SUV,625.0,400.0,2,8.31
2655,福州,30万以上,越野,"续航,品牌,智能化,价格",29,ES8,蔚来,纯电动,587000,SUV,580.0,400.0,3,8.16
2656,福州,30万以上,越野,"续航,品牌,智能化,价格",30,全新蔚来ES6,蔚来,纯电动,402000,SUV,625.0,400.0,4,7.62
2657,福州,30万以上,越野,"续航,品牌,智能化,价格",31,L7,理想,增程,349800,SUV,210.0,110.0,5,7.02
2658,福州,30万以上,越野,"续航,品牌,智能化,价格",32,L8,理想,增程,369800,SUV,210.0,110.0,6,6.34
2659,福州,30万以上,越野,"续航,品牌,智能化,价格",33,L9,理想,增程,444800,SUV,210.0,110.0,7,5.96
2660,福州,30万以上,越野,"续航,品牌,智能化,价格",37,G9,小鹏,纯电动,389900,SUV,702.0,316.0,8,5.61
2661,济南,5-10万,通勤,"续航,空间,性价比,品牌",15,逸动PLUS,长安,燃油,92400,轿车,0,118.0,1,9.01
2662,济南,5-10万,通勤,"续航,空间,性价比,品牌",58,T03,零跑,纯电动,79800,轿车,403.0,95.0,2,8.52
2663,济南,5-10万,通勤,"续航,空间,性价比,品牌",61,S,哪吒,纯电动,79800,轿车,318.0,70.0,3,8.01
2664,济南,5-10万,通勤,"续航,空间,性价比,品牌",64,AYA,哪吒,纯电动,74800,轿车,318.0,70.0,4,7.62
2665,济南,5-10万,家用,"舒适性,空间,价格,续航",15,逸动PLUS,长安,燃油,92400,轿车,0,118.0,1,9.04
2666,济南,5-10万,家用,"舒适性,空间,价格,续航",58,T03,零跑,纯电动,79800,轿车,403.0,95.0,2,8.65
2667,济南,5-10万,家用,"舒适性,空间,价格,续航",61,S,哪吒,纯电动,79800,轿车,318.0,70.0,3,7.84
2668,济南,5-10万,家用,"舒适性,空间,价格,续航",64,AYA,哪吒,纯电动,74800,轿车,318.0,70.0,4,7.44
2669,济南,5-10万,商务,"价格,空间,性价比,续航",15,逸动PLUS,长安,燃油,92400,轿车,0,118.0,1,9.0
2670,济南,5-10万,商务,"价格,空间,性价比,续航",58,T03,零跑,纯电动,79800,轿车,403.0,95.0,2,8.46
2671,济南,5-10万,商务,"价格,空间,性价比,续航",61,S,哪吒,纯电动,79800,轿车,318.0,70.0,3,7.84
2672,济南,5-10万,商务,"价格,空间,性价比,续航",64,AYA,哪吒,纯电动,74800,轿车,318.0,70.0,4,7.32
2673,济南,5-10万,长途,"空间,动力,价格,舒适性",58,T03,零跑,纯电动,79800,轿车,403.0,95.0,1,9.13
2674,济南,5-10万,长途,"空间,动力,价格,舒适性",61,S,哪吒,纯电动,79800,轿车,318.0,70.0,2,8.42
2675,济南,5-10万,长途,"空间,动力,价格,舒适性",64,AYA,哪吒,纯电动,74800,轿车,318.0,70.0,3,8.19
2676,济南,5-10万,长途,"空间,动力,价格,舒适性",15,逸动PLUS,长安,燃油,92400,轿车,0,118.0,4,7.68
2677,济南,5-10万,越野,"性价比,动力,续航,空间",15,逸动PLUS,长安,燃油,92400,轿车,0,118.0,1,8.87
2678,济南,5-10万,越野,"性价比,动力,续航,空间",58,T03,零跑,纯电动,79800,轿车,403.0,95.0,2,8.58
2679,济南,5-10万,越野,"性价比,动力,续航,空间",61,S,哪吒,纯电动,79800,轿车,318.0,70.0,3,7.81
2680,济南,5-10万,越野,"性价比,动力,续航,空间",64,AYA,哪吒,纯电动,74800,轿车,318.0,70.0,4,7.53
2681,济南,10-20万,通勤,"动力,性价比,智能化,舒适性",1,秦PLUS,比亚迪,插电混动,139800,轿车,120.0,132.0,1,9.07
2682,济南,10-20万,通勤,"动力,性价比,智能化,舒适性",2,秦PLUS EV,比亚迪,纯电动,134800,轿车,510.0,135.0,2,8.48
2683,济南,10-20万,通勤,"动力,性价比,智能化,舒适性",4,宋PLUS DM-i,比亚迪,插电混动,174800,SUV,110.0,145.0,3,8.08
2684,济南,10-20万,通勤,"动力,性价比,智能化,舒适性",6,星瑞,吉利,燃油,131700,轿车,0,140.0,4,7.54
2685,济南,10-20万,通勤,"动力,性价比,智能化,舒适性",7,博越L,吉利,燃油,148200,SUV,0,160.0,5,7.0
2686,济南,10-20万,通勤,"动力,性价比,智能化,舒适性",8,帝豪L Hi·P,吉利,插电混动,160800,轿车,100.0,135.0,6,6.38
2687,济南,10-20万,通勤,"动力,性价比,智能化,舒适性",9,银河L7,吉利,插电混动,162200,SUV,115.0,120.0,7,6.02
2688,济南,10-20万,通勤,"动力,性价比,智能化,舒适性",11,UNI-V,长安,燃油,124400,轿车,0,138.0,8,5.43
2689,济南,10-20万,家用,"空间,智能化,性价比,续航",1,秦PLUS,比亚迪,插电混动,139800,轿车,120.0,132.0,1,9.13
2690,济南,10-20万,家用,"空间,智能化,性价比,续航",2,秦PLUS EV,比亚迪,纯电动,134800,轿车,510.0,135.0,2,8.67
2691,济南,10-20万,家用,"空间,智能化,性价比,续航",4,宋PLUS DM-i,比亚迪,插电混动,174800,SUV,110.0,145.0,3,7.98
2692,济南,10-20万,家用,"空间,智能化,性价比,续航",6,星瑞,吉利,燃油,131700,轿车,0,140.0,4,7.4
2693,济南,10-20万,家用,"空间,智能化,性价比,续航",7,博越L,吉利,燃油,148200,SUV,0,160.0,5,6.97
2694,济南,10-20万,家用,"空间,智能化,性价比,续航",8,帝豪L Hi·P,吉利,插电混动,160800,轿车,100.0,135.0,6,6.46
2695,济南,10-20万,家用,"空间,智能化,性价比,续航",9,银河L7,吉利,插电混动,162200,SUV,115.0,120.0,7,6.13
2696,济南,10-20万,家用,"空间,智能化,性价比,续航",11,UNI-V,长安,燃油,124400,轿车,0,138.0,8,5.33
2697,济南,10-20万,商务,"续航,智能化,性价比,舒适性",1,秦PLUS,比亚迪,插电混动,139800,轿车,120.0,132.0,1,9.08
2698,济南,10-20万,商务,"续航,智能化,性价比,舒适性",2,秦PLUS EV,比亚迪,纯电动,134800,轿车,510.0,135.0,2,8.49
2699,济南,10-20万,商务,"续航,智能化,性价比,舒适性",6,星瑞,吉利,燃油,131700,轿车,0,140.0,3,7.81
2700,济南,10-20万,商务,"续航,智能化,性价比,舒适性",8,帝豪L Hi·P,吉利,插电混动,160800,轿车,100.0,135.0,4,7.69
2701,济南,10-20万,商务,"续航,智能化,性价比,舒适性",11,UNI-V,长安,燃油,124400,轿车,0,138.0,5,6.96
2702,济南,10-20万,商务,"续航,智能化,性价比,舒适性",13,深蓝SL03,长安,纯电动,169400,轿车,570.0,190.0,6,6.47
2703,济南,10-20万,商务,"续航,智能化,性价比,舒适性",20,欧拉好猫,长城,纯电动,134800,轿车,401.0,105.0,7,5.92
2704,济南,10-20万,商务,"续航,智能化,性价比,舒适性",21,艾瑞泽8,奇瑞,燃油,122900,轿车,0,156.0,8,5.43
2705,济南,10-20万,长途,"价格,品牌,性价比,舒适性",56,C01,零跑,纯电动,179800,轿车,717.0,200.0,1,8.82
2706,济南,10-20万,长途,"价格,品牌,性价比,舒适性",57,C11,零跑,纯电动,189800,SUV,650.0,200.0,2,8.54
2707,济南,10-20万,长途,"价格,品牌,性价比,舒适性",63,GT,哪吒,纯电动,179800,轿车,580.0,170.0,3,8.07
2708,济南,10-20万,长途,"价格,品牌,性价比,舒适性",13,深蓝SL03,长安,纯电动,169400,轿车,570.0,190.0,4,7.35
2709,济南,10-20万,长途,"价格,品牌,性价比,舒适性",60,C10,零跑,纯电动,148800,SUV,520.0,160.0,5,6.9
2710,济南,10-20万,长途,"价格,品牌,性价比,舒适性",40,Mona M03,小鹏,纯电动,154800,轿车,515.0,170.0,6,6.31
2711,济南,10-20万,长途,"价格,品牌,性价比,舒适性",2,秦PLUS EV,比亚迪,纯电动,134800,轿车,510.0,135.0,7,6.06
2712,济南,10-20万,长途,"价格,品牌,性价比,舒适性",59,S01,零跑,纯电动,129800,跑车,510.0,170.0,8,5.53
2713,济南,10-20万,越野,"续航,品牌,舒适性,智能化",4,宋PLUS DM-i,比亚迪,插电混动,174800,SUV,110.0,145.0,1,9.1
2714,济南,10-20万,越野,"续航,品牌,舒适性,智能化",7,博越L,吉利,燃油,148200,SUV,0,160.0,2,8.64
2715,济南,10-20万,越野,"续航,品牌,舒适性,智能化",9,银河L7,吉利,插电混动,162200,SUV,115.0,120.0,3,8.05
2716,济南,10-20万,越野,"续航,品牌,舒适性,智能化",12,UNI-K,长安,燃油,167400,SUV,0,233.0,4,7.41
2717,济南,10-20万,越野,"续航,品牌,舒适性,智能化",14,深蓝S7,长安,增程,183900,SUV,200.0,160.0,5,6.8
2718,济南,10-20万,越野,"续航,品牌,舒适性,智能化",16,哈弗H6,长城,燃油,129350,SUV,0,135.0,6,6.4
2719,济南,10-20万,越野,"续航,品牌,舒适性,智能化",17,哈弗枭龙MAX,长城,插电混动,159800,SUV,81.0,150.0,7,6.2
2720,济南,10-20万,越野,"续航,品牌,舒适性,智能化",22,瑞虎8 PRO,奇瑞,燃油,156400,SUV,0,187.0,8,5.33
2721,济南,20-30万,通勤,"动力,价格,性价比,智能化",3,汉EV,比亚迪,纯电动,274800,轿车,605.0,180.0,1,9.04
2722,济南,20-30万,通勤,"动力,价格,性价比,智能化",5,海豹,比亚迪,纯电动,229800,轿车,550.0,230.0,2,8.32
2723,济南,20-30万,通勤,"动力,价格,性价比,智能化",18,坦克300,长城,燃油,254800,SUV,0,167.0,3,8.04
2724,济南,20-30万,通勤,"动力,价格,性价比,智能化",24,星途揽月,奇瑞,燃油,208900,SUV,0,192.0,4,7.56
2725,济南,20-30万,通勤,"动力,价格,性价比,智能化",35,L6,理想,增程,299800,SUV,130.0,85.0,5,7.04
2726,济南,20-30万,通勤,"动力,价格,性价比,智能化",36,G6,小鹏,纯电动,236900,SUV,580.0,218.0,6,6.5
2727,济南,20-30万,通勤,"动力,价格,性价比,智能化",38,P7i,小鹏,纯电动,256900,轿车,706.0,203.0,7,6.17
2728,济南,20-30万,通勤,"动力,价格,性价比,智能化",41,M5,问界,增程,294800,SUV,200.0,142.0,8,5.61
2729,济南,20-30万,家用,"性价比,舒适性,续航,价格",3,汉EV,比亚迪,纯电动,274800,轿车,605.0,180.0,1,8.88
2730,济南,20-30万,家用,"性价比,舒适性,续航,价格",5,海豹,比亚迪,纯电动,229800,轿车,550.0,230.0,2,8.54
2731,济南,20-30万,家用,"性价比,舒适性,续航,价格",18,坦克300,长城,燃油,254800,SUV,0,167.0,3,8.07
2732,济南,20-30万,家用,"性价比,舒适性,续航,价格",24,星途揽月,奇瑞,燃油,208900,SUV,0,192.0,4,7.63
2733,济南,20-30万,家用,"性价比,舒适性,续航,价格",35,L6,理想,增程,299800,SUV,130.0,85.0,5,6.95
2734,济南,20-30万,家用,"性价比,舒适性,续航,价格",36,G6,小鹏,纯电动,236900,SUV,580.0,218.0,6,6.52
2735,济南,20-30万,家用,"性价比,舒适性,续航,价格",38,P7i,小鹏,纯电动,256900,轿车,706.0,203.0,7,5.92
2736,济南,20-30万,家用,"性价比,舒适性,续航,价格",41,M5,问界,增程,294800,SUV,200.0,142.0,8,5.46
2737,济南,20-30万,商务,"品牌,价格,续航,舒适性",3,汉EV,比亚迪,纯电动,274800,轿车,605.0,180.0,1,8.99
2738,济南,20-30万,商务,"品牌,价格,续航,舒适性",5,海豹,比亚迪,纯电动,229800,轿车,550.0,230.0,2,8.68
2739,济南,20-30万,商务,"品牌,价格,续航,舒适性",38,P7i,小鹏,纯电动,256900,轿车,706.0,203.0,3,7.99
2740,济南,20-30万,商务,"品牌,价格,续航,舒适性",47,007,极氪,纯电动,264000,轿车,688.0,229.0,4,7.53
2741,济南,20-30万,商务,"品牌,价格,续航,舒适性",66,SU7,小米,纯电动,257900,轿车,700.0,220.0,5,6.9
2742,济南,20-30万,商务,"品牌,价格,续航,舒适性",76,凯美瑞,丰田,燃油,208300,轿车,0,152.0,6,6.63
2743,济南,20-30万,商务,"品牌,价格,续航,舒适性",80,亚洲龙,丰田,油电混动,239800,轿车,0,131.0,7,6.1
2744,济南,20-30万,商务,"品牌,价格,续航,舒适性",81,雅阁,本田,油电混动,209800,轿车,0,143.0,8,5.47
2745,济南,20-30万,长途,"空间,舒适性,品牌,智能化",69,YU7,小米,纯电动,289900,SUV,830.0,320.0,1,9.07
2746,济南,20-30万,长途,"空间,舒适性,品牌,智能化",38,P7i,小鹏,纯电动,256900,轿车,706.0,203.0,2,8.54
2747,济南,20-30万,长途,"空间,舒适性,品牌,智能化",66,SU7,小米,纯电动,257900,轿车,700.0,220.0,3,8.03
2748,济南,20-30万,长途,"空间,舒适性,品牌,智能化",47,007,极氪,纯电动,264000,轿车,688.0,229.0,4,7.66
2749,济南,20-30万,长途,"空间,舒适性,品牌,智能化",48,X,极氪,纯电动,219000,SUV,670.0,200.0,5,7.2
2750,济南,20-30万,长途,"空间,舒适性,品牌,智能化",49,X YOU,极氪,纯电动,264000,SUV,670.0,200.0,6,6.48
2751,济南,20-30万,长途,"空间,舒适性,品牌,智能化",42,M5 EV,问界,纯电动,279800,SUV,620.0,165.0,7,5.81
2752,济南,20-30万,长途,"空间,舒适性,品牌,智能化",3,汉EV,比亚迪,纯电动,274800,轿车,605.0,180.0,8,5.58
2753,济南,20-30万,越野,"智能化,续航,空间,品牌",18,坦克300,长城,燃油,254800,SUV,0,167.0,1,8.81
2754,济南,20-30万,越野,"智能化,续航,空间,品牌",24,星途揽月,奇瑞,燃油,208900,SUV,0,192.0,2,8.49
2755,济南,20-30万,越野,"智能化,续航,空间,品牌",35,L6,理想,增程,299800,SUV,130.0,85.0,3,8.01
2756,济南,20-30万,越野,"智能化,续航,空间,品牌",36,G6,小鹏,纯电动,236900,SUV,580.0,218.0,4,7.63
2757,济南,20-30万,越野,"智能化,续航,空间,品牌",41,M5,问界,增程,294800,SUV,200.0,142.0,5,7.02
2758,济南,20-30万,越野,"智能化,续航,空间,品牌",42,M5 EV,问界,纯电动,279800,SUV,620.0,165.0,6,6.37
2759,济南,20-30万,越野,"智能化,续航,空间,品牌",48,X,极氪,纯电动,219000,SUV,670.0,200.0,7,5.84
2760,济南,20-30万,越野,"智能化,续航,空间,品牌",49,X YOU,极氪,纯电动,264000,SUV,670.0,200.0,8,5.32
2761,济南,30万以上,通勤,"动力,舒适性,品牌,价格",10,极氪001,吉利,纯电动,319000,轿车,741.0,310.0,1,9.05
2762,济南,30万以上,通勤,"动力,舒适性,品牌,价格",19,坦克500,长城,油电混动,365000,SUV,0,180.0,2,8.56
2763,济南,30万以上,通勤,"动力,舒适性,品牌,价格",26,ET5,蔚来,纯电动,323300,轿车,550.0,300.0,3,7.9
2764,济南,30万以上,通勤,"动力,舒适性,品牌,价格",27,ET7,蔚来,纯电动,497000,轿车,675.0,360.0,4,7.64
2765,济南,30万以上,通勤,"动力,舒适性,品牌,价格",28,ES6,蔚来,纯电动,402000,SUV,625.0,400.0,5,7.16
2766,济南,30万以上,通勤,"动力,舒适性,品牌,价格",29,ES8,蔚来,纯电动,587000,SUV,580.0,400.0,6,6.52
2767,济南,30万以上,通勤,"动力,舒适性,品牌,价格",30,全新蔚来ES6,蔚来,纯电动,402000,SUV,625.0,400.0,7,6.19
2768,济南,30万以上,通勤,"动力,舒适性,品牌,价格",31,L7,理想,增程,349800,SUV,210.0,110.0,8,5.33
2769,济南,30万以上,家用,"舒适性,性价比,品牌,智能化",10,极氪001,吉利,纯电动,319000,轿车,741.0,310.0,1,9.03
2770,济南,30万以上,家用,"舒适性,性价比,品牌,智能化",19,坦克500,长城,油电混动,365000,SUV,0,180.0,2,8.54
2771,济南,30万以上,家用,"舒适性,性价比,品牌,智能化",26,ET5,蔚来,纯电动,323300,轿车,550.0,300.0,3,8.15
2772,济南,30万以上,家用,"舒适性,性价比,品牌,智能化",27,ET7,蔚来,纯电动,497000,轿车,675.0,360.0,4,7.61
2773,济南,30万以上,家用,"舒适性,性价比,品牌,智能化",28,ES6,蔚来,纯电动,402000,SUV,625.0,400.0,5,6.98
2774,济南,30万以上,家用,"舒适性,性价比,品牌,智能化",29,ES8,蔚来,纯电动,587000,SUV,580.0,400.0,6,6.36
2775,济南,30万以上,家用,"舒适性,性价比,品牌,智能化",30,全新蔚来ES6,蔚来,纯电动,402000,SUV,625.0,400.0,7,5.84
2776,济南,30万以上,家用,"舒适性,性价比,品牌,智能化",31,L7,理想,增程,349800,SUV,210.0,110.0,8,5.69
2777,济南,30万以上,商务,"价格,舒适性,智能化,品牌",10,极氪001,吉利,纯电动,319000,轿车,741.0,310.0,1,9.05
2778,济南,30万以上,商务,"价格,舒适性,智能化,品牌",26,ET5,蔚来,纯电动,323300,轿车,550.0,300.0,2,8.69
2779,济南,30万以上,商务,"价格,舒适性,智能化,品牌",27,ET7,蔚来,纯电动,497000,轿车,675.0,360.0,3,8.17
2780,济南,30万以上,商务,"价格,舒适性,智能化,品牌",34,MEGA,理想,纯电动,579800,MPV,700.0,230.0,4,7.5
2781,济南,30万以上,商务,"价格,舒适性,智能化,品牌",39,X9,小鹏,纯电动,389900,MPV,702.0,230.0,5,7.13
2782,济南,30万以上,商务,"价格,舒适性,智能化,品牌",44,M8,问界,增程,379800,MPV,200.0,140.0,6,6.64
2783,济南,30万以上,商务,"价格,舒适性,智能化,品牌",46,001,极氪,纯电动,319000,轿车,741.0,310.0,7,6.19
2784,济南,30万以上,商务,"价格,舒适性,智能化,品牌",50,001 FR,极氪,纯电动,789000,轿车,550.0,1247.0,8,5.67
2785,济南,30万以上,长途,"智能化,动力,性价比,续航",70,YU7 Pro,小米,纯电动,364900,SUV,830.0,320.0,1,8.86
2786,济南,30万以上,长途,"智能化,动力,性价比,续航",10,极氪001,吉利,纯电动,319000,轿车,741.0,310.0,2,8.35
2787,济南,30万以上,长途,"智能化,动力,性价比,续航",46,001,极氪,纯电动,319000,轿车,741.0,310.0,3,8.18
2788,济南,30万以上,长途,"智能化,动力,性价比,续航",128,Model S,特斯拉,纯电动,853900,轿车,715.0,371.0,4,7.65
2789,济南,30万以上,长途,"智能化,动力,性价比,续航",37,G9,小鹏,纯电动,389900,SUV,702.0,316.0,5,7.01
2790,济南,30万以上,长途,"智能化,动力,性价比,续航",39,X9,小鹏,纯电动,389900,MPV,702.0,230.0,6,6.59
2791,济南,30万以上,长途,"智能化,动力,性价比,续航",34,MEGA,理想,纯电动,579800,MPV,700.0,230.0,7,5.89
2792,济南,30万以上,长途,"智能化,动力,性价比,续航",67,SU7 Max,小米,纯电动,334900,轿车,700.0,425.0,8,5.69
2793,济南,30万以上,越野,"舒适性,空间,价格,智能化",19,坦克500,长城,油电混动,365000,SUV,0,180.0,1,8.87
2794,济南,30万以上,越野,"舒适性,空间,价格,智能化",28,ES6,蔚来,纯电动,402000,SUV,625.0,400.0,2,8.62
2795,济南,30万以上,越野,"舒适性,空间,价格,智能化",29,ES8,蔚来,纯电动,587000,SUV,580.0,400.0,3,7.9
2796,济南,30万以上,越野,"舒适性,空间,价格,智能化",30,全新蔚来ES6,蔚来,纯电动,402000,SUV,625.0,400.0,4,7.32
2797,济南,30万以上,越野,"舒适性,空间,价格,智能化",31,L7,理想,增程,349800,SUV,210.0,110.0,5,6.99
2798,济南,30万以上,越野,"舒适性,空间,价格,智能化",32,L8,理想,增程,369800,SUV,210.0,110.0,6,6.49
2799,济南,30万以上,越野,"舒适性,空间,价格,智能化",33,L9,理想,增程,444800,SUV,210.0,110.0,7,5.84
2800,济南,30万以上,越野,"舒适性,空间,价格,智能化",37,G9,小鹏,纯电动,389900,SUV,702.0,316.0,8,5.64
